CustomerID,Transactions,Total_Spending,Avg_Spending,Total_Quantity,First_Purchase,Last_Purchase,Products,Lifetime_Days
12346.0,2,154367.2,77183.6,148430,2011-01-18 10:01:00,2011-01-18 10:17:00,1,1
12347.0,7,4310.0,23.681318681318682,2458,2010-12-07 14:57:00,2011-12-07 15:52:00,103,366
12348.0,4,1797.24,57.97548387096774,2341,2010-12-16 19:09:00,2011-09-25 13:13:00,22,283
12349.0,1,1757.55,24.076027397260273,631,2011-11-21 09:51:00,2011-11-21 09:51:00,73,1
12350.0,1,334.4,19.670588235294115,197,2011-02-02 16:01:00,2011-02-02 16:01:00,17,1
12352.0,11,3466.67,36.491263157894736,602,2011-02-16 12:33:00,2011-11-03 14:37:00,59,261
12353.0,1,89.0,22.25,20,2011-05-19 17:47:00,2011-05-19 17:47:00,4,1
12354.0,1,1079.4,18.610344827586207,530,2011-04-21 13:11:00,2011-04-21 13:11:00,58,1
12355.0,1,459.4,35.33846153846154,240,2011-05-09 13:49:00,2011-05-09 13:49:00,13,1
12356.0,3,2811.43,47.65135593220339,1591,2011-01-18 09:50:00,2011-11-17 08:40:00,53,303
12357.0,1,6207.67,47.38679389312977,2708,2011-11-06 16:07:00,2011-11-06 16:07:00,131,1
12358.0,2,1168.06,61.47684210526315,248,2011-07-12 10:04:00,2011-12-08 10:26:00,13,150
12359.0,6,6499.63,25.589094488188977,1632,2011-01-12 12:43:00,2011-12-02 11:21:00,214,324
12360.0,3,2662.06,20.63612403100775,1165,2011-05-23 09:43:00,2011-10-18 15:22:00,105,149
12361.0,1,189.9,18.990000000000002,91,2011-02-25 13:51:00,2011-02-25 13:51:00,10,1
12362.0,13,5297.88,19.335328467153285,2246,2011-02-17 10:30:00,2011-12-06 15:40:00,201,293
12364.0,4,1313.1,15.448235294117646,1506,2011-08-19 15:24:00,2011-12-02 10:22:00,70,105
12365.0,3,962.0699999999999,41.829130434782606,175,2011-02-21 13:51:00,2011-02-21 14:04:00,22,1
12367.0,1,168.9,15.354545454545455,173,2011-12-05 16:48:00,2011-12-05 16:48:00,11,1
12370.0,4,3545.69,21.231676646706585,2353,2010-12-14 12:58:00,2011-10-19 14:51:00,143,310
12371.0,2,1887.96,29.96761904761905,591,2011-10-11 10:43:00,2011-10-26 10:16:00,63,15
12372.0,3,1298.04,24.962307692307693,794,2011-02-16 12:46:00,2011-09-29 12:12:00,34,225
12373.0,1,364.6,26.042857142857144,197,2011-02-01 13:10:00,2011-02-01 13:10:00,14,1
12374.0,1,742.9300000000001,22.513030303030305,342,2011-11-14 15:37:00,2011-11-14 15:37:00,33,1
12375.0,3,459.58000000000004,25.532222222222224,179,2011-09-02 14:23:00,2011-12-07 11:27:00,14,96
12377.0,2,1628.12,21.144415584415583,944,2010-12-20 09:37:00,2011-01-28 15:45:00,72,40
12378.0,1,4008.62,18.30420091324201,2529,2011-08-02 10:34:00,2011-08-02 10:34:00,219,1
12379.0,3,854.19,20.833902439024392,408,2011-06-22 16:32:00,2011-09-19 10:09:00,39,89
12380.0,5,2729.06,25.99104761904762,1128,2011-06-07 09:49:00,2011-11-18 11:27:00,77,165
12381.0,6,1886.66,20.732527472527472,833,2011-08-12 09:57:00,2011-12-05 12:44:00,70,116
12383.0,6,1861.81,18.6181,1535,2010-12-22 14:28:00,2011-06-08 08:02:00,84,168
12384.0,3,604.38,20.146,131,2011-08-10 11:23:00,2011-11-11 08:39:00,26,93
12386.0,2,401.9,40.19,354,2010-12-08 09:53:00,2011-01-06 12:37:00,10,30
12388.0,6,2780.66,27.8066,1462,2011-01-17 11:12:00,2011-11-24 12:30:00,57,312
12390.0,1,549.84,17.1825,353,2011-09-21 09:33:00,2011-09-21 09:33:00,32,1
12391.0,1,460.89,4.6089,300,2011-11-18 12:07:00,2011-11-18 12:07:00,92,1
12393.0,4,1582.6000000000001,24.728125000000002,816,2011-01-11 09:47:00,2011-09-28 15:41:00,47,261
12394.0,2,1272.48,47.12888888888889,819,2011-05-06 14:01:00,2011-10-07 08:08:00,26,154
12395.0,15,3038.98,19.11308176100629,2123,2010-12-03 16:35:00,2011-11-24 12:20:00,91,356
12397.0,2,2409.9,19.126190476190477,1263,2011-07-27 14:21:00,2011-11-04 09:52:00,110,100
12398.0,1,1635.6599999999999,19.24305882352941,1394,2011-10-25 10:27:00,2011-10-25 10:27:00,85,1
12399.0,4,1108.65,18.790677966101697,1178,2011-03-23 09:42:00,2011-08-12 13:15:00,47,143
12401.0,1,84.3,16.86,11,2011-02-09 13:50:00,2011-02-09 13:50:00,5,1
12402.0,1,225.6,20.509090909090908,94,2011-01-20 13:49:00,2011-01-20 13:49:00,11,1
12403.0,2,445.7,74.28333333333333,97,2011-10-21 10:51:00,2011-10-21 11:00:00,5,1
12405.0,1,1710.39,31.67388888888889,857,2011-07-14 08:52:00,2011-07-14 08:52:00,54,1
12406.0,3,3549.85,32.868981481481484,1827,2011-06-09 10:23:00,2011-11-17 19:22:00,92,162
12407.0,5,1708.1200000000001,22.183376623376624,1416,2011-03-20 13:21:00,2011-10-21 10:11:00,57,215
12408.0,9,2934.5299999999997,25.96929203539823,1419,2011-03-24 14:46:00,2011-11-07 12:30:00,81,228
12409.0,7,11088.41,97.26675438596492,5559,2011-06-10 12:19:00,2011-09-22 10:38:00,91,104
12410.0,3,705.5799999999999,25.19928571428571,213,2011-02-04 10:38:00,2011-02-11 15:47:00,26,8
12412.0,3,1226.88,20.112786885245903,829,2011-06-23 13:51:00,2011-09-26 10:16:00,43,95
12413.0,5,822.0500000000001,20.551250000000003,290,2011-01-06 16:12:00,2011-10-04 09:00:00,29,271
12414.0,3,562.41,31.244999999999997,300,2011-02-02 14:51:00,2011-05-06 14:51:00,16,94
12415.0,26,126912.65,163.12679948586117,78098,2011-01-06 11:12:00,2011-11-15 14:22:00,444,314
12417.0,12,3719.4,18.784848484848485,1565,2010-12-17 11:51:00,2011-12-06 14:52:00,158,355
12418.0,1,668.58,19.664117647058823,407,2011-08-19 11:08:00,2011-08-19 11:08:00,34,1
12420.0,1,600.39,20.70310344827586,345,2011-10-07 08:55:00,2011-10-07 08:55:00,29,1
12421.0,5,807.8100000000001,17.56108695652174,485,2011-01-24 15:09:00,2011-11-24 09:07:00,33,304
12422.0,3,803.5600000000001,20.604102564102565,370,2011-01-19 09:13:00,2011-09-05 09:48:00,39,230
12423.0,9,1869.51,14.837380952380952,1351,2010-12-21 10:54:00,2011-12-09 10:10:00,97,353
12424.0,2,1760.96,58.69866666666667,740,2011-06-30 12:06:00,2011-06-30 12:06:00,30,1
12425.0,1,777.2,21.58888888888889,496,2011-09-22 17:31:00,2011-09-22 17:31:00,36,1
12426.0,1,582.73,19.424333333333333,258,2011-05-29 12:26:00,2011-05-29 12:26:00,30,1
12427.0,5,943.23,26.949428571428573,830,2010-12-03 10:44:00,2011-11-28 10:48:00,26,361
12428.0,12,8035.72,26.785733333333333,3569,2011-03-01 09:33:00,2011-11-14 08:22:00,258,258
12429.0,4,3750.4,38.66391752577319,1557,2010-12-09 12:05:00,2011-11-30 17:22:00,82,357
12430.0,1,256.4,23.30909090909091,117,2011-10-27 15:09:00,2011-10-27 15:09:00,11,1
12431.0,18,6583.47,27.431125,2968,2010-12-01 10:03:00,2011-11-04 11:55:00,163,339
12432.0,5,5059.32,46.845555555555556,1801,2011-06-20 13:27:00,2011-10-28 11:43:00,107,130
12433.0,7,13375.87,31.847309523809525,11071,2010-12-01 13:24:00,2011-12-09 10:02:00,219,373
12434.0,4,847.09,15.686851851851852,415,2010-12-14 11:12:00,2011-09-16 12:38:00,49,277
12435.0,2,7829.89,217.49694444444447,2055,2011-03-17 07:40:00,2011-09-21 09:06:00,31,189
12436.0,1,509.01,31.813125,211,2011-09-01 12:09:00,2011-09-01 12:09:00,16,1
12437.0,19,9167.220000000001,45.60805970149254,2928,2011-01-12 14:13:00,2011-12-08 11:35:00,119,330
12438.0,2,2906.85,29.66173469387755,1180,2011-07-22 13:29:00,2011-11-25 13:28:00,84,126
12441.0,1,173.55,15.77727272727273,121,2010-12-08 10:45:00,2010-12-08 10:45:00,11,1
12442.0,1,172.06,14.338333333333333,182,2011-12-06 14:22:00,2011-12-06 14:22:00,12,1
12444.0,5,5025.36,28.39186440677966,1155,2011-06-21 14:00:00,2011-11-18 13:23:00,138,150
12445.0,1,133.4,33.35,62,2011-11-17 18:43:00,2011-11-17 18:43:00,4,1
12446.0,1,1003.5600000000001,17.302758620689655,352,2011-10-13 12:50:00,2011-10-13 12:50:00,58,1
12447.0,1,476.49,18.326538461538462,190,2011-04-10 13:25:00,2011-04-10 13:25:00,26,1
12448.0,1,449.45,20.429545454545455,243,2011-10-26 13:46:00,2011-10-26 13:46:00,22,1
12449.0,4,4067.29,21.294712041884818,1553,2011-06-05 15:37:00,2011-11-17 13:46:00,118,165
12450.0,2,197.88,24.735,128,2011-06-19 14:36:00,2011-07-06 14:41:00,7,18
12451.0,6,9137.52,25.73949295774648,6695,2011-01-19 09:05:00,2011-11-29 08:40:00,265,314
12452.0,3,432.57,18.807391304347824,187,2011-11-23 08:05:00,2011-11-23 10:28:00,21,1
12453.0,1,707.09,16.443953488372095,473,2011-07-28 14:08:00,2011-07-28 14:08:00,43,1
12454.0,2,7056.679999999999,235.22266666666664,2012,2011-10-14 17:13:00,2011-10-17 15:07:00,15,3
12455.0,6,2466.86,27.409555555555556,2089,2011-02-16 09:56:00,2011-09-27 15:31:00,85,224
12456.0,4,3208.19,24.86968992248062,1650,2011-03-30 09:12:00,2011-10-26 14:41:00,105,211
12457.0,12,2816.33,41.41661764705882,993,2011-04-14 18:57:00,2011-10-12 13:46:00,53,181
12458.0,2,947.4,24.931578947368422,506,2011-02-28 10:55:00,2011-09-29 15:25:00,35,214
12461.0,2,826.88,23.62514285714286,287,2011-07-08 10:23:00,2011-09-06 16:57:00,35,61
12462.0,4,1255.17,17.432916666666667,558,2011-02-09 14:44:00,2011-12-07 14:02:00,51,301
12463.0,7,1385.93,15.749204545454546,795,2011-04-12 12:47:00,2011-10-24 13:43:00,66,196
12464.0,8,1212.05,41.79482758620689,112,2011-02-03 13:30:00,2011-11-29 13:33:00,6,300
12465.0,3,750.49,14.71549019607843,483,2011-06-23 13:37:00,2011-12-02 11:34:00,46,162
12468.0,3,735.0400000000001,18.376,368,2011-01-27 13:29:00,2011-07-19 13:42:00,36,174
12471.0,49,20907.18,39.37322033898305,8459,2010-12-02 10:37:00,2011-12-07 15:43:00,152,371
12472.0,13,6914.74,17.684757033248083,4276,2010-12-01 14:33:00,2011-11-09 11:33:00,226,343
12473.0,9,5028.87,28.094245810055867,2515,2011-06-01 10:15:00,2011-11-10 13:48:00,140,163
12474.0,30,7635.11,16.70702407002188,4930,2010-12-06 12:00:00,2011-11-22 14:39:00,253,352
12475.0,1,723.38,20.093888888888888,535,2011-10-17 10:10:00,2011-10-17 10:10:00,36,1
12476.0,20,7086.26,26.84189393939394,2479,2010-12-13 14:37:00,2011-12-08 14:08:00,177,360
12477.0,9,13322.47,43.25477272727272,3686,2011-02-01 11:09:00,2011-11-17 09:51:00,192,289
12478.0,1,680.99,18.91638888888889,236,2011-12-06 09:56:00,2011-12-06 09:56:00,36,1
12479.0,3,577.1,16.48857142857143,419,2011-11-28 13:26:00,2011-12-06 09:25:00,31,8
12480.0,4,3281.63,21.309285714285714,1707,2011-01-07 15:27:00,2011-11-11 14:52:00,129,308
12481.0,11,5601.78,25.69623853211009,3318,2010-12-09 10:13:00,2011-11-17 08:29:00,150,343
12483.0,13,2642.83,32.62753086419753,1123,2011-01-04 14:20:00,2011-11-22 17:03:00,46,323
12484.0,8,4588.17,13.109057142857143,2197,2011-01-07 14:04:00,2011-11-07 11:37:00,256,304
12488.0,3,1298.66,23.612000000000002,529,2011-09-25 10:34:00,2011-11-30 08:50:00,46,66
12489.0,1,334.93,22.328666666666667,105,2011-01-07 13:13:00,2011-01-07 13:13:00,15,1
12490.0,10,5417.93,22.114,3064,2011-01-14 09:13:00,2011-12-04 16:07:00,131,325
12491.0,1,460.40000000000003,17.70769230769231,260,2011-11-01 12:18:00,2011-11-01 12:18:00,25,1
12492.0,2,263.21000000000004,13.160500000000003,192,2011-08-26 14:51:00,2011-10-07 15:15:00,19,43
12493.0,3,450.69,19.59521739130435,208,2011-05-26 14:53:00,2011-06-27 10:17:00,20,32
12494.0,13,1352.8500000000001,16.105357142857144,724,2010-12-09 11:31:00,2011-11-30 09:21:00,63,356
12497.0,1,1043.1,74.50714285714285,1236,2011-09-19 12:29:00,2011-09-19 12:29:00,14,1
12498.0,3,403.70000000000005,17.55217391304348,159,2011-10-13 09:30:00,2011-11-18 12:53:00,21,37
12500.0,13,4309.37,66.298,2685,2011-01-10 09:48:00,2011-11-16 16:20:00,34,311
12501.0,2,2249.1,14.056875,1844,2011-01-07 12:28:00,2011-01-28 13:54:00,149,22
12502.0,5,3723.87,25.332448979591835,820,2011-02-03 10:41:00,2011-09-05 11:52:00,102,215
12503.0,1,1126.0,1126.0,1,2011-01-06 11:51:00,2011-01-06 11:51:00,1,1
12504.0,4,850.0999999999999,56.673333333333325,129,2011-11-09 14:56:00,2011-11-21 16:02:00,6,13
12505.0,1,4.5,4.5,1,2011-02-11 13:39:00,2011-02-11 13:39:00,1,1
12506.0,1,73.5,3.1956521739130435,23,2011-04-21 08:54:00,2011-04-21 08:54:00,23,1
12507.0,4,1398.31,60.796086956521734,916,2011-02-14 09:24:00,2011-07-28 17:09:00,19,165
12508.0,2,398.27,5.772028985507246,272,2011-11-10 16:27:00,2011-11-13 15:37:00,57,3
12509.0,1,176.5,25.214285714285715,55,2011-02-28 14:45:00,2011-02-28 14:45:00,7,1
12510.0,2,982.5699999999999,29.774848484848484,353,2011-01-18 14:04:00,2011-07-20 10:15:00,29,183
12512.0,2,138.03,4.059705882352941,99,2011-10-04 14:53:00,2011-10-04 14:55:00,31,1
12513.0,2,637.79,17.716388888888886,468,2011-08-19 10:51:00,2011-09-16 12:45:00,35,29
12514.0,1,1017.68,19.954509803921567,440,2011-03-17 16:38:00,2011-03-17 16:38:00,51,1
12515.0,1,383.7,23.98125,131,2010-12-21 15:43:00,2010-12-21 15:43:00,16,1
12516.0,2,1312.06,50.46384615384615,875,2011-06-12 11:37:00,2011-09-23 09:13:00,20,103
12517.0,6,2540.79,8.883881118881119,1394,2011-06-02 15:13:00,2011-11-11 14:04:00,232,162
12518.0,5,2056.89,16.58782258064516,1318,2011-08-21 13:18:00,2011-12-09 10:13:00,84,110
12519.0,1,340.84,18.935555555555553,183,2011-10-07 09:26:00,2011-10-07 09:26:00,17,1
12520.0,6,2686.01,17.329096774193548,1448,2011-03-11 11:35:00,2011-09-21 15:23:00,121,195
12521.0,1,599.68,15.781052631578946,309,2011-07-20 10:51:00,2011-07-20 10:51:00,38,1
12522.0,2,192.72,16.06,194,2011-10-19 14:41:00,2011-10-31 15:30:00,11,13
12523.0,13,1833.97,16.672454545454546,869,2011-01-12 09:43:00,2011-12-08 11:46:00,84,331
12524.0,8,4485.72,31.150833333333335,3699,2011-01-10 10:35:00,2011-11-30 15:31:00,113,325
12526.0,3,1316.66,18.54450704225352,632,2011-09-06 14:19:00,2011-12-09 12:09:00,64,94
12527.0,3,348.71000000000004,19.37277777777778,234,2011-01-18 12:05:00,2011-09-19 11:55:00,18,244
12528.0,8,1944.68,20.470315789473684,762,2011-01-31 09:05:00,2011-11-30 14:40:00,50,304
12530.0,5,1700.93,25.013676470588237,926,2011-01-07 10:04:00,2011-10-11 12:34:00,51,278
12531.0,1,125.22,7.365882352941177,45,2011-11-25 11:12:00,2011-11-25 11:12:00,17,1
12532.0,1,349.83000000000004,21.864375000000003,153,2011-11-09 13:47:00,2011-11-09 13:47:00,16,1
12534.0,1,1089.18,17.28857142857143,651,2011-08-01 10:26:00,2011-08-01 10:26:00,63,1
12535.0,2,716.35,21.069117647058825,219,2011-06-06 12:47:00,2011-09-09 08:48:00,28,95
12536.0,5,21096.84,77.2778021978022,2954,2011-10-11 14:52:00,2011-12-02 12:43:00,260,52
12538.0,1,363.95,17.33095238095238,191,2011-11-10 17:16:00,2011-11-10 17:16:00,21,1
12539.0,5,7284.2,26.584671532846716,2068,2011-01-10 09:11:00,2011-11-17 13:30:00,158,312
12540.0,19,13491.44,28.04873180873181,6693,2010-12-13 09:39:00,2011-11-20 11:31:00,278,343
12541.0,3,981.18,18.868846153846153,680,2011-03-04 09:32:00,2011-11-10 10:40:00,46,252
12544.0,2,389.7,19.485,140,2011-11-03 16:15:00,2011-11-10 11:12:00,19,7
12545.0,2,1000.39,20.0078,523,2011-03-25 12:04:00,2011-09-25 13:39:00,42,185
12546.0,3,1181.5,16.87857142857143,649,2011-09-23 09:44:00,2011-10-24 12:09:00,59,32
12547.0,2,207.79999999999998,25.974999999999998,134,2011-03-04 12:46:00,2011-05-26 12:38:00,7,83
12548.0,1,95.19999999999999,19.04,49,2011-06-26 15:35:00,2011-06-26 15:35:00,5,1
12550.0,1,964.83,16.92684210526316,569,2011-09-21 14:35:00,2011-09-21 14:35:00,57,1
12551.0,1,168.0,16.8,100,2010-12-17 11:23:00,2010-12-17 11:23:00,10,1
12552.0,2,437.82,21.891,88,2011-10-31 12:11:00,2011-11-01 10:02:00,20,1
12553.0,14,3732.31,19.042397959183674,2006,2011-01-14 10:42:00,2011-12-01 16:38:00,95,322
12556.0,2,603.71,4.989338842975207,358,2011-07-11 13:35:00,2011-10-20 13:06:00,100,101
12557.0,5,11990.960000000001,363.36242424242425,4384,2010-12-03 12:20:00,2011-11-23 16:59:00,15,356
12558.0,2,539.92,24.54181818181818,392,2011-12-02 10:41:00,2011-12-08 10:14:00,11,6
12559.0,3,587.21,26.691363636363636,285,2011-01-24 10:12:00,2011-02-02 09:49:00,21,9
12560.0,4,2166.63,19.51918918918919,1142,2011-07-19 15:55:00,2011-12-04 13:54:00,92,138
12561.0,1,238.85,14.928125,177,2011-02-10 11:39:00,2011-02-10 11:39:00,16,1
12562.0,7,3781.7400000000002,22.510357142857146,1779,2011-05-25 12:44:00,2011-12-01 17:20:00,99,191
12564.0,1,456.9,21.757142857142856,133,2011-03-23 14:55:00,2011-03-23 14:55:00,21,1
12565.0,2,160.67,16.067,85,2011-02-24 10:34:00,2011-03-03 11:43:00,9,8
12566.0,2,356.6,17.830000000000002,266,2011-09-14 14:30:00,2011-09-28 09:57:00,19,14
12567.0,11,9687.62,20.923585313174947,4521,2010-12-05 11:57:00,2011-11-17 11:02:00,323,347
12569.0,35,4184.39,21.907801047120422,1809,2011-04-01 13:47:00,2011-12-07 16:24:00,92,251
12571.0,2,519.61,15.28264705882353,523,2011-08-10 12:35:00,2011-10-31 10:19:00,31,82
12572.0,3,1036.1200000000001,16.71161290322581,454,2011-10-19 08:20:00,2011-12-01 09:20:00,53,44
12573.0,1,160.54000000000002,5.733571428571429,84,2011-04-26 15:52:00,2011-04-26 15:52:00,26,1
12574.0,1,218.45,19.85909090909091,61,2011-01-28 09:20:00,2011-01-28 09:20:00,11,1
12576.0,6,1324.68,14.884044943820225,970,2011-02-08 11:31:00,2011-11-04 10:11:00,72,269
12577.0,4,720.2,4.866216216216216,478,2010-12-15 16:21:00,2011-11-04 13:28:00,137,324
12578.0,4,2835.66,23.630499999999998,1221,2011-01-05 10:46:00,2011-11-18 13:30:00,112,318
12579.0,3,470.12,15.165161290322581,292,2011-09-22 17:15:00,2011-09-27 13:57:00,29,5
12580.0,1,415.7,17.320833333333333,238,2011-04-07 10:24:00,2011-04-07 10:24:00,24,1
12581.0,1,197.71,13.180666666666667,161,2011-10-31 08:56:00,2011-10-31 08:56:00,15,1
12582.0,2,511.36,23.243636363636366,300,2011-02-24 11:42:00,2011-04-15 08:45:00,21,50
12583.0,18,7375.42,29.38414342629482,5111,2010-12-01 08:45:00,2011-12-07 08:07:00,115,371
12584.0,18,2782.35,22.082142857142856,478,2011-03-04 15:15:00,2011-12-06 09:35:00,44,277
12585.0,4,2097.39,21.622577319587627,1300,2010-12-23 12:58:00,2011-04-19 13:39:00,77,118
12586.0,2,213.94000000000003,17.828333333333337,81,2010-12-06 09:31:00,2011-11-22 16:24:00,12,352
12587.0,1,144.0,36.0,51,2011-12-02 12:47:00,2011-12-02 12:47:00,4,1
12588.0,1,214.89999999999998,21.49,53,2011-10-31 15:01:00,2011-10-31 15:01:00,10,1
12589.0,2,646.68,18.47657142857143,306,2011-07-18 12:05:00,2011-11-11 10:19:00,29,116
12590.0,3,9867.14,140.95914285714284,4287,2011-05-12 14:46:00,2011-06-02 14:25:00,68,21
12591.0,1,452.84999999999997,17.41730769230769,228,2011-01-26 14:35:00,2011-01-26 14:35:00,26,1
12592.0,2,437.6,24.311111111111114,290,2011-05-10 13:44:00,2011-09-08 15:04:00,11,122
12593.0,3,418.09999999999997,19.909523809523808,206,2011-05-05 09:29:00,2011-08-23 12:43:00,14,111
12594.0,11,3356.2200000000003,28.20352941176471,1778,2011-01-21 09:52:00,2011-11-02 12:20:00,50,286
12596.0,2,618.27,22.898888888888887,474,2011-04-11 13:22:00,2011-10-19 13:02:00,25,191
12597.0,5,3939.31,18.40799065420561,2285,2011-03-16 14:00:00,2011-11-20 13:33:00,184,249
12598.0,9,3043.48,22.883308270676693,1988,2011-02-28 11:58:00,2011-11-30 12:18:00,84,276
12599.0,7,1032.58,16.654516129032256,956,2011-02-08 13:28:00,2011-11-10 13:34:00,32,276
12600.0,11,2617.04,40.26215384615384,775,2010-12-03 12:57:00,2011-11-11 10:29:00,32,343
12601.0,6,584.5600000000001,20.157241379310346,246,2011-01-11 10:38:00,2011-06-03 10:17:00,21,143
12602.0,1,153.12,12.76,162,2011-10-12 11:22:00,2011-10-12 11:22:00,12,1
12603.0,1,779.66,259.88666666666666,64,2011-11-18 10:42:00,2011-11-18 10:42:00,3,1
12604.0,2,254.18,15.88625,201,2011-03-23 12:06:00,2011-09-21 14:08:00,15,183
12605.0,1,7.5,2.5,4,2010-12-09 15:41:00,2010-12-09 15:41:00,3,1
12607.0,2,3159.02,15.63871287128713,2456,2011-10-10 16:06:00,2011-10-12 16:17:00,101,3
12609.0,3,1126.85,18.78083333333333,648,2011-01-25 15:13:00,2011-09-22 16:34:00,57,241
12610.0,7,2141.09,19.2890990990991,1070,2011-08-05 13:52:00,2011-11-17 09:34:00,85,104
12611.0,1,1193.32,18.35876923076923,846,2011-10-18 13:12:00,2011-10-18 13:12:00,65,1
12612.0,2,764.49,36.40428571428571,273,2011-09-26 15:35:00,2011-10-13 12:12:00,19,17
12613.0,6,3469.78,21.286993865030677,1692,2011-03-22 15:42:00,2011-11-08 13:30:00,124,231
12614.0,1,315.6,15.780000000000001,76,2011-03-07 10:22:00,2011-03-07 10:22:00,20,1
12615.0,4,2291.19,21.820857142857143,1376,2011-06-24 13:35:00,2011-12-07 15:02:00,82,167
12616.0,5,769.35,21.370833333333334,295,2011-02-15 14:17:00,2011-09-15 17:02:00,25,213
12617.0,1,355.53,8.465,213,2011-11-10 14:39:00,2011-11-10 14:39:00,39,1
12618.0,1,177.31,16.11909090909091,96,2011-11-18 11:10:00,2011-11-18 11:10:00,11,1
12619.0,13,4067.67,42.817578947368425,3402,2011-03-31 13:10:00,2011-11-23 14:52:00,50,238
12620.0,3,1339.41,14.558804347826088,1181,2011-05-19 12:10:00,2011-11-25 10:20:00,89,190
12621.0,23,13767.27,29.04487341772152,7476,2010-12-09 10:16:00,2011-12-08 11:25:00,261,365
12622.0,1,180.1,16.37272727272727,69,2011-04-21 16:39:00,2011-04-21 16:39:00,11,1
12623.0,1,305.1,16.950000000000003,191,2011-03-08 13:50:00,2011-03-08 13:50:00,18,1
12624.0,2,641.13,16.87184210526316,355,2011-06-15 12:34:00,2011-08-25 15:04:00,36,72
12625.0,3,2753.32,30.256263736263737,1647,2011-01-24 13:27:00,2011-05-12 09:54:00,74,108
12626.0,13,6852.61,22.321205211726383,3556,2011-01-17 11:01:00,2011-11-16 16:06:00,232,304
12627.0,7,4478.53,19.47186956521739,2752,2011-07-22 13:59:00,2011-11-29 12:07:00,162,130
12628.0,4,803.3100000000001,18.681627906976747,451,2011-10-06 09:28:00,2011-12-05 13:15:00,34,61
12630.0,2,1270.88,19.8575,548,2011-10-27 10:41:00,2011-11-30 10:48:00,60,35
12631.0,1,640.5,20.661290322580644,236,2011-10-13 13:53:00,2011-10-13 13:53:00,31,1
12633.0,5,2187.33,21.23621359223301,1175,2011-02-25 08:44:00,2011-10-12 11:40:00,73,230
12635.0,2,1689.18,16.724554455445546,1172,2011-07-08 08:43:00,2011-09-11 11:04:00,96,66
12637.0,10,6090.55,15.458248730964467,3014,2011-01-20 10:47:00,2011-10-03 13:46:00,205,257
12638.0,1,671.69,17.222820512820515,577,2011-11-06 13:11:00,2011-11-06 13:11:00,39,1
12639.0,1,486.1,22.095454545454547,201,2011-04-15 12:48:00,2011-04-15 12:48:00,22,1
12640.0,3,1174.58,22.16188679245283,311,2011-09-19 12:01:00,2011-11-16 11:52:00,47,58
12641.0,1,185.9,18.59,72,2011-08-16 13:26:00,2011-08-16 13:26:00,10,1
12642.0,3,1013.26,21.558723404255318,552,2011-08-24 09:23:00,2011-11-14 15:03:00,39,83
12643.0,6,3344.64,139.35999999999999,1808,2011-01-11 11:48:00,2011-08-03 12:56:00,11,205
12644.0,1,477.91,15.416451612903227,325,2011-08-02 10:33:00,2011-08-02 10:33:00,31,1
12645.0,5,1794.98,24.256486486486487,1096,2011-01-27 13:08:00,2011-11-06 12:38:00,58,283
12646.0,2,1346.97,29.932666666666666,897,2011-10-21 12:52:00,2011-12-05 10:14:00,43,45
12647.0,13,3783.67,29.559921875,1444,2010-12-05 14:02:00,2011-11-17 12:56:00,79,347
12648.0,1,318.05,15.145238095238096,160,2011-07-08 11:55:00,2011-07-08 11:55:00,21,1
12649.0,4,643.31,19.494242424242422,598,2010-12-09 14:42:00,2011-08-24 14:41:00,30,258
12650.0,1,314.44,15.722,254,2011-12-06 16:34:00,2011-12-06 16:34:00,20,1
12651.0,1,114.0,12.666666666666666,78,2011-01-09 12:46:00,2011-01-09 12:46:00,9,1
12652.0,2,925.4300000000001,18.145686274509806,508,2011-01-12 15:00:00,2011-01-21 17:01:00,48,10
12653.0,2,2209.85,51.391860465116274,919,2011-02-16 10:53:00,2011-07-14 10:41:00,37,148
12654.0,5,601.98,15.841578947368422,264,2011-02-17 13:16:00,2011-11-29 10:10:00,31,285
12656.0,8,4119.62,31.689384615384615,1738,2011-04-11 09:45:00,2011-11-22 13:42:00,89,226
12657.0,5,2134.3,38.112500000000004,1434,2011-09-22 11:40:00,2011-11-28 15:47:00,35,68
12658.0,1,686.05,19.056944444444444,320,2011-11-21 10:22:00,2011-11-21 10:22:00,36,1
12659.0,1,91.68,18.336000000000002,105,2011-11-10 11:53:00,2011-11-10 11:53:00,5,1
12660.0,1,245.1,18.853846153846153,127,2011-11-28 13:26:00,2011-11-28 13:26:00,13,1
12662.0,12,3882.48,16.734827586206897,2076,2010-12-01 13:04:00,2011-12-09 11:59:00,129,373
12664.0,10,4899.88,128.9442105263158,1204,2011-01-21 11:42:00,2011-12-01 17:07:00,10,315
12665.0,2,64.25,16.0625,38,2011-01-12 09:41:00,2011-01-19 08:34:00,3,7
12666.0,1,227.44,113.72,56,2010-12-15 14:42:00,2010-12-15 14:42:00,2,1
12667.0,1,620.13,18.791818181818183,395,2011-10-12 17:00:00,2011-10-12 17:00:00,33,1
12668.0,6,3871.12,23.042380952380952,1673,2010-12-19 12:46:00,2011-12-02 15:10:00,115,349
12669.0,4,3880.33,38.042450980392154,1116,2011-03-28 10:15:00,2011-07-12 09:54:00,98,106
12670.0,6,3005.95,31.9781914893617,1403,2011-04-21 10:16:00,2011-11-29 15:23:00,58,223
12672.0,1,225.89999999999998,22.589999999999996,78,2011-01-14 09:20:00,2011-01-14 09:20:00,10,1
12673.0,2,610.52,14.536190476190475,351,2011-01-17 11:46:00,2011-12-04 13:55:00,42,322
12674.0,7,2021.89,22.21857142857143,1164,2011-05-16 09:10:00,2011-11-28 12:22:00,52,197
12676.0,6,1331.39,29.586444444444446,670,2011-02-01 15:41:00,2011-11-15 12:25:00,33,287
12678.0,13,17668.66,105.80035928143712,10947,2010-12-21 11:00:00,2011-10-28 13:04:00,105,312
12679.0,9,1167.3700000000001,20.84589285714286,578,2011-03-01 12:26:00,2011-10-18 13:43:00,45,232
12680.0,4,862.81,16.592499999999998,443,2011-08-18 15:44:00,2011-12-09 12:50:00,33,113
12681.0,27,13897.49,21.51314241486068,7554,2010-12-07 10:08:00,2011-11-25 11:35:00,267,354
12682.0,31,12288.22,23.406133333333333,5575,2010-12-03 13:59:00,2011-12-06 10:00:00,209,368
12683.0,20,8732.05,24.121685082872926,5071,2010-12-09 10:37:00,2011-12-05 16:31:00,177,362
12684.0,7,2283.63,21.748857142857144,1985,2011-05-10 12:55:00,2011-12-02 09:53:00,61,206
12685.0,6,2863.08,18.236178343949042,1523,2011-09-07 10:28:00,2011-11-11 13:46:00,117,66
12686.0,1,89.14,12.734285714285715,107,2010-12-03 09:51:00,2010-12-03 09:51:00,7,1
12688.0,1,4873.8099999999995,28.501812865497072,3028,2011-08-18 08:49:00,2011-08-18 08:49:00,171,1
12689.0,2,1247.61,17.327916666666667,628,2011-08-04 10:04:00,2011-11-14 08:31:00,57,102
12690.0,1,389.01,24.313125,106,2011-05-18 09:09:00,2011-05-18 09:09:00,16,1
12691.0,6,1035.8,32.36875,394,2010-12-17 14:46:00,2011-11-11 16:49:00,21,330
12693.0,6,880.86,21.48439024390244,260,2011-01-24 12:58:00,2011-08-11 09:16:00,35,199
12694.0,2,869.67,23.504594594594593,509,2011-06-09 17:48:00,2011-09-30 13:06:00,32,113
12695.0,4,582.1,21.55925925925926,220,2011-05-13 13:15:00,2011-12-02 13:22:00,23,204
12697.0,5,976.16,22.70139534883721,517,2011-06-23 15:44:00,2011-11-18 16:17:00,37,149
12700.0,6,5011.99,18.562925925925924,2971,2011-05-08 16:10:00,2011-12-02 10:49:00,193,208
12701.0,2,797.71,15.051132075471699,678,2011-04-11 13:02:00,2011-09-21 10:47:00,50,163
12702.0,1,219.0,18.25,53,2011-11-20 10:36:00,2011-11-20 10:36:00,12,1
12703.0,2,292.4,13.29090909090909,167,2011-09-29 17:52:00,2011-10-06 19:23:00,21,8
12704.0,10,2460.84,27.34266666666667,1009,2011-06-23 10:20:00,2011-12-02 13:15:00,64,163
12705.0,14,6922.34,19.8917816091954,4021,2010-12-17 15:58:00,2011-11-24 13:17:00,228,342
12707.0,1,603.42,18.285454545454545,256,2011-02-21 08:38:00,2011-02-21 08:38:00,33,1
12708.0,16,2809.5,16.146551724137932,1344,2010-12-06 10:43:00,2011-11-10 09:52:00,86,339
12709.0,26,10178.94,39.606770428015565,4040,2010-12-08 09:49:00,2011-12-06 16:42:00,103,364
12710.0,4,1167.47,14.778101265822785,853,2011-05-22 14:05:00,2011-09-04 12:00:00,75,105
12712.0,17,4550.63,32.04669014084507,1080,2010-12-03 14:30:00,2011-11-17 09:15:00,59,349
12713.0,1,848.55,22.330263157894734,508,2011-12-09 12:16:00,2011-12-09 12:16:00,38,1
12714.0,5,4708.86,18.18092664092664,3069,2011-02-18 10:53:00,2011-11-30 15:43:00,216,286
12715.0,1,353.86,16.85047619047619,197,2011-08-25 15:22:00,2011-08-25 15:22:00,20,1
12716.0,2,1053.49,15.267971014492753,708,2011-07-29 13:28:00,2011-12-06 08:55:00,60,130
12717.0,3,1080.98,19.303214285714287,507,2011-04-08 10:32:00,2011-07-11 14:51:00,49,95
12718.0,1,238.25,12.539473684210526,203,2011-09-29 16:38:00,2011-09-29 16:38:00,19,1
12719.0,3,681.8000000000001,16.233333333333334,387,2011-10-05 14:50:00,2011-12-04 13:45:00,34,60
12720.0,29,5850.18,16.29576601671309,4690,2010-12-05 15:21:00,2011-12-07 08:03:00,211,367
12721.0,7,2683.28,16.361463414634148,1964,2010-12-09 10:14:00,2011-11-08 12:13:00,134,335
12722.0,6,1090.93,19.139122807017547,572,2011-07-12 11:55:00,2011-09-15 14:50:00,50,66
12723.0,5,725.07,10.508260869565218,434,2011-10-05 15:52:00,2011-12-06 10:19:00,53,62
12724.0,4,1031.41,19.460566037735852,445,2011-01-11 15:00:00,2011-12-04 16:02:00,47,328
12725.0,1,427.8,17.825,164,2010-12-03 15:45:00,2010-12-03 15:45:00,24,1
12726.0,7,2609.1,21.041129032258063,3143,2010-12-17 12:56:00,2011-11-11 13:35:00,57,330
12727.0,9,4013.7,28.46595744680851,2111,2011-01-23 15:17:00,2011-11-29 11:46:00,109,310
12728.0,4,836.33,18.18108695652174,419,2011-01-11 13:31:00,2011-09-29 15:31:00,38,262
12729.0,1,453.01,17.423461538461538,233,2011-08-18 11:40:00,2011-08-18 11:40:00,26,1
12731.0,14,18998.41,68.58631768953069,8508,2010-12-10 10:56:00,2011-11-16 11:59:00,109,342
12732.0,1,236.26000000000002,19.688333333333336,111,2011-06-13 11:33:00,2011-06-13 11:33:00,12,1
12733.0,1,383.95,17.452272727272728,137,2011-04-19 16:19:00,2011-04-19 16:19:00,22,1
12734.0,1,110.39999999999999,27.599999999999998,88,2010-12-22 12:47:00,2010-12-22 12:47:00,4,1
12735.0,2,779.5699999999999,18.12953488372093,368,2011-01-06 14:26:00,2011-01-28 13:37:00,38,22
12736.0,1,234.0,58.5,173,2011-01-11 07:57:00,2011-01-11 07:57:00,4,1
12738.0,1,155.35,14.122727272727273,148,2010-12-02 18:27:00,2010-12-02 18:27:00,11,1
12739.0,2,1013.04,26.658947368421053,486,2011-09-01 17:45:00,2011-09-22 13:00:00,38,21
12740.0,1,427.6,15.837037037037037,342,2011-10-07 10:44:00,2011-10-07 10:44:00,27,1
12744.0,10,33438.19,146.01829694323146,5248,2011-01-25 13:26:00,2011-10-19 11:18:00,178,267
12747.0,11,4196.01,40.737961165048546,1275,2010-12-05 15:38:00,2011-12-07 14:34:00,42,367
12748.0,224,38368.61,8.26553425247738,27286,2010-12-01 12:48:00,2011-12-09 12:20:00,1769,373
12749.0,8,4313.56,18.673419913419917,1520,2011-05-10 15:25:00,2011-12-06 09:56:00,160,210
12750.0,1,275.88,18.392,137,2011-08-03 09:13:00,2011-08-03 09:13:00,15,1
12752.0,1,4366.78,82.3920754716981,2262,2011-09-19 13:32:00,2011-09-19 13:32:00,53,1
12753.0,11,21834.77,94.93378260869565,11592,2010-12-12 11:44:00,2011-12-06 11:40:00,132,359
12754.0,5,3072.3599999999997,47.26707692307692,6483,2011-02-04 10:31:00,2011-04-18 09:00:00,50,73
12755.0,4,5420.699999999999,903.4499999999998,2116,2010-12-09 10:44:00,2011-04-04 10:12:00,5,116
12756.0,1,112.07999999999998,28.019999999999996,144,2011-09-14 09:31:00,2011-09-14 09:31:00,4,1
12757.0,19,11486.5,30.46816976127321,2419,2011-05-12 19:01:00,2011-11-24 12:30:00,237,196
12758.0,2,2791.59,28.779278350515465,2135,2011-03-08 12:05:00,2011-08-15 10:22:00,84,160
12759.0,3,1531.44,16.12042105263158,902,2011-03-09 08:09:00,2011-10-18 14:49:00,81,224
12762.0,2,1898.52,27.51478260869565,1227,2011-11-14 14:23:00,2011-12-02 10:23:00,62,18
12763.0,2,494.08,27.448888888888888,316,2010-12-05 15:46:00,2011-07-24 14:12:00,16,231
12764.0,1,1693.88,37.64177777777778,386,2011-01-27 10:19:00,2011-01-27 10:19:00,45,1
12766.0,7,6989.63,22.547193548387096,3646,2010-12-08 13:53:00,2011-12-06 08:46:00,205,363
12769.0,1,1143.6,35.7375,356,2011-04-15 10:25:00,2011-04-15 10:25:00,32,1
12770.0,1,1351.45,112.62083333333334,743,2011-05-13 09:33:00,2011-05-13 09:33:00,12,1
12772.0,1,892.47,16.226727272727274,556,2011-10-11 09:19:00,2011-10-11 09:19:00,55,1
12775.0,6,1420.84,21.206567164179102,901,2011-02-01 13:45:00,2011-11-22 16:33:00,47,295
12778.0,7,840.23,16.475098039215688,826,2011-01-31 14:35:00,2011-11-20 11:39:00,40,293
12779.0,12,4094.02,25.748553459119496,2052,2010-12-03 13:40:00,2011-11-18 17:10:00,88,351
12781.0,5,945.76,31.525333333333332,750,2011-02-28 08:43:00,2011-11-18 15:45:00,25,264
12782.0,6,2388.52,22.322616822429907,1102,2010-12-17 11:30:00,2011-12-05 09:16:00,81,353
12783.0,8,2847.95,33.115697674418605,626,2011-09-25 15:35:00,2011-12-07 15:56:00,76,74
12784.0,2,574.42,9.73593220338983,300,2011-11-24 12:53:00,2011-11-30 15:38:00,54,7
12785.0,2,318.19,21.212666666666667,134,2010-12-10 13:48:00,2011-12-07 12:46:00,14,362
12787.0,3,463.66,23.183,261,2011-05-31 09:36:00,2011-11-30 08:44:00,17,183
12789.0,1,91.85,22.9625,4,2011-10-05 13:34:00,2011-10-05 13:34:00,4,1
12790.0,1,324.92,15.472380952380954,166,2011-05-31 14:14:00,2011-05-31 14:14:00,21,1
12791.0,1,192.60000000000002,96.30000000000001,97,2010-12-01 11:27:00,2010-12-01 11:27:00,2,1
12792.0,1,400.53999999999996,16.0216,217,2011-03-28 11:36:00,2011-03-28 11:36:00,25,1
12793.0,2,545.48,22.728333333333335,295,2010-12-03 15:14:00,2011-01-09 12:12:00,21,37
12794.0,2,860.41,19.12022222222222,592,2011-09-02 12:01:00,2011-10-17 14:54:00,43,46
12795.0,1,430.48,30.74857142857143,68,2011-11-21 10:27:00,2011-11-21 10:27:00,14,1
12797.0,3,313.88,18.463529411764707,157,2010-12-09 10:55:00,2010-12-14 16:24:00,13,6
12798.0,3,6977.04,872.13,5256,2011-06-22 10:11:00,2011-11-29 15:52:00,6,161
12802.0,2,442.58,17.02230769230769,326,2011-06-06 09:36:00,2011-06-09 09:44:00,25,4
12808.0,3,483.65000000000003,17.273214285714285,188,2010-12-06 10:27:00,2011-11-03 10:05:00,27,332
12809.0,2,494.26,19.009999999999998,221,2011-06-15 10:51:00,2011-06-24 15:15:00,25,10
12811.0,3,514.85,16.608064516129033,230,2011-02-28 15:39:00,2011-03-24 09:42:00,27,24
12812.0,1,229.64000000000001,15.309333333333335,164,2011-10-26 09:54:00,2011-10-26 09:54:00,15,1
12814.0,1,125.92,62.96,49,2011-08-30 12:11:00,2011-08-30 12:11:00,2,1
12815.0,2,1063.46,22.6268085106383,379,2011-05-25 13:34:00,2011-07-15 10:21:00,38,51
12816.0,2,572.2,19.731034482758623,128,2011-06-16 13:24:00,2011-09-05 12:41:00,27,81
12817.0,1,166.04,41.51,53,2011-03-03 16:28:00,2011-03-03 16:28:00,4,1
12818.0,2,1566.28,97.8925,935,2011-03-23 12:06:00,2011-06-14 13:54:00,14,84
12820.0,4,942.34,15.97186440677966,722,2011-01-17 12:34:00,2011-12-06 15:12:00,55,324
12821.0,1,92.72,15.453333333333333,70,2011-05-09 15:51:00,2011-05-09 15:51:00,6,1
12822.0,3,978.7800000000001,20.825106382978724,552,2011-09-13 13:46:00,2011-09-30 10:04:00,41,17
12823.0,5,1759.5,351.9,230,2011-02-16 12:15:00,2011-09-26 07:35:00,1,222
12824.0,1,397.12,15.8848,232,2011-10-11 12:49:00,2011-10-11 12:49:00,25,1
12826.0,8,1481.32,15.758723404255319,1062,2010-12-09 15:21:00,2011-12-07 10:25:00,58,363
12827.0,3,430.15000000000003,17.206000000000003,197,2011-10-26 15:44:00,2011-12-04 12:17:00,19,39
12828.0,6,1018.71,18.19125,494,2011-08-01 16:16:00,2011-12-07 08:45:00,46,128
12829.0,3,332.95,27.745833333333334,377,2010-12-14 14:54:00,2011-01-21 12:56:00,9,38
12830.0,7,6880.88,176.4328205128205,9849,2011-06-21 10:53:00,2011-11-02 11:54:00,14,135
12831.0,1,215.05,23.894444444444446,135,2011-03-22 13:02:00,2011-03-22 13:02:00,9,1
12832.0,2,383.03,14.186296296296295,195,2011-09-02 13:48:00,2011-11-07 13:30:00,27,66
12833.0,1,417.38,17.390833333333333,156,2011-07-17 13:46:00,2011-07-17 13:46:00,24,1
12834.0,1,312.38,17.354444444444443,110,2011-03-02 09:49:00,2011-03-02 09:49:00,18,1
12836.0,4,2612.86,14.930628571428572,1064,2011-02-01 11:19:00,2011-10-11 15:10:00,148,253
12837.0,1,134.1,11.174999999999999,24,2011-06-19 16:07:00,2011-06-19 16:07:00,12,1
12838.0,2,683.13,5.55390243902439,359,2010-12-01 11:57:00,2011-11-06 12:20:00,115,341
12839.0,16,5599.22,17.719050632911394,3810,2010-12-07 15:48:00,2011-12-07 12:33:00,96,365
12840.0,6,2739.27,23.614396551724138,1517,2011-04-27 12:21:00,2011-07-19 09:29:00,67,83
12841.0,26,4168.3,9.49498861047836,2831,2010-12-03 10:43:00,2011-12-05 11:13:00,230,368
12842.0,2,1118.99,32.9114705882353,547,2011-02-04 12:36:00,2011-09-30 15:33:00,34,239
12843.0,9,1723.76,15.960740740740741,809,2011-03-20 14:38:00,2011-10-05 12:09:00,69,199
12844.0,2,325.96000000000004,6.268461538461539,125,2011-08-01 13:11:00,2011-11-10 13:31:00,47,102
12845.0,4,354.09,13.114444444444443,204,2011-02-22 14:10:00,2011-03-17 13:34:00,26,23
12847.0,1,871.54,9.577362637362636,909,2011-11-17 13:16:00,2011-11-17 13:16:00,72,1
12849.0,2,1050.8899999999999,20.6056862745098,623,2011-03-16 12:26:00,2011-11-08 13:41:00,47,238
12851.0,1,135.18,2.7036000000000002,109,2011-09-04 12:41:00,2011-09-04 12:41:00,43,1
12852.0,2,323.35,16.1675,153,2011-02-18 08:47:00,2011-02-22 14:56:00,17,5
12853.0,9,2032.5,24.196428571428573,818,2011-01-28 10:28:00,2011-08-24 11:00:00,66,209
12854.0,5,1359.85,11.824782608695651,632,2011-01-25 12:11:00,2011-09-22 12:15:00,97,241
12855.0,1,38.1,12.700000000000001,30,2010-12-02 09:37:00,2010-12-02 09:37:00,3,1
12856.0,8,2197.18,6.9311671924290215,1082,2011-10-07 12:38:00,2011-12-02 10:52:00,155,56
12857.0,2,1106.4,24.05217391304348,343,2011-02-10 12:32:00,2011-05-13 10:20:00,37,92
12863.0,2,538.2,89.7,190,2011-05-24 17:17:00,2011-10-18 14:15:00,5,147
12864.0,1,147.12,49.04,216,2011-07-24 13:03:00,2011-07-24 13:03:00,3,1
12865.0,3,1588.39,16.545729166666668,973,2010-12-15 11:39:00,2011-11-13 14:31:00,87,334
12866.0,1,559.12,21.504615384615384,171,2011-03-01 14:11:00,2011-03-01 14:11:00,26,1
12867.0,10,4087.42,7.418185117967332,4322,2010-12-14 15:16:00,2011-11-13 15:30:00,241,335
12868.0,6,1607.0600000000002,15.0192523364486,928,2010-12-01 12:50:00,2011-06-07 10:42:00,72,188
12870.0,1,14.899999999999999,7.449999999999999,2,2010-12-08 14:27:00,2010-12-08 14:27:00,2,1
12871.0,2,380.64,34.60363636363636,200,2011-05-16 13:32:00,2011-09-16 15:07:00,8,124
12872.0,2,599.97,9.090454545454547,319,2010-12-09 14:44:00,2011-01-17 10:52:00,58,39
12873.0,1,374.0,93.5,128,2011-03-02 14:58:00,2011-03-02 14:58:00,4,1
12875.0,2,343.2300000000001,171.61500000000004,2019,2010-12-12 12:03:00,2011-07-19 15:30:00,1,220
12876.0,2,2218.02,26.09435294117647,1941,2011-05-27 13:34:00,2011-10-13 12:26:00,67,139
12877.0,12,1535.77,9.972532467532467,1178,2010-12-16 12:23:00,2011-12-06 10:30:00,100,355
12878.0,3,868.34,17.72122448979592,558,2011-03-18 14:02:00,2011-11-21 14:30:00,38,249
12879.0,4,593.87,49.48916666666667,377,2011-09-09 12:11:00,2011-10-26 12:24:00,7,48
12881.0,1,298.0,42.57142857142857,21,2011-03-09 11:44:00,2011-03-09 11:44:00,7,1
12882.0,2,1463.04,112.54153846153847,246,2011-11-06 11:22:00,2011-11-30 16:18:00,12,25
12883.0,4,703.47,16.749285714285715,196,2011-09-11 15:18:00,2011-11-15 09:32:00,39,65
12884.0,1,309.05,44.15,43,2011-09-12 13:10:00,2011-09-12 13:10:00,7,1
12885.0,4,1192.17,16.557916666666667,656,2011-08-08 11:45:00,2011-10-07 13:40:00,66,61
12886.0,3,1405.71,16.34546511627907,779,2011-05-04 11:21:00,2011-10-03 10:09:00,75,152
12888.0,4,394.47,56.35285714285715,84,2011-03-29 14:31:00,2011-05-09 16:02:00,4,42
12890.0,1,380.46999999999997,4.639878048780488,259,2011-11-15 17:26:00,2011-11-15 17:26:00,78,1
12891.0,3,331.0,110.33333333333333,950,2011-02-20 11:28:00,2011-06-07 12:31:00,2,108
12893.0,1,188.14,5.533529411764706,96,2011-11-09 12:34:00,2011-11-09 12:34:00,27,1
12895.0,3,398.3,16.595833333333335,216,2011-09-14 08:35:00,2011-10-28 13:51:00,22,45
12897.0,2,216.5,54.125,110,2011-02-11 11:40:00,2011-05-19 12:13:00,3,98
12901.0,36,19015.98,152.12784,25235,2011-03-14 10:41:00,2011-12-01 10:07:00,32,262
12902.0,1,138.68,13.868,66,2011-03-20 12:06:00,2011-03-20 12:06:00,10,1
12904.0,2,509.58,7.0775,302,2011-06-20 13:18:00,2011-11-21 14:34:00,59,155
12906.0,5,2919.81,46.34619047619047,1749,2011-09-22 15:03:00,2011-11-28 09:55:00,55,67
12908.0,4,1254.0,313.5,2400,2011-01-31 12:36:00,2011-10-12 10:11:00,2,254
12909.0,8,2228.51,23.213645833333334,1290,2011-03-31 12:51:00,2011-10-31 12:43:00,78,214
12910.0,8,3075.04,41.00053333333333,1692,2011-04-12 10:01:00,2011-11-16 14:28:00,48,219
12912.0,5,1662.3,69.2625,670,2011-10-30 11:35:00,2011-12-07 08:55:00,17,38
12913.0,5,2483.63,49.6726,1419,2010-12-06 16:36:00,2011-12-05 12:11:00,37,364
12915.0,2,363.65,16.529545454545453,93,2010-12-02 12:33:00,2011-07-14 11:34:00,19,224
12916.0,5,3029.95,27.797706422018347,1127,2011-01-23 10:43:00,2011-07-24 10:35:00,53,182
12917.0,1,594.0,297.0,120,2011-08-03 16:42:00,2011-08-03 16:42:00,2,1
12919.0,8,1368.94,26.325769230769232,678,2011-06-23 09:22:00,2011-12-01 13:47:00,34,162
12920.0,1,164.23,5.8653571428571425,129,2011-11-22 15:05:00,2011-11-22 15:05:00,27,1
12921.0,50,16784.44,22.6510661268556,9598,2010-12-01 15:06:00,2011-12-06 09:56:00,233,370
12922.0,1,405.38,14.477857142857143,370,2011-07-01 15:35:00,2011-07-01 15:35:00,28,1
12923.0,1,176.97,6.102413793103448,69,2011-10-06 16:20:00,2011-10-06 16:20:00,28,1
12924.0,5,937.45,30.240322580645163,482,2011-01-16 11:49:00,2011-09-12 13:55:00,22,240
12925.0,2,694.05,15.423333333333332,541,2011-09-26 11:05:00,2011-12-05 11:11:00,42,71
12928.0,5,2062.7000000000003,24.555952380952384,1472,2010-12-15 15:45:00,2011-11-04 14:24:00,59,324
12929.0,2,130.6,14.511111111111111,38,2011-02-01 12:08:00,2011-08-09 14:30:00,8,190
12930.0,4,421.7,15.618518518518519,254,2011-06-21 13:25:00,2011-09-22 15:18:00,20,94
12931.0,20,50649.11,496.5599019607843,32631,2010-12-17 09:45:00,2011-11-18 12:39:00,29,337
12933.0,4,608.78,5.689532710280374,500,2011-03-01 11:30:00,2011-11-15 16:38:00,103,260
12935.0,8,2164.95,16.65346153846154,1854,2011-01-24 13:58:00,2011-12-07 17:25:00,80,318
12936.0,5,1114.9,17.6968253968254,579,2011-09-22 13:51:00,2011-11-22 17:32:00,56,62
12937.0,4,1504.27,12.535583333333333,1007,2011-03-17 14:19:00,2011-11-24 15:05:00,81,253
12938.0,1,114.14,12.682222222222222,140,2011-11-14 11:21:00,2011-11-14 11:21:00,9,1
12939.0,8,11581.8,246.42127659574467,4876,2011-01-09 11:20:00,2011-10-06 14:33:00,21,271
12940.0,4,950.79,9.230970873786408,416,2011-09-13 10:16:00,2011-10-24 14:04:00,88,42
12942.0,3,683.9,9.118666666666666,203,2010-12-09 09:34:00,2011-07-31 14:39:00,68,235
12943.0,1,3.75,3.75,1,2011-02-11 15:13:00,2011-02-11 15:13:00,1,1
12944.0,2,604.51,20.150333333333332,289,2010-12-20 10:41:00,2011-11-04 11:04:00,29,320
12945.0,1,462.95,20.128260869565217,165,2011-02-24 14:15:00,2011-02-24 14:15:00,23,1
12947.0,11,1800.69,17.48242718446602,1173,2010-12-01 16:21:00,2011-07-19 10:06:00,83,230
12948.0,8,2076.2,17.594915254237286,1083,2011-03-20 10:17:00,2011-11-23 17:10:00,82,249
12949.0,10,4191.42,19.138904109589042,2399,2011-04-01 13:20:00,2011-11-09 11:25:00,166,222
12950.0,3,1843.0,80.1304347826087,1380,2011-11-15 13:48:00,2011-12-07 13:17:00,13,22
12951.0,8,1086.07,16.70876923076923,506,2011-01-13 10:33:00,2011-12-01 12:14:00,54,323
12952.0,5,1392.74,17.40925,654,2011-09-22 16:37:00,2011-12-04 10:35:00,64,73
12953.0,1,329.85,19.40294117647059,84,2011-11-30 09:24:00,2011-11-30 09:24:00,17,1
12955.0,14,4780.0599999999995,26.120546448087428,3686,2011-03-17 09:03:00,2011-12-08 16:29:00,81,267
12956.0,1,108.07,5.687894736842105,34,2011-02-06 16:08:00,2011-02-06 16:08:00,19,1
12957.0,12,4056.04,16.62311475409836,2567,2011-01-04 12:18:00,2011-12-05 16:32:00,208,336
12962.0,2,266.39,16.649375,129,2011-08-18 13:38:00,2011-12-02 15:55:00,15,107
12963.0,9,1872.23,19.502395833333335,889,2010-12-09 09:14:00,2011-12-01 12:55:00,76,358
12965.0,1,771.91,7.081743119266055,283,2011-09-11 15:31:00,2011-09-11 15:31:00,108,1
12966.0,1,160.18,16.018,75,2011-11-30 12:38:00,2011-11-30 12:38:00,10,1
12967.0,4,2127.05,64.45606060606062,633,2010-12-03 09:49:00,2011-12-06 14:19:00,21,369
12968.0,1,135.95,27.189999999999998,73,2011-08-19 15:44:00,2011-08-19 15:44:00,5,1
12970.0,4,452.24,2.9949668874172186,310,2011-01-21 14:04:00,2011-12-02 14:30:00,116,316
12971.0,89,11449.56,37.173896103896105,9375,2010-12-02 16:42:00,2011-12-06 12:20:00,95,369
12974.0,1,144.8,18.1,24,2011-05-26 09:33:00,2011-05-26 09:33:00,8,1
12976.0,1,738.6,33.57272727272727,561,2011-05-12 09:55:00,2011-05-12 09:55:00,22,1
12977.0,1,39.239999999999995,4.359999999999999,12,2011-07-06 16:40:00,2011-07-06 16:40:00,9,1
12980.0,12,7657.740000000001,319.07250000000005,908,2010-12-16 11:36:00,2011-07-07 11:42:00,6,204
12981.0,2,372.21999999999997,18.610999999999997,242,2011-07-29 14:14:00,2011-11-10 12:00:00,12,104
12982.0,2,403.88,11.878823529411765,298,2011-04-11 11:51:00,2011-04-14 10:49:00,28,3
12984.0,1,97.5,24.375,26,2011-11-21 12:37:00,2011-11-21 12:37:00,4,1
12985.0,3,1263.14,16.194102564102565,1653,2011-11-11 12:44:00,2011-12-09 10:46:00,73,28
12987.0,3,572.4,19.08,221,2011-05-26 12:00:00,2011-09-27 12:03:00,27,125
12988.0,1,535.32,5.818695652173914,136,2011-02-20 14:31:00,2011-02-20 14:31:00,75,1
12989.0,19,6993.71,102.84867647058823,2971,2010-12-10 13:24:00,2011-12-06 15:28:00,41,362
12990.0,3,409.5,31.5,200,2011-02-02 15:39:00,2011-11-08 13:01:00,8,279
12991.0,2,503.76,16.25032258064516,405,2011-08-19 14:39:00,2011-11-16 15:34:00,31,90
12993.0,4,414.76,15.361481481481482,240,2011-02-14 14:29:00,2011-11-16 15:49:00,26,276
12994.0,5,1046.6200000000001,14.337260273972605,478,2011-03-16 08:31:00,2011-12-05 15:43:00,52,265
12995.0,2,221.92,44.384,118,2011-09-15 15:44:00,2011-09-23 09:20:00,3,8
12997.0,7,1255.84,18.743880597014925,680,2011-01-26 15:49:00,2011-11-17 15:47:00,45,295
12999.0,3,455.88,16.28142857142857,342,2011-04-08 10:26:00,2011-05-27 13:24:00,25,50
13000.0,3,534.85,17.253225806451614,379,2010-12-10 10:26:00,2011-08-25 10:43:00,30,259
13001.0,15,9839.720000000001,28.771111111111114,5513,2011-01-17 12:45:00,2011-12-05 14:51:00,166,323
13002.0,1,120.94999999999999,17.27857142857143,73,2011-01-25 15:18:00,2011-01-25 15:18:00,7,1
13003.0,3,149.05,24.84166666666667,103,2011-05-09 08:23:00,2011-08-26 10:50:00,4,110
13004.0,22,5698.39,13.932493887530564,4848,2010-12-17 08:20:00,2011-11-28 11:27:00,277,347
13005.0,3,558.45,19.25689655172414,177,2011-04-07 13:32:00,2011-06-19 10:53:00,21,73
13006.0,1,81.57,20.3925,55,2011-10-14 13:49:00,2011-10-14 13:49:00,4,1
13008.0,2,280.46999999999997,18.697999999999997,235,2010-12-14 10:28:00,2011-01-20 14:24:00,15,38
13011.0,1,50.550000000000004,16.85,13,2010-12-02 17:22:00,2010-12-02 17:22:00,3,1
13012.0,11,2012.06,18.80429906542056,977,2011-02-18 09:43:00,2011-11-30 13:05:00,68,286
13013.0,15,4834.89,21.778783783783787,2231,2010-12-03 12:28:00,2011-12-08 15:01:00,155,371
13014.0,16,3584.13,28.90427419354839,928,2011-03-03 18:28:00,2011-12-07 09:24:00,67,279
13015.0,5,3346.28,19.012954545454548,1617,2011-04-04 14:28:00,2011-10-17 13:19:00,156,196
13016.0,3,789.89,16.806170212765956,527,2011-08-08 15:00:00,2011-09-27 14:08:00,39,50
13017.0,1,204.0,204.0,48,2011-12-02 15:53:00,2011-12-02 15:53:00,1,1
13018.0,29,7282.65,15.866339869281045,5436,2011-02-17 11:05:00,2011-11-23 13:28:00,313,280
13021.0,12,2648.36,19.763880597014925,1368,2010-12-09 14:12:00,2011-12-05 16:37:00,103,362
13023.0,2,689.9,17.2475,286,2011-08-02 09:34:00,2011-10-06 16:27:00,36,66
13026.0,8,1014.5699999999999,23.594651162790697,1654,2011-03-09 11:35:00,2011-12-08 16:58:00,34,275
13027.0,6,6912.0,265.84615384615387,17280,2010-12-20 12:45:00,2011-08-18 09:39:00,6,241
13028.0,3,662.96,14.105531914893618,800,2011-10-25 14:09:00,2011-11-17 11:10:00,40,23
13029.0,3,1247.5,124.75,134,2010-12-21 13:53:00,2011-11-09 09:13:00,8,323
13030.0,2,799.48,8.075555555555555,394,2010-12-06 14:31:00,2011-11-28 14:30:00,76,357
13032.0,3,1023.84,13.651200000000001,383,2011-09-13 16:40:00,2011-11-01 09:56:00,55,49
13033.0,1,190.55,17.322727272727274,83,2010-12-17 14:23:00,2010-12-17 14:23:00,11,1
13034.0,2,642.77,17.372162162162162,369,2010-12-05 14:52:00,2011-10-16 12:21:00,37,315
13035.0,3,957.13,31.904333333333334,661,2011-03-24 09:21:00,2011-10-13 12:23:00,23,204
13037.0,3,881.07,18.355625,431,2011-03-28 15:42:00,2011-07-24 15:46:00,44,119
13038.0,3,908.46,32.445,360,2011-02-22 11:43:00,2011-09-20 14:37:00,24,211
13040.0,2,676.99,15.743953488372092,355,2011-11-06 13:53:00,2011-12-01 10:38:00,38,25
13043.0,2,561.27,40.090714285714284,257,2011-03-11 14:52:00,2011-03-31 12:14:00,13,20
13044.0,1,560.47,16.983939393939394,429,2011-02-21 15:20:00,2011-02-21 15:20:00,33,1
13045.0,1,305.28000000000003,16.96,221,2011-09-01 15:04:00,2011-09-01 15:04:00,18,1
13046.0,2,629.31,17.980285714285714,264,2011-03-18 15:43:00,2011-11-09 08:36:00,33,236
13047.0,18,3395.98,17.326428571428572,1427,2010-12-01 08:34:00,2011-11-08 12:10:00,106,343
13048.0,5,1865.91,13.619781021897811,1246,2011-01-16 14:36:00,2011-11-25 13:23:00,77,313
13049.0,2,656.6800000000001,46.90571428571429,268,2011-01-25 16:33:00,2011-10-06 15:31:00,14,254
13050.0,28,5989.11,14.192203791469193,3789,2010-12-08 09:30:00,2011-11-30 17:28:00,246,358
13052.0,1,348.15000000000003,19.34166666666667,222,2011-05-11 14:12:00,2011-05-11 14:12:00,18,1
13055.0,4,1226.86,15.728974358974357,897,2011-05-10 08:58:00,2011-10-06 18:57:00,74,150
13058.0,3,271.40000000000003,33.925000000000004,52,2011-07-11 12:01:00,2011-11-15 12:43:00,5,128
13059.0,1,183.4,22.925,35,2011-04-04 10:40:00,2011-04-04 10:40:00,8,1
13060.0,1,307.53,20.502,123,2011-03-31 11:37:00,2011-03-31 11:37:00,15,1
13061.0,1,248.61,24.861,107,2011-09-28 16:04:00,2011-09-28 16:04:00,10,1
13062.0,1,346.98,31.543636363636367,343,2011-06-01 15:12:00,2011-06-01 15:12:00,11,1
13064.0,4,1119.49,16.22449275362319,516,2011-01-16 13:41:00,2011-11-27 12:31:00,51,315
13065.0,1,205.86,14.704285714285716,74,2010-12-01 16:52:00,2010-12-01 16:52:00,14,1
13066.0,3,510.7,10.422448979591836,324,2011-11-07 17:06:00,2011-11-15 13:39:00,48,8
13067.0,1,115.46000000000001,7.697333333333334,32,2011-09-18 13:38:00,2011-09-18 13:38:00,14,1
13068.0,2,344.0,172.0,200,2011-01-24 08:20:00,2011-11-29 15:00:00,1,310
13069.0,27,5154.42,10.966851063829788,6304,2010-12-05 11:02:00,2011-12-09 08:39:00,285,369
13070.0,1,228.8,25.422222222222224,110,2011-05-31 13:45:00,2011-05-31 13:45:00,9,1
13072.0,1,177.15,25.307142857142857,69,2011-03-18 08:12:00,2011-03-18 08:12:00,7,1
13075.0,1,919.61,41.80045454545455,485,2011-08-02 10:19:00,2011-08-02 10:19:00,22,1
13077.0,4,729.27,6.5113392857142856,863,2010-12-08 14:59:00,2011-12-08 19:24:00,99,366
13078.0,43,12823.6,33.746315789473684,5703,2010-12-08 09:07:00,2011-12-08 18:48:00,96,366
13079.0,5,220.10000000000002,36.68333333333334,62,2011-07-22 14:41:00,2011-12-05 16:53:00,2,137
13080.0,1,58.08,9.68,120,2011-06-13 14:59:00,2011-06-13 14:59:00,6,1
13081.0,21,28908.48,27.24644674835061,19299,2010-12-03 17:20:00,2011-12-08 13:13:00,511,370
13082.0,10,3631.7799999999997,48.42373333333333,4335,2011-01-05 15:42:00,2011-08-05 16:16:00,63,213
13083.0,2,303.75,16.875,187,2011-09-25 10:46:00,2011-12-05 15:01:00,15,72
13085.0,3,559.78,19.302758620689655,324,2011-02-17 13:57:00,2011-07-05 12:11:00,17,138
13089.0,118,60265.78,32.453301023155625,31353,2010-12-05 10:27:00,2011-12-07 09:02:00,636,367
13090.0,18,9132.25,56.72204968944099,2332,2010-12-02 07:48:00,2011-12-01 12:39:00,98,365
13091.0,2,371.82,15.4925,482,2011-11-11 15:54:00,2011-11-18 16:48:00,21,8
13092.0,6,495.83,19.070384615384615,287,2010-12-15 12:27:00,2011-09-30 11:18:00,19,289
13093.0,13,7923.47,46.60864705882353,3979,2010-12-01 15:00:00,2011-03-17 17:16:00,99,107
13094.0,16,2145.78,71.52600000000001,1890,2010-12-06 10:34:00,2011-11-18 14:07:00,4,348
13095.0,1,74.39999999999999,12.399999999999999,144,2011-09-30 12:03:00,2011-09-30 12:03:00,6,1
13097.0,14,6127.52,14.021784897025173,2385,2010-12-14 15:13:00,2011-11-07 10:43:00,215,328
13098.0,41,29106.0,48.10909090909091,16025,2011-01-26 13:46:00,2011-12-08 14:14:00,163,317
13099.0,1,207.35999999999999,207.35999999999999,288,2011-09-01 17:40:00,2011-09-01 17:40:00,1,1
13101.0,1,101.19,12.64875,113,2011-04-19 14:37:00,2011-04-19 14:37:00,8,1
13102.0,27,6511.889999999999,21.006096774193548,4248,2010-12-09 13:38:00,2011-12-08 12:52:00,141,364
13103.0,1,243.94,30.4925,82,2011-10-31 09:38:00,2011-10-31 09:38:00,8,1
13104.0,6,1098.48,54.924,504,2010-12-20 11:58:00,2011-12-06 13:10:00,14,352
13106.0,2,93.5,46.75,22,2011-07-29 15:12:00,2011-08-03 11:50:00,1,5
13107.0,5,1539.17,25.652833333333334,1298,2011-01-10 12:28:00,2011-10-26 14:52:00,54,290
13108.0,1,350.06,35.006,298,2010-12-02 10:35:00,2010-12-02 10:35:00,10,1
13109.0,5,806.24,16.1248,526,2011-07-05 14:56:00,2011-12-07 12:38:00,41,155
13110.0,8,1524.47,10.441575342465754,392,2011-02-01 15:24:00,2011-11-08 14:30:00,109,280
13113.0,40,13990.17,49.96489285714286,3506,2010-12-08 13:07:00,2011-12-09 12:49:00,113,366
13115.0,14,2383.93,18.060075757575756,1600,2010-12-08 15:01:00,2011-12-01 09:39:00,92,358
13116.0,2,517.09,16.68032258064516,292,2011-07-24 14:33:00,2011-08-14 14:36:00,30,22
13117.0,8,984.91,12.959342105263158,945,2010-12-02 13:11:00,2011-11-18 12:02:00,66,351
13118.0,7,1270.6200000000001,15.495365853658537,431,2011-02-24 09:59:00,2011-11-20 12:46:00,68,270
13120.0,1,30.599999999999998,30.599999999999998,12,2011-04-15 10:19:00,2011-04-15 10:19:00,1,1
13121.0,2,312.73,5.9005660377358495,277,2011-03-15 16:47:00,2011-03-15 16:51:00,50,1
13122.0,2,922.39,16.77072727272727,585,2011-04-13 14:12:00,2011-09-06 15:53:00,54,147
13124.0,3,3866.33,16.452468085106382,2147,2010-12-15 15:00:00,2011-09-11 12:45:00,185,270
13126.0,10,2142.99,15.091478873239435,2156,2010-12-08 11:42:00,2011-12-05 10:00:00,124,362
13127.0,1,259.17,17.278000000000002,127,2011-09-23 10:26:00,2011-09-23 10:26:00,15,1
13130.0,1,64.0,32.0,32,2011-09-06 15:30:00,2011-09-06 15:30:00,2,1
13131.0,4,1107.3,24.071739130434782,451,2011-06-05 10:54:00,2011-11-16 13:21:00,30,165
13132.0,1,77.3,25.766666666666666,20,2011-03-23 12:44:00,2011-03-23 12:44:00,3,1
13133.0,2,109.8,15.685714285714285,32,2011-02-08 15:48:00,2011-03-11 10:31:00,7,31
13134.0,7,1846.53,17.586,1074,2011-04-13 12:57:00,2011-09-28 09:22:00,94,168
13135.0,1,3096.0,3096.0,4300,2011-05-27 10:52:00,2011-05-27 10:52:00,1,1
13136.0,11,2669.84,19.20748201438849,1344,2010-12-09 15:34:00,2011-10-20 19:13:00,97,316
13137.0,9,3695.7400000000002,5.242184397163121,2227,2011-02-04 11:54:00,2011-11-29 12:09:00,346,299
13138.0,6,962.39,15.276031746031746,473,2010-12-02 15:03:00,2011-11-17 16:51:00,31,351
13139.0,8,5074.09,29.161436781609197,2432,2011-03-25 11:57:00,2011-11-23 13:54:00,132,244
13140.0,3,423.72,9.211304347826088,186,2010-12-08 15:12:00,2011-08-23 15:33:00,40,259
13141.0,6,2391.7,17.586029411764706,1549,2011-01-28 13:04:00,2011-09-16 09:54:00,113,231
13142.0,1,307.09,13.351739130434781,258,2011-11-20 16:07:00,2011-11-20 16:07:00,23,1
13144.0,1,110.95,36.983333333333334,21,2011-01-11 11:15:00,2011-01-11 11:15:00,3,1
13145.0,5,622.27,88.89571428571428,148,2010-12-02 18:06:00,2011-10-31 12:45:00,5,333
13146.0,1,228.91,13.465294117647058,154,2011-11-13 15:29:00,2011-11-13 15:29:00,16,1
13147.0,4,712.8000000000001,178.20000000000002,144,2011-09-01 12:28:00,2011-11-29 13:59:00,1,90
13148.0,17,4065.76,11.716887608069165,2122,2010-12-10 13:06:00,2011-11-10 15:23:00,238,336
13149.0,4,1676.06,19.48906976744186,1280,2011-02-23 13:57:00,2011-11-25 13:09:00,76,275
13151.0,2,1265.3700000000001,16.8716,365,2011-02-17 12:29:00,2011-05-20 12:55:00,73,93
13153.0,1,486.22,32.41466666666667,418,2011-12-04 12:14:00,2011-12-04 12:14:00,15,1
13154.0,1,611.86,611.86,1,2011-07-18 15:21:00,2011-07-18 15:21:00,1,1
13155.0,4,971.76,11.432470588235294,497,2010-12-06 12:44:00,2011-11-06 15:41:00,67,336
13157.0,5,1760.87,19.785056179775278,1448,2011-02-14 14:03:00,2011-10-21 13:50:00,69,249
13158.0,4,1201.06,15.203291139240505,784,2011-01-25 09:58:00,2011-09-06 11:58:00,59,225
13159.0,5,1495.95,12.26188524590164,1073,2011-08-16 11:44:00,2011-12-01 11:20:00,114,107
13160.0,1,91.8,22.95,56,2011-11-17 13:07:00,2011-11-17 13:07:00,4,1
13161.0,1,112.75,14.09375,29,2011-01-30 14:03:00,2011-01-30 14:03:00,8,1
13162.0,5,1731.59,21.116951219512195,1763,2011-01-09 10:43:00,2011-08-09 15:59:00,74,213
13165.0,2,1021.48,24.32095238095238,1376,2010-12-23 14:06:00,2011-10-24 15:05:00,40,306
13166.0,2,419.7,9.992857142857142,218,2011-03-01 15:16:00,2011-03-02 14:28:00,39,1
13167.0,4,791.33,12.174307692307693,785,2011-07-19 12:13:00,2011-11-21 12:24:00,51,126
13168.0,5,1328.24,9.986766917293233,684,2011-01-25 13:55:00,2011-11-03 12:56:00,102,282
13169.0,2,712.88,54.83692307692308,272,2011-04-01 14:24:00,2011-10-07 12:11:00,11,189
13170.0,1,116.00999999999999,3.6253124999999997,147,2011-11-13 12:19:00,2011-11-13 12:19:00,29,1
13171.0,5,510.01,10.625208333333333,231,2011-02-13 14:16:00,2011-12-01 15:06:00,37,292
13173.0,2,353.65,8.224418604651163,277,2010-12-07 14:30:00,2011-12-05 15:51:00,41,364
13174.0,3,2817.03,8.971433121019109,1395,2010-12-05 16:24:00,2011-11-23 14:35:00,228,353
13176.0,1,492.84,6.845,453,2011-10-24 15:43:00,2011-10-24 15:43:00,66,1
13177.0,1,282.45,16.61470588235294,91,2011-10-06 09:56:00,2011-10-06 09:56:00,17,1
13178.0,11,5725.47,21.60554716981132,3570,2010-12-14 12:22:00,2011-11-13 16:14:00,95,335
13182.0,1,121.18,11.016363636363637,201,2011-10-25 13:46:00,2011-10-25 13:46:00,11,1
13183.0,9,3957.78,42.10404255319149,2208,2011-01-09 10:50:00,2011-12-02 10:30:00,51,327
13184.0,12,1753.79,9.583551912568305,1722,2011-02-22 17:25:00,2011-11-25 12:02:00,138,276
13185.0,1,71.4,71.4,12,2011-03-17 11:56:00,2011-03-17 11:56:00,1,1
13186.0,5,1612.0900000000001,19.191547619047622,836,2011-08-03 09:09:00,2011-10-31 11:40:00,69,90
13187.0,1,236.02,6.378918918918919,95,2011-01-06 18:57:00,2011-01-06 18:57:00,37,1
13188.0,1,114.60000000000001,57.300000000000004,25,2011-11-28 15:28:00,2011-11-28 15:28:00,2,1
13189.0,2,260.68,8.988965517241379,842,2011-08-16 13:12:00,2011-11-21 10:39:00,29,97
13192.0,2,911.94,14.475238095238096,595,2011-05-18 14:57:00,2011-09-05 14:13:00,57,110
13193.0,1,117.88,4.0648275862068965,50,2011-10-09 14:30:00,2011-10-09 14:30:00,22,1
13194.0,1,60.7,20.233333333333334,26,2011-07-27 09:01:00,2011-07-27 09:01:00,3,1
13196.0,4,1797.78,16.343454545454545,1224,2011-03-22 14:24:00,2011-11-28 13:54:00,97,251
13198.0,8,3418.39,14.927467248908297,2651,2010-12-13 09:29:00,2011-11-29 15:17:00,200,352
13199.0,39,9830.28,81.91900000000001,6180,2010-12-08 10:51:00,2011-12-06 12:30:00,48,364
13200.0,4,870.09,18.915,516,2011-08-05 14:50:00,2011-11-20 15:35:00,42,108
13203.0,4,869.46,15.253684210526316,800,2011-04-11 14:40:00,2011-11-30 10:45:00,56,233
13207.0,2,250.26000000000002,31.282500000000002,130,2011-07-12 11:35:00,2011-11-24 14:52:00,7,136
13208.0,7,1241.9,8.279333333333334,822,2011-02-03 19:32:00,2011-10-12 09:54:00,124,251
13209.0,11,5963.06,18.124802431610945,4274,2010-12-13 10:31:00,2011-11-09 13:54:00,255,332
13210.0,1,353.48,16.067272727272726,316,2011-09-07 08:18:00,2011-09-07 08:18:00,22,1
13211.0,3,1197.42,21.3825,874,2010-12-13 16:17:00,2011-11-29 14:43:00,45,351
13212.0,4,795.58,5.563496503496504,311,2011-10-09 14:48:00,2011-11-30 15:12:00,128,53
13213.0,6,1522.73,16.55141304347826,1363,2011-05-24 12:22:00,2011-10-14 11:42:00,82,143
13216.0,1,333.74,66.748,297,2011-03-17 12:18:00,2011-03-17 12:18:00,5,1
13217.0,5,934.34,133.47714285714287,410,2011-07-06 12:08:00,2011-08-09 15:32:00,3,35
13218.0,1,62.63999999999999,12.527999999999999,88,2011-08-04 16:59:00,2011-08-04 16:59:00,5,1
13220.0,4,819.2900000000001,39.01380952380953,196,2011-04-17 10:59:00,2011-09-22 13:38:00,18,159
13221.0,2,847.41,12.839545454545455,244,2010-12-15 13:24:00,2011-04-13 16:58:00,62,120
13223.0,2,163.20000000000002,32.64,88,2011-04-21 15:16:00,2011-05-23 13:03:00,5,32
13224.0,3,2161.05,19.826146788990826,1524,2011-07-11 14:10:00,2011-10-10 15:00:00,101,92
13225.0,8,6844.64,201.3129411764706,3480,2010-12-13 09:49:00,2011-12-06 13:29:00,23,359
13226.0,1,108.21000000000001,6.7631250000000005,80,2011-03-11 14:35:00,2011-03-11 14:35:00,16,1
13227.0,1,257.7,28.633333333333333,99,2011-05-22 11:47:00,2011-05-22 11:47:00,9,1
13228.0,1,358.0,179.0,200,2011-09-19 14:28:00,2011-09-19 14:28:00,2,1
13229.0,1,160.95,16.095,63,2011-04-28 12:07:00,2011-04-28 12:07:00,10,1
13230.0,15,2850.5299999999997,4.6577287581699345,1786,2010-12-09 19:28:00,2011-12-05 16:03:00,393,361
13232.0,7,1357.6,6.558454106280193,778,2011-04-10 13:48:00,2011-11-27 10:39:00,147,231
13233.0,2,605.12,14.072558139534884,1004,2011-01-07 14:49:00,2011-09-26 13:25:00,43,262
13235.0,2,1960.97,33.236779661016946,442,2011-05-11 17:13:00,2011-05-12 09:48:00,54,1
13236.0,3,762.4300000000001,19.54948717948718,421,2011-08-25 08:58:00,2011-11-15 12:50:00,34,83
13238.0,5,720.63,22.5196875,300,2010-12-14 14:37:00,2011-11-28 15:30:00,20,350
13239.0,1,359.44,16.33818181818182,363,2011-03-23 10:25:00,2011-03-23 10:25:00,22,1
13240.0,4,663.65,9.905223880597015,298,2010-12-09 12:49:00,2011-09-04 14:08:00,59,270
13242.0,3,270.40000000000003,20.800000000000004,130,2011-05-10 12:26:00,2011-08-19 12:53:00,12,102
13243.0,1,600.07,10.346034482758622,233,2011-05-20 13:14:00,2011-05-20 13:14:00,56,1
13244.0,1,121.74000000000001,4.508888888888889,38,2011-09-08 11:46:00,2011-09-08 11:46:00,27,1
13245.0,1,430.5,26.90625,125,2011-10-20 11:40:00,2011-10-20 11:40:00,16,1
13246.0,7,2052.5,14.353146853146853,1652,2011-01-13 13:36:00,2011-11-21 16:50:00,110,313
13247.0,4,501.12,20.0448,328,2011-09-18 11:31:00,2011-11-22 10:59:00,18,65
13248.0,2,465.68,17.91076923076923,305,2011-06-03 13:05:00,2011-08-07 12:40:00,25,65
13249.0,3,711.41,30.93086956521739,546,2011-03-23 15:26:00,2011-09-08 13:26:00,21,169
13253.0,2,1030.4,28.622222222222224,1572,2011-01-04 15:43:00,2011-07-06 10:09:00,35,183
13255.0,3,408.36,29.16857142857143,180,2010-12-01 11:58:00,2011-12-06 10:56:00,13,370
13256.0,1,10659.0,10659.0,12540,2011-11-25 15:57:00,2011-11-25 15:57:00,1,1
13258.0,3,698.58,18.383684210526315,287,2011-05-18 13:11:00,2011-11-28 09:31:00,28,194
13259.0,1,292.32,3.36,132,2011-10-09 10:48:00,2011-10-09 10:48:00,77,1
13260.0,1,557.62,69.7025,142,2011-10-09 13:21:00,2011-10-09 13:21:00,8,1
13261.0,2,944.1,104.9,210,2011-02-27 10:41:00,2011-03-16 12:22:00,8,18
13262.0,1,200.29,18.208181818181817,125,2011-03-21 15:06:00,2011-03-21 15:06:00,11,1
13263.0,35,7454.07,4.444883720930233,4780,2011-01-18 16:31:00,2011-12-08 13:59:00,450,324
13265.0,5,2107.66,23.1610989010989,1752,2011-03-11 09:54:00,2011-10-17 15:02:00,66,221
13266.0,19,3950.85,19.558663366336635,4557,2010-12-15 16:56:00,2011-11-28 14:39:00,83,348
13267.0,27,4638.54,20.70776785714286,1999,2010-12-08 09:20:00,2011-12-07 11:12:00,88,365
13268.0,15,3261.74,7.296957494407159,3681,2011-03-17 13:20:00,2011-11-22 11:51:00,257,250
13269.0,17,5376.54,16.8016875,3519,2010-12-05 11:51:00,2011-12-08 14:53:00,178,369
13270.0,1,590.0,590.0,200,2010-12-08 14:53:00,2010-12-08 14:53:00,1,1
13271.0,2,256.5,2.5396039603960396,325,2011-11-02 14:31:00,2011-11-02 14:43:00,79,1
13272.0,2,276.56,18.437333333333335,96,2011-09-11 12:06:00,2011-11-08 14:00:00,15,59
13273.0,1,138.98,8.68625,153,2011-08-18 14:02:00,2011-08-18 14:02:00,16,1
13276.0,2,590.9300000000001,19.69766666666667,161,2011-09-01 10:03:00,2011-10-07 12:44:00,30,37
13277.0,4,258.4,32.3,176,2011-07-29 10:06:00,2011-11-24 09:21:00,5,118
13278.0,1,542.73,11.798478260869565,537,2011-10-30 11:49:00,2011-10-30 11:49:00,46,1
13279.0,2,149.20000000000002,13.563636363636364,76,2011-09-22 17:24:00,2011-10-06 18:51:00,9,15
13280.0,3,814.86,9.586588235294117,522,2011-01-06 17:10:00,2011-08-09 13:14:00,67,215
13282.0,6,1216.44,30.411,325,2011-05-03 12:03:00,2011-11-21 15:33:00,30,203
13283.0,2,93.66,13.379999999999999,90,2011-06-07 12:39:00,2011-10-11 09:50:00,7,126
13284.0,2,206.23,14.730714285714285,103,2011-01-13 09:23:00,2011-01-21 10:25:00,13,9
13285.0,4,2709.12,14.487272727272726,2051,2011-02-22 17:13:00,2011-11-16 13:19:00,157,267
13291.0,1,361.11,8.597857142857142,233,2011-07-07 10:36:00,2011-07-07 10:36:00,41,1
13292.0,2,578.9399999999999,18.67548387096774,347,2011-02-28 15:00:00,2011-11-01 10:04:00,29,246
13294.0,2,873.74,16.18037037037037,453,2011-04-04 12:37:00,2011-06-03 08:54:00,48,60
13295.0,2,204.45000000000002,18.58636363636364,83,2010-12-02 17:36:00,2010-12-15 11:21:00,11,13
13296.0,1,87.4,17.48,78,2011-07-25 13:46:00,2011-07-25 13:46:00,5,1
13297.0,4,2089.85,35.421186440677964,963,2011-10-03 15:08:00,2011-12-02 09:32:00,52,60
13298.0,1,360.0,180.0,96,2011-12-08 13:11:00,2011-12-08 13:11:00,2,1
13299.0,1,142.5,28.5,30,2011-03-16 12:55:00,2011-03-16 12:55:00,5,1
13300.0,2,378.49,17.204090909090908,205,2011-06-23 13:09:00,2011-06-28 11:59:00,20,5
13301.0,4,618.09,7.630740740740741,345,2011-02-20 13:13:00,2011-08-28 11:25:00,75,189
13302.0,1,63.75,63.75,5,2011-07-07 17:56:00,2011-07-07 17:56:00,1,1
13304.0,1,300.42,14.305714285714286,238,2010-12-23 14:35:00,2010-12-23 14:35:00,21,1
13305.0,10,2000.86,24.701975308641973,1232,2010-12-02 12:10:00,2011-12-05 15:15:00,50,369
13307.0,1,15.0,15.0,4,2011-08-11 17:14:00,2011-08-11 17:14:00,1,1
13308.0,4,1403.41,24.62122807017544,846,2011-05-20 13:13:00,2011-11-17 09:31:00,49,181
13309.0,5,1456.79,13.614859813084111,1544,2011-02-04 12:29:00,2011-12-02 16:34:00,82,302
13310.0,6,1180.43,15.330259740259741,599,2011-01-19 14:50:00,2011-12-01 08:23:00,65,316
13311.0,2,598.57,23.02192307692308,305,2011-07-12 14:26:00,2011-12-05 12:55:00,25,146
13313.0,5,1555.32,19.939999999999998,851,2011-01-04 10:00:00,2011-11-17 16:48:00,47,318
13314.0,4,973.22,12.976266666666668,636,2011-09-27 10:20:00,2011-12-08 12:29:00,55,73
13316.0,5,6139.97,69.77238636363637,6949,2011-03-30 13:01:00,2011-11-02 13:40:00,67,218
13317.0,9,2407.29,17.831777777777777,1067,2010-12-16 09:22:00,2011-10-06 19:21:00,101,295
13318.0,3,640.76,32.038,304,2011-11-02 13:26:00,2011-12-08 18:51:00,14,37
13319.0,36,11026.76,22.05352,4762,2010-12-07 11:47:00,2011-12-04 13:34:00,211,363
13320.0,6,1605.7,14.597272727272728,1126,2011-05-10 10:29:00,2011-09-30 12:52:00,77,144
13321.0,2,567.36,51.57818181818182,372,2011-09-14 15:18:00,2011-09-28 15:24:00,10,15
13322.0,1,199.48000000000002,7.9792000000000005,117,2011-11-22 14:21:00,2011-11-22 14:21:00,25,1
13323.0,5,787.85,37.516666666666666,175,2011-09-16 13:23:00,2011-12-06 17:12:00,6,82
13324.0,12,7171.1,93.13116883116884,5210,2010-12-14 09:50:00,2011-11-07 15:51:00,25,329
13325.0,1,675.3,56.275,240,2011-09-19 10:36:00,2011-09-19 10:36:00,12,1
13327.0,9,3637.9700000000003,33.37587155963303,1612,2010-12-09 15:32:00,2011-11-01 10:21:00,74,327
13328.0,1,1308.48,76.96941176470588,680,2011-01-27 15:22:00,2011-01-27 15:22:00,17,1
13329.0,4,837.5999999999999,44.084210526315786,499,2010-12-08 10:11:00,2011-11-08 10:29:00,16,336
13330.0,3,1140.93,21.526981132075473,751,2011-01-28 10:08:00,2011-09-08 12:27:00,37,224
13332.0,1,350.9,16.70952380952381,179,2011-11-25 13:30:00,2011-11-25 13:30:00,21,1
13334.0,3,3536.82,13.197089552238806,1774,2011-02-07 11:42:00,2011-09-18 15:21:00,207,224
13336.0,1,795.12,15.590588235294117,559,2011-09-23 14:05:00,2011-09-23 14:05:00,51,1
13338.0,3,542.22,22.5925,265,2011-07-05 09:06:00,2011-07-08 14:53:00,19,4
13339.0,1,860.12,15.928148148148148,326,2011-05-23 08:31:00,2011-05-23 08:31:00,54,1
13340.0,7,10736.48,80.12298507462687,5770,2011-03-08 11:39:00,2011-10-25 13:15:00,128,232
13341.0,1,775.85,18.472619047619048,301,2011-03-24 09:50:00,2011-03-24 09:50:00,42,1
13343.0,2,402.93,18.315,144,2011-06-15 12:24:00,2011-06-20 11:37:00,19,5
13344.0,3,2543.72,21.37579831932773,971,2011-03-07 10:28:00,2011-10-03 09:45:00,115,210
13345.0,2,401.40000000000003,18.245454545454546,143,2011-02-25 09:01:00,2011-03-08 08:34:00,20,11
13347.0,1,341.36,42.67,205,2011-09-30 13:28:00,2011-09-30 13:28:00,8,1
13348.0,1,233.76,16.697142857142858,136,2011-10-06 17:28:00,2011-10-06 17:28:00,14,1
13349.0,1,247.32,15.4575,225,2011-11-29 08:07:00,2011-11-29 08:07:00,16,1
13350.0,3,1047.52,24.36093023255814,290,2011-09-21 13:33:00,2011-11-23 16:33:00,36,64
13351.0,1,373.94,23.37125,117,2011-10-04 12:55:00,2011-10-04 12:55:00,16,1
13352.0,2,406.67999999999995,15.06222222222222,327,2011-10-10 13:55:00,2011-12-02 11:58:00,24,53
13354.0,1,743.53,14.579019607843136,604,2011-09-29 13:17:00,2011-09-29 13:17:00,51,1
13355.0,1,674.7,21.084375,314,2011-08-09 14:48:00,2011-08-09 14:48:00,32,1
13356.0,1,768.24,18.291428571428572,325,2011-09-20 14:33:00,2011-09-20 14:33:00,42,1
13357.0,1,609.95,6.777222222222223,322,2011-03-27 13:56:00,2011-03-27 13:56:00,85,1
13358.0,1,439.03,15.138965517241378,285,2011-03-16 11:52:00,2011-03-16 11:52:00,29,1
13359.0,2,447.86,18.660833333333333,163,2011-10-07 09:30:00,2011-10-11 16:48:00,23,5
13362.0,5,3095.9900000000002,18.319467455621304,1385,2011-02-25 11:33:00,2011-12-06 13:57:00,128,285
13363.0,2,992.5,16.541666666666668,710,2011-10-27 10:46:00,2011-11-22 12:40:00,47,27
13364.0,2,269.91999999999996,13.495999999999999,142,2011-09-29 18:13:00,2011-10-04 09:48:00,10,5
13365.0,3,2259.52,17.117575757575757,1256,2011-05-06 12:00:00,2011-12-01 08:39:00,122,209
13366.0,1,56.160000000000004,56.160000000000004,144,2011-10-20 13:37:00,2011-10-20 13:37:00,1,1
13368.0,2,623.4,21.49655172413793,327,2011-01-06 12:32:00,2011-03-28 09:59:00,29,81
13369.0,2,352.81,18.568947368421053,171,2010-12-09 11:30:00,2010-12-20 14:02:00,14,12
13370.0,2,788.4200000000001,17.918636363636367,350,2010-12-03 10:26:00,2010-12-08 15:57:00,39,6
13372.0,1,378.64,16.46260869565217,159,2011-09-11 12:46:00,2011-09-11 12:46:00,23,1
13373.0,3,3312.25,20.963607594936708,1651,2011-03-08 14:35:00,2011-10-10 10:51:00,135,216
13375.0,2,784.4,20.642105263157895,443,2011-09-12 10:19:00,2011-09-19 16:01:00,37,8
13376.0,3,1019.76,19.240754716981133,493,2011-04-19 13:03:00,2011-09-01 16:16:00,45,136
13379.0,3,572.56,5.902680412371134,601,2011-07-26 12:26:00,2011-11-13 13:45:00,85,111
13381.0,7,3651.81,21.10872832369942,2031,2011-02-14 10:10:00,2011-11-18 16:59:00,77,278
13382.0,1,222.99,14.866000000000001,131,2011-03-04 10:03:00,2011-03-04 10:03:00,15,1
13384.0,9,4181.58,26.97793548387097,2429,2011-06-14 12:47:00,2011-11-09 11:04:00,123,148
13385.0,1,534.57,15.273428571428573,281,2011-01-14 09:52:00,2011-01-14 09:52:00,35,1
13388.0,3,727.05,20.195833333333333,283,2011-07-31 12:52:00,2011-08-10 13:35:00,35,11
13389.0,3,797.96,15.646274509803922,429,2011-04-21 12:12:00,2011-11-28 14:01:00,50,222
13390.0,1,544.08,41.8523076923077,224,2011-09-26 08:38:00,2011-09-26 08:38:00,13,1
13391.0,1,59.8,59.8,4,2011-05-20 10:50:00,2011-05-20 10:50:00,1,1
13394.0,10,2727.2400000000002,16.629512195121954,2569,2011-02-03 10:39:00,2011-12-08 11:36:00,126,309
13395.0,1,307.72,14.653333333333334,336,2011-06-07 15:04:00,2011-06-07 15:04:00,21,1
13396.0,4,1396.69,29.716808510638298,608,2011-01-24 13:37:00,2011-11-18 09:42:00,42,298
13397.0,6,1549.08,39.72,431,2011-01-04 13:50:00,2011-09-28 10:56:00,28,267
13398.0,1,457.34,17.59,281,2011-05-31 13:17:00,2011-05-31 13:17:00,26,1
13402.0,2,621.23,15.92897435897436,479,2010-12-02 17:12:00,2011-08-04 15:51:00,32,245
13403.0,1,75.0,25.0,44,2011-11-22 08:28:00,2011-11-22 08:28:00,3,1
13404.0,2,252.49,22.953636363636363,111,2011-05-11 11:57:00,2011-12-08 15:37:00,11,212
13405.0,3,572.451,21.201888888888888,165,2011-01-26 09:27:00,2011-09-26 17:01:00,25,244
13408.0,81,28746.670000000002,57.37858283433134,16345,2010-12-01 10:39:00,2011-12-08 09:05:00,236,372
13410.0,7,1017.21,33.907000000000004,523,2011-02-21 14:38:00,2011-12-01 08:58:00,15,283
13411.0,1,213.55,11.863888888888889,72,2011-08-24 13:57:00,2011-08-24 13:57:00,17,1
13414.0,3,1390.5,57.9375,1574,2011-02-16 12:13:00,2011-07-29 11:45:00,23,163
13416.0,2,712.5,37.5,142,2011-09-19 14:43:00,2011-10-27 08:56:00,11,38
13417.0,2,640.83,22.886785714285715,162,2011-05-18 16:26:00,2011-12-05 08:49:00,26,201
13418.0,23,6409.42,20.41216560509554,3997,2010-12-02 10:45:00,2011-11-28 10:23:00,223,361
13419.0,1,221.06,13.81625,275,2011-10-07 12:49:00,2011-10-07 12:49:00,16,1
13420.0,4,179.35,17.935,114,2011-06-22 11:35:00,2011-07-28 12:10:00,8,37
13421.0,3,1853.18,17.649333333333335,1182,2011-02-22 15:46:00,2011-10-30 14:21:00,89,250
13422.0,2,2651.05,20.711328125,1331,2011-10-06 13:42:00,2011-10-19 13:45:00,127,14
13425.0,3,1624.21,20.823205128205128,1123,2011-02-18 08:34:00,2011-08-23 17:13:00,66,187
13426.0,12,3731.94,23.47132075471698,2266,2010-12-15 12:43:00,2011-12-09 08:59:00,104,359
13427.0,3,582.6,20.089655172413792,545,2011-05-08 15:58:00,2011-11-20 13:02:00,25,196
13428.0,1,218.47,2.952297297297297,156,2011-11-29 14:20:00,2011-11-29 14:20:00,70,1
13429.0,4,1006.8,15.02686567164179,1390,2011-09-25 15:59:00,2011-11-29 09:10:00,55,65
13430.0,4,710.21,13.152037037037038,764,2011-09-14 14:26:00,2011-11-21 08:19:00,49,68
13431.0,2,1269.1,27.589130434782607,672,2011-09-12 11:25:00,2011-10-03 13:49:00,44,22
13434.0,2,534.24,53.424,300,2011-09-04 10:35:00,2011-09-26 14:30:00,9,23
13435.0,9,3825.29,37.13873786407767,2133,2011-06-03 17:07:00,2011-12-04 14:59:00,68,184
13436.0,1,196.89,16.4075,76,2011-12-08 10:33:00,2011-12-08 10:33:00,12,1
13437.0,7,3408.06,20.40754491017964,1283,2011-06-02 14:30:00,2011-11-25 14:00:00,143,176
13439.0,1,283.71,5.253888888888889,242,2011-03-29 14:20:00,2011-03-29 14:20:00,54,1
13441.0,1,296.64,22.818461538461538,204,2011-09-09 09:38:00,2011-09-09 09:38:00,13,1
13447.0,4,1154.05,18.613709677419354,591,2011-11-04 10:10:00,2011-11-16 13:38:00,55,13
13448.0,10,3613.07,18.15613065326633,1682,2010-12-01 10:52:00,2011-11-23 12:33:00,137,358
13449.0,1,291.88,15.362105263157895,222,2011-11-16 08:28:00,2011-11-16 08:28:00,19,1
13450.0,6,2043.7199999999998,28.784788732394365,1982,2011-05-05 19:48:00,2011-11-13 11:54:00,32,192
13451.0,6,3035.85,6.8374999999999995,2155,2011-01-09 15:35:00,2011-11-13 15:58:00,315,309
13452.0,2,590.0,295.0,2,2011-03-14 11:38:00,2011-03-25 14:19:00,1,12
13453.0,2,356.97999999999996,20.998823529411762,134,2011-02-23 09:44:00,2011-06-27 09:34:00,16,124
13455.0,4,1109.33,20.93075471698113,363,2010-12-08 13:11:00,2011-11-15 11:21:00,42,342
13456.0,7,1795.6200000000001,27.62492307692308,774,2011-05-16 15:34:00,2011-11-22 09:18:00,43,190
13458.0,22,9755.22,24.75944162436548,5556,2010-12-15 12:05:00,2011-12-02 15:29:00,242,353
13460.0,2,183.44,10.790588235294118,286,2011-10-21 09:50:00,2011-11-10 17:17:00,16,21
13461.0,3,1445.0,53.51851851851852,1170,2011-06-29 10:23:00,2011-11-01 09:01:00,14,125
13462.0,2,159.75,15.975,63,2011-04-01 11:20:00,2011-06-09 19:53:00,9,70
13464.0,1,674.68,16.45560975609756,403,2011-10-12 15:01:00,2011-10-12 15:01:00,41,1
13466.0,2,317.85,17.658333333333335,260,2011-06-08 16:39:00,2011-08-31 15:29:00,17,84
13467.0,2,1083.71,10.946565656565657,584,2011-11-03 16:56:00,2011-11-29 10:01:00,89,26
13468.0,41,5753.19,18.80127450980392,2597,2010-12-01 15:08:00,2011-12-08 10:39:00,184,372
13470.0,2,165.0,16.5,100,2011-08-16 17:06:00,2011-09-01 14:57:00,7,16
13471.0,4,2531.58,9.736846153846153,1590,2011-10-23 13:10:00,2011-12-08 15:44:00,214,47
13473.0,3,427.74,19.44272727272727,272,2011-01-11 08:45:00,2011-10-10 11:20:00,21,273
13474.0,1,229.59,3.58734375,132,2011-04-17 13:53:00,2011-04-17 13:53:00,59,1
13475.0,4,1431.78,16.648604651162792,1012,2011-02-14 12:36:00,2011-06-01 13:52:00,64,108
13476.0,4,1384.17,22.691311475409837,420,2011-03-03 14:43:00,2011-06-14 12:00:00,56,103
13477.0,8,1467.6299999999999,18.118888888888886,1024,2011-02-21 12:29:00,2011-11-02 12:04:00,57,254
13479.0,3,310.9,19.43125,135,2011-04-19 11:27:00,2011-05-25 16:49:00,14,37
13481.0,8,1832.31,16.359910714285714,1157,2010-12-06 15:12:00,2011-10-25 09:07:00,98,323
13482.0,1,184.64,16.785454545454545,116,2011-04-21 17:03:00,2011-04-21 17:03:00,11,1
13483.0,1,140.34,14.034,160,2011-10-05 11:53:00,2011-10-05 11:53:00,10,1
13484.0,1,313.8,39.225,44,2011-04-12 16:30:00,2011-04-12 16:30:00,8,1
13485.0,1,454.24,19.749565217391304,277,2011-04-20 13:58:00,2011-04-20 13:58:00,23,1
13486.0,3,1122.41,16.2668115942029,669,2011-07-07 17:19:00,2011-09-22 13:13:00,69,77
13487.0,3,575.4,16.923529411764704,265,2010-12-21 14:54:00,2011-10-13 12:07:00,26,296
13488.0,17,9026.01,21.138196721311477,4524,2010-12-07 13:01:00,2011-11-22 14:41:00,272,351
13489.0,4,449.52,32.10857142857143,560,2011-02-18 10:42:00,2011-08-26 13:16:00,11,190
13491.0,10,1215.82,14.137441860465115,903,2010-12-02 14:30:00,2011-10-19 08:32:00,73,321
13492.0,3,1269.84,25.3968,408,2011-05-09 10:06:00,2011-07-26 14:25:00,38,79
13493.0,2,618.63,77.32875,380,2011-02-25 16:42:00,2011-03-09 15:35:00,6,12
13494.0,1,316.26000000000005,17.570000000000004,162,2011-02-01 11:58:00,2011-02-01 11:58:00,18,1
13495.0,6,2099.62,40.37730769230769,844,2010-12-06 15:14:00,2011-12-02 11:21:00,34,361
13496.0,3,688.73,19.13138888888889,353,2010-12-15 10:17:00,2011-11-29 10:58:00,28,350
13497.0,3,375.05,18.7525,167,2010-12-06 11:37:00,2011-03-02 09:04:00,19,86
13499.0,7,1171.26,26.028,1372,2011-03-15 08:52:00,2011-11-22 11:21:00,31,253
13500.0,4,1196.77,17.86223880597015,633,2011-08-09 12:20:00,2011-11-16 15:35:00,60,100
13501.0,2,1370.17,25.852264150943398,563,2011-02-24 18:59:00,2011-04-11 09:35:00,52,46
13502.0,3,292.0,16.22222222222222,264,2011-01-20 09:03:00,2011-11-23 10:39:00,17,308
13503.0,1,216.85,12.755882352941176,248,2011-09-29 13:23:00,2011-09-29 13:23:00,17,1
13504.0,1,295.93,13.451363636363636,178,2011-10-06 13:20:00,2011-10-06 13:20:00,22,1
13505.0,8,4504.38,19.84308370044053,2511,2011-04-21 12:07:00,2011-10-03 12:14:00,182,166
13506.0,3,464.21999999999997,16.00758620689655,327,2010-12-05 12:15:00,2011-01-31 15:27:00,26,58
13507.0,4,2479.16,15.303456790123455,1597,2011-07-17 11:50:00,2011-12-06 13:13:00,146,143
13508.0,1,110.97,9.2475,24,2011-04-10 11:58:00,2011-04-10 11:58:00,12,1
13509.0,7,979.72,22.266363636363636,1106,2011-02-28 13:27:00,2011-12-01 10:10:00,27,276
13510.0,5,1797.96,15.367179487179488,1390,2011-06-09 09:32:00,2011-12-08 13:46:00,86,183
13512.0,1,251.21,16.747333333333334,143,2011-03-24 10:03:00,2011-03-24 10:03:00,15,1
13513.0,1,205.1,20.509999999999998,109,2011-08-05 11:50:00,2011-08-05 11:50:00,10,1
13514.0,1,152.20000000000002,38.050000000000004,40,2011-09-27 09:39:00,2011-09-27 09:39:00,4,1
13515.0,4,891.12,15.103728813559322,681,2011-04-06 10:33:00,2011-09-28 11:26:00,50,176
13516.0,3,1389.41,31.5775,985,2011-04-15 11:06:00,2011-11-18 13:15:00,43,218
13517.0,5,2147.77,15.019370629370629,1378,2011-06-13 08:44:00,2011-10-11 11:43:00,125,121
13518.0,1,659.4399999999999,17.353684210526314,392,2011-09-15 10:29:00,2011-09-15 10:29:00,36,1
13519.0,2,134.7,14.966666666666665,24,2011-09-22 18:24:00,2011-10-20 15:56:00,8,28
13520.0,8,3760.95,39.58894736842105,1656,2010-12-03 10:36:00,2011-10-12 10:20:00,49,313
13521.0,3,1093.65,2.508371559633028,736,2011-11-29 15:09:00,2011-12-08 13:50:00,313,9
13522.0,1,125.80000000000001,25.160000000000004,44,2011-11-09 15:11:00,2011-11-09 15:11:00,5,1
13523.0,6,4174.38,23.58406779661017,1759,2010-12-08 14:22:00,2011-11-06 15:11:00,157,334
13524.0,5,680.1800000000001,25.191851851851855,324,2011-05-04 12:26:00,2011-10-30 12:34:00,17,180
13525.0,2,628.78,104.79666666666667,394,2011-04-05 15:36:00,2011-11-25 12:01:00,5,234
13527.0,8,2311.26,10.318125,1711,2011-01-17 11:17:00,2011-11-06 12:04:00,153,294
13529.0,2,307.76,20.517333333333333,74,2011-05-19 11:50:00,2011-09-22 09:15:00,15,126
13531.0,2,483.8,21.990909090909092,174,2010-12-08 15:03:00,2011-05-18 16:56:00,17,162
13532.0,1,210.31,3.1865151515151515,129,2011-11-06 12:25:00,2011-11-06 12:25:00,66,1
13533.0,3,270.79,3.563026315789474,204,2011-03-17 12:47:00,2011-06-10 11:54:00,61,85
13534.0,43,6127.08,17.915438596491228,3046,2010-12-16 15:23:00,2011-12-07 14:52:00,119,356
13536.0,7,3448.29,19.264189944134078,2136,2011-09-25 13:30:00,2011-12-08 16:38:00,91,75
13538.0,7,1280.85,51.233999999999995,175,2011-01-28 10:40:00,2011-10-27 16:34:00,10,273
13539.0,4,656.84,17.285263157894736,326,2011-02-03 15:23:00,2011-09-15 10:18:00,36,224
13544.0,2,291.41,3.349540229885058,127,2011-04-13 12:09:00,2011-10-31 11:57:00,76,201
13546.0,3,626.99,6.397857142857143,359,2011-05-23 12:14:00,2011-11-27 14:50:00,72,189
13548.0,2,682.41,5.503306451612903,441,2011-04-10 11:35:00,2011-09-04 14:50:00,114,148
13549.0,8,920.28,17.697692307692307,459,2011-04-11 13:42:00,2011-11-14 09:20:00,37,217
13551.0,1,91.80000000000001,22.950000000000003,12,2011-01-24 14:46:00,2011-01-24 14:46:00,4,1
13552.0,16,3940.61,32.567024793388434,1448,2011-01-28 10:10:00,2011-10-04 15:19:00,82,250
13555.0,4,4149.28,30.50941176470588,2660,2011-05-22 11:06:00,2011-09-27 12:36:00,128,129
13557.0,2,584.06,17.178235294117645,546,2011-03-04 12:14:00,2011-11-11 15:24:00,31,253
13558.0,4,605.06,3.457485714285714,344,2011-10-02 13:01:00,2011-12-04 11:24:00,123,63
13560.0,1,174.37,5.283939393939394,64,2011-12-02 13:11:00,2011-12-02 13:11:00,32,1
13561.0,1,141.85999999999999,10.132857142857143,83,2011-05-08 12:39:00,2011-05-08 12:39:00,14,1
13562.0,3,1799.33,21.943048780487803,757,2011-04-08 12:42:00,2011-09-19 10:51:00,50,164
13563.0,2,777.53,15.867959183673468,209,2011-07-22 17:21:00,2011-09-16 14:45:00,49,56
13564.0,5,2850.3,33.532941176470594,663,2010-12-06 17:26:00,2011-07-18 14:35:00,68,224
13565.0,2,240.22,6.321578947368421,172,2011-01-09 14:28:00,2011-11-20 14:33:00,35,316
13566.0,2,874.71,4.969943181818182,575,2011-09-18 12:40:00,2011-10-30 11:59:00,134,42
13568.0,1,192.85,4.382954545454545,70,2011-06-19 14:42:00,2011-06-19 14:42:00,41,1
13569.0,2,373.75,4.397058823529412,164,2010-12-07 12:29:00,2011-11-22 13:07:00,73,351
13570.0,1,239.49,8.870000000000001,161,2011-04-10 13:36:00,2011-04-10 13:36:00,27,1
13571.0,12,2092.32,6.1358357771261005,1759,2011-03-31 12:43:00,2011-11-27 10:47:00,157,241
13572.0,1,1384.25,41.946969696969695,534,2011-05-18 11:59:00,2011-05-18 11:59:00,32,1
13573.0,2,294.4,11.323076923076922,303,2011-03-31 14:47:00,2011-10-20 14:33:00,24,203
13575.0,5,732.0699999999999,15.914565217391303,449,2011-06-16 14:24:00,2011-11-16 13:14:00,41,153
13576.0,20,6731.38,51.77984615384616,2652,2010-12-01 17:24:00,2011-11-29 15:34:00,78,363
13577.0,5,1716.9,20.198823529411765,811,2011-04-12 10:33:00,2011-11-14 15:19:00,61,217
13579.0,2,467.04,20.30608695652174,176,2010-12-05 16:10:00,2011-11-25 08:41:00,19,355
13581.0,1,118.0,11.8,30,2011-02-03 14:41:00,2011-02-03 14:41:00,10,1
13583.0,1,781.03,14.736415094339621,725,2011-07-07 10:40:00,2011-07-07 10:40:00,53,1
13584.0,1,142.4,5.933333333333334,37,2011-02-06 12:49:00,2011-02-06 12:49:00,24,1
13587.0,3,1077.8,97.98181818181818,200,2011-10-07 12:31:00,2011-11-08 11:17:00,8,32
13588.0,13,2512.78,13.95988888888889,2639,2011-03-29 15:53:00,2011-11-24 10:42:00,132,240
13589.0,2,379.65,18.07857142857143,114,2011-06-13 12:44:00,2011-11-25 12:10:00,21,165
13590.0,7,1987.72,22.333932584269665,1850,2011-02-09 13:25:00,2011-11-28 12:54:00,70,292
13591.0,3,1117.13,19.26086206896552,485,2011-03-18 12:18:00,2011-10-06 12:26:00,56,203
13592.0,4,247.95999999999998,15.497499999999999,84,2011-03-20 14:01:00,2011-11-04 09:49:00,15,229
13593.0,6,2083.88,16.154108527131783,755,2011-01-07 16:32:00,2011-08-23 13:35:00,77,228
13594.0,1,396.97,15.268076923076924,359,2011-10-18 10:19:00,2011-10-18 10:19:00,26,1
13596.0,2,697.04,4.199036144578313,406,2011-11-27 11:57:00,2011-12-04 12:01:00,133,8
13598.0,2,192.92000000000002,4.705365853658537,59,2011-10-23 14:28:00,2011-10-23 14:35:00,33,1
13599.0,33,5276.74,19.987651515151516,3419,2010-12-08 10:11:00,2011-12-08 19:26:00,172,366
13600.0,1,219.52,11.553684210526317,324,2011-01-31 15:27:00,2011-01-31 15:27:00,19,1
13601.0,2,693.32,7.003232323232324,548,2011-05-12 16:52:00,2011-10-25 17:31:00,90,167
13602.0,1,428.89,18.647391304347824,267,2011-10-06 11:47:00,2011-10-06 11:47:00,23,1
13603.0,1,164.34,6.086666666666667,164,2011-11-13 15:57:00,2011-11-13 15:57:00,27,1
13606.0,3,280.53999999999996,6.524186046511627,279,2011-02-01 11:42:00,2011-11-10 17:46:00,40,283
13607.0,1,678.01,6.918469387755102,290,2011-10-30 16:17:00,2011-10-30 16:17:00,93,1
13610.0,9,1148.33,5.036535087719298,518,2011-02-27 14:44:00,2011-11-27 15:38:00,165,274
13611.0,4,1185.4,15.597368421052632,770,2010-12-15 10:31:00,2011-09-11 14:51:00,67,271
13614.0,4,1610.46,8.01223880597015,570,2011-01-13 12:37:00,2011-11-15 14:47:00,171,307
13615.0,2,435.39,18.14125,195,2011-01-25 08:21:00,2011-01-31 11:29:00,23,7
13617.0,3,544.18,12.367727272727272,300,2011-06-12 12:55:00,2011-10-30 13:50:00,31,141
13618.0,1,177.34,13.641538461538461,246,2011-06-19 11:09:00,2011-06-19 11:09:00,13,1
13621.0,1,213.85,11.255263157894737,343,2011-08-15 08:26:00,2011-08-15 08:26:00,19,1
13623.0,7,823.12,9.571162790697674,302,2011-02-15 12:55:00,2011-11-09 12:00:00,78,267
13626.0,1,257.23,13.53842105263158,209,2011-04-01 10:05:00,2011-04-01 10:05:00,19,1
13627.0,7,1652.92,17.584255319148937,1272,2010-12-17 09:52:00,2011-10-11 14:20:00,84,299
13629.0,11,7792.36,132.07389830508475,4372,2011-01-05 12:09:00,2011-11-16 13:21:00,28,316
13630.0,11,2067.88,25.8485,1405,2011-02-27 12:49:00,2011-12-04 15:16:00,51,281
13631.0,12,3119.07,259.9225,474,2011-03-17 17:13:00,2011-09-01 09:57:00,6,168
13632.0,6,2125.52,14.459319727891156,1038,2011-04-10 15:07:00,2011-11-15 10:51:00,121,219
13634.0,5,1575.16,8.378510638297874,704,2011-01-16 15:30:00,2011-11-06 13:40:00,156,294
13635.0,1,1071.03,17.274677419354838,677,2011-10-03 10:55:00,2011-10-03 10:55:00,62,1
13636.0,6,956.62,14.9471875,598,2011-02-27 14:29:00,2011-11-03 10:30:00,57,249
13637.0,3,810.5,8.024752475247524,409,2011-04-27 13:06:00,2011-10-18 13:32:00,79,175
13638.0,1,122.64,15.33,93,2011-11-24 10:38:00,2011-11-24 10:38:00,8,1
13639.0,1,1033.34,25.833499999999997,800,2011-09-26 13:36:00,2011-09-26 13:36:00,39,1
13642.0,1,354.8,5.375757575757576,173,2011-05-08 12:34:00,2011-05-08 12:34:00,57,1
13643.0,3,519.44,18.551428571428573,273,2011-06-07 11:40:00,2011-11-08 15:37:00,24,155
13644.0,5,2651.0,17.91216216216216,2074,2011-08-26 11:53:00,2011-12-01 08:18:00,144,97
13645.0,1,252.1,50.42,158,2011-08-11 16:11:00,2011-08-11 16:11:00,5,1
13647.0,5,1686.02,21.07525,896,2011-04-19 09:49:00,2011-11-30 12:00:00,65,226
13649.0,2,346.6,15.069565217391306,139,2010-12-08 14:46:00,2011-03-28 11:51:00,23,110
13650.0,7,1863.34,19.013673469387754,926,2011-03-17 12:37:00,2011-11-23 12:22:00,79,251
13651.0,2,94.2,15.700000000000001,33,2011-10-31 12:11:00,2011-11-04 14:59:00,6,5
13652.0,3,1095.08,17.38222222222222,578,2010-12-06 09:21:00,2011-10-25 08:51:00,48,323
13654.0,6,2707.33,16.30921686746988,2182,2011-03-11 12:54:00,2011-10-27 16:24:00,157,231
13655.0,2,932.97,16.66017857142857,605,2011-04-12 09:53:00,2011-08-17 14:25:00,52,128
13656.0,2,379.65,7.747959183673469,490,2011-01-06 15:42:00,2011-06-28 10:31:00,49,173
13657.0,2,382.14,23.88375,209,2011-05-22 12:35:00,2011-11-29 12:32:00,16,191
13658.0,7,2856.87,25.507767857142856,1029,2011-05-19 17:15:00,2011-11-30 10:13:00,91,195
13659.0,3,1595.55,14.77361111111111,909,2011-01-23 12:08:00,2011-05-26 19:56:00,93,124
13662.0,7,916.44,15.800689655172414,548,2011-03-25 13:23:00,2011-09-15 12:04:00,50,174
13663.0,1,189.47,14.574615384615385,91,2011-06-13 15:44:00,2011-06-13 15:44:00,13,1
13666.0,3,84.65,7.054166666666667,41,2011-02-25 13:05:00,2011-10-10 15:39:00,12,228
13667.0,1,305.02,3.505977011494253,154,2011-07-13 15:42:00,2011-07-13 15:42:00,82,1
13668.0,29,6511.11,12.996227544910179,3847,2010-12-12 12:35:00,2011-12-07 12:14:00,286,360
13669.0,2,218.55,24.283333333333335,237,2011-07-13 11:44:00,2011-10-20 09:32:00,9,99
13670.0,1,349.7,13.988,282,2011-09-25 15:25:00,2011-09-25 15:25:00,25,1
13672.0,6,444.24,27.765,115,2011-01-10 12:02:00,2011-02-11 13:55:00,5,33
13673.0,2,396.92,6.106461538461539,119,2011-11-07 15:40:00,2011-11-21 12:11:00,47,14
13675.0,2,486.82000000000005,19.472800000000003,330,2011-02-28 12:14:00,2011-07-11 12:57:00,25,134
13678.0,1,232.6,14.5375,924,2011-07-11 10:14:00,2011-07-11 10:14:00,16,1
13680.0,5,5242.53,24.27097222222222,2605,2011-01-04 14:12:00,2011-12-08 13:47:00,164,338
13681.0,4,827.83,14.523333333333333,360,2011-07-07 15:21:00,2011-11-22 11:13:00,37,138
13682.0,1,59.5,19.833333333333332,10,2011-06-05 14:06:00,2011-06-05 14:06:00,3,1
13684.0,2,70.23,2.265483870967742,40,2011-02-27 10:13:00,2011-02-27 10:25:00,29,1
13685.0,7,3119.44,79.98564102564103,5056,2011-10-10 12:59:00,2011-12-07 11:41:00,29,58
13686.0,1,72.0,9.0,70,2011-06-10 09:10:00,2011-06-10 09:10:00,8,1
13689.0,1,910.0,151.66666666666666,512,2011-10-07 13:21:00,2011-10-07 13:21:00,6,1
13690.0,1,172.25,19.13888888888889,67,2011-10-11 15:03:00,2011-10-11 15:03:00,9,1
13692.0,5,1509.77,27.450363636363637,1228,2011-04-17 12:57:00,2011-11-15 11:17:00,49,212
13693.0,2,32.0,8.0,6,2011-01-18 15:21:00,2011-01-18 15:23:00,4,1
13694.0,60,67426.14,115.25835897435897,64821,2010-12-01 12:12:00,2011-12-06 09:32:00,369,370
13695.0,15,2504.13,27.823666666666668,1603,2011-03-25 11:31:00,2011-11-08 14:26:00,46,229
13697.0,1,151.29999999999998,12.608333333333333,177,2011-11-01 09:14:00,2011-11-01 09:14:00,12,1
13699.0,1,308.58000000000004,22.041428571428575,66,2011-07-07 16:51:00,2011-07-07 16:51:00,14,1
13700.0,10,2265.12,11.498071065989848,2304,2011-01-16 13:18:00,2011-11-13 13:00:00,139,301
13703.0,1,99.5,99.5,10,2011-01-25 13:10:00,2011-01-25 13:10:00,1,1
13704.0,10,2320.81,17.191185185185184,1534,2011-09-12 14:40:00,2011-12-04 15:13:00,111,84
13705.0,3,711.86,25.423571428571428,363,2010-12-01 10:29:00,2011-12-02 12:32:00,25,367
13706.0,1,330.79,16.5395,189,2011-02-10 09:21:00,2011-02-10 09:21:00,20,1
13707.0,2,806.41,16.800208333333334,351,2011-01-28 13:27:00,2011-03-17 18:03:00,48,49
13708.0,1,296.88,5.821176470588235,306,2011-03-13 13:46:00,2011-03-13 13:46:00,49,1
13709.0,17,6406.99,18.51731213872832,3531,2011-01-28 14:57:00,2011-12-06 10:28:00,244,312
13710.0,1,180.48,22.56,176,2011-11-08 08:16:00,2011-11-08 08:16:00,8,1
13711.0,2,252.06,19.38923076923077,140,2011-05-05 10:29:00,2011-05-05 10:31:00,11,1
13712.0,1,228.84,22.884,352,2011-04-07 12:33:00,2011-04-07 12:33:00,10,1
13715.0,8,1104.74,10.229074074074074,571,2010-12-02 08:52:00,2011-03-03 19:21:00,89,92
13716.0,1,138.28,6.584761904761905,138,2011-03-15 13:49:00,2011-03-15 13:49:00,21,1
13717.0,7,1457.76,14.153009708737864,1960,2011-02-14 13:21:00,2011-11-07 14:13:00,92,267
13718.0,2,306.55,25.545833333333334,173,2011-02-17 11:58:00,2011-04-07 13:24:00,9,50
13719.0,5,1041.68,17.361333333333334,609,2011-04-19 13:56:00,2011-11-24 15:26:00,56,220
13720.0,4,799.9,18.60232558139535,501,2011-03-30 09:17:00,2011-08-15 12:46:00,42,139
13721.0,1,524.14,18.719285714285714,316,2011-11-03 14:05:00,2011-11-03 14:05:00,28,1
13722.0,4,2381.66,27.693720930232555,1402,2011-03-02 11:43:00,2011-08-11 15:26:00,75,163
13723.0,1,199.85000000000002,33.30833333333334,43,2011-05-06 17:04:00,2011-05-06 17:04:00,6,1
13725.0,11,2151.31,18.231440677966102,953,2011-02-04 12:18:00,2011-10-21 10:03:00,97,259
13726.0,2,1079.6599999999999,25.70619047619047,1054,2011-08-31 11:06:00,2011-11-01 10:49:00,39,62
13727.0,2,333.48,16.674,162,2011-11-06 12:16:00,2011-11-11 09:46:00,19,5
13728.0,6,1016.14,16.12920634920635,458,2011-02-02 12:09:00,2011-11-03 10:49:00,38,274
13730.0,2,752.6,17.50232558139535,488,2011-07-01 12:47:00,2011-07-27 08:35:00,38,26
13731.0,2,610.59,16.068157894736842,278,2011-04-07 10:10:00,2011-05-04 14:33:00,36,28
13732.0,1,491.86,14.904848484848486,498,2011-11-11 15:49:00,2011-11-11 15:49:00,33,1
13735.0,8,3004.3,14.443750000000001,1177,2011-04-19 12:40:00,2011-11-15 11:14:00,161,210
13736.0,3,739.8,3.81340206185567,501,2011-03-24 13:04:00,2011-12-04 15:19:00,167,256
13737.0,1,339.59999999999997,11.319999999999999,125,2011-05-23 16:32:00,2011-05-23 16:32:00,29,1
13739.0,1,216.9,72.3,54,2011-11-21 13:35:00,2011-11-21 13:35:00,3,1
13740.0,1,350.75,15.25,425,2011-04-13 10:32:00,2011-04-13 10:32:00,23,1
13741.0,4,670.53,19.157999999999998,219,2011-05-06 13:43:00,2011-09-29 09:19:00,34,146
13742.0,14,3159.62,9.782105263157895,1132,2011-01-23 14:59:00,2011-11-23 11:07:00,200,304
13743.0,8,1343.05,31.97738095238095,1777,2011-03-25 14:46:00,2011-12-07 10:09:00,8,257
13744.0,2,1156.36,16.060555555555553,1249,2011-02-20 14:08:00,2011-09-05 15:19:00,54,198
13745.0,2,308.54,11.866923076923078,506,2011-06-30 16:43:00,2011-07-11 14:21:00,25,11
13747.0,1,79.6,79.6,8,2010-12-01 10:37:00,2010-12-01 10:37:00,1,1
13748.0,5,948.25,33.86607142857143,439,2010-12-01 09:00:00,2011-09-05 09:45:00,24,279
13750.0,5,1647.26,68.63583333333334,516,2011-01-07 11:49:00,2011-10-17 12:16:00,20,284
13751.0,1,296.25,32.916666666666664,152,2011-02-24 15:56:00,2011-02-24 15:56:00,9,1
13752.0,6,1186.28,15.608947368421052,876,2011-04-07 12:04:00,2011-08-07 14:16:00,64,123
13753.0,1,741.26,21.178857142857144,512,2011-02-25 12:48:00,2011-02-25 12:48:00,35,1
13754.0,2,282.59999999999997,23.549999999999997,214,2011-01-26 14:58:00,2011-07-11 11:51:00,11,166
13755.0,10,2168.02,6.320758017492711,1287,2011-10-07 15:45:00,2011-12-06 12:26:00,232,60
13756.0,15,5233.92,36.600839160839165,3212,2010-12-07 11:41:00,2011-12-07 16:44:00,66,366
13758.0,7,3190.55,27.26965811965812,1844,2010-12-01 12:08:00,2011-11-28 11:11:00,104,362
13759.0,2,659.4100000000001,26.376400000000004,287,2011-09-29 15:40:00,2011-11-06 14:47:00,24,38
13760.0,2,286.79,5.03140350877193,197,2011-03-28 12:52:00,2011-10-16 16:13:00,50,203
13761.0,2,1070.65,15.295000000000002,642,2011-06-13 08:43:00,2011-10-20 14:01:00,68,130
13762.0,2,613.4399999999999,43.817142857142855,544,2011-05-05 09:15:00,2011-05-19 15:23:00,7,15
13763.0,3,1740.46,102.38,731,2011-06-21 17:40:00,2011-10-07 15:13:00,17,108
13764.0,3,1521.76,7.3161538461538465,932,2011-01-06 14:53:00,2011-09-30 12:03:00,183,267
13767.0,52,17495.010000000002,43.84714285714286,7386,2010-12-01 10:47:00,2011-12-07 15:00:00,55,372
13769.0,16,2821.15,19.728321678321677,1174,2010-12-07 13:28:00,2011-12-07 15:08:00,73,366
13771.0,5,2637.2,21.976666666666667,1478,2011-04-06 15:47:00,2011-10-06 14:18:00,114,183
13772.0,3,1132.13,6.396214689265538,546,2011-04-14 12:31:00,2011-11-06 11:43:00,141,206
13774.0,1,345.0,15.681818181818182,192,2011-09-19 12:06:00,2011-09-19 12:06:00,22,1
13777.0,41,26205.97,119.66196347031963,12990,2010-12-01 16:01:00,2011-12-09 12:25:00,40,373
13778.0,1,178.7,19.855555555555554,70,2011-08-28 15:25:00,2011-08-28 15:25:00,9,1
13780.0,2,360.01,6.315964912280702,318,2011-06-22 11:43:00,2011-12-02 13:49:00,56,164
13781.0,1,127.84,7.5200000000000005,30,2011-04-03 12:08:00,2011-04-03 12:08:00,17,1
13782.0,6,912.0,7.930434782608696,371,2011-01-16 11:08:00,2011-11-27 11:54:00,96,316
13784.0,11,2462.79,79.44483870967741,2493,2011-01-11 14:38:00,2011-11-30 09:33:00,9,323
13786.0,1,230.39999999999998,32.91428571428571,136,2010-12-07 13:53:00,2010-12-07 13:53:00,7,1
13787.0,2,309.04,9.969032258064518,337,2010-12-10 14:45:00,2011-09-25 12:06:00,24,289
13790.0,1,348.8,7.751111111111111,748,2011-12-05 15:48:00,2011-12-05 15:48:00,45,1
13791.0,3,1984.32,116.72470588235294,1572,2011-06-24 16:38:00,2011-10-27 14:38:00,7,125
13792.0,2,195.55,15.042307692307693,92,2011-02-25 14:03:00,2011-10-04 14:31:00,13,222
13798.0,63,37956.28,86.46077448747153,24382,2010-12-02 17:24:00,2011-12-08 15:51:00,115,371
13799.0,2,688.86,17.663076923076922,402,2011-02-18 14:18:00,2011-08-15 12:07:00,32,178
13800.0,1,558.32,16.91878787878788,331,2011-02-03 12:27:00,2011-02-03 12:27:00,33,1
13801.0,1,324.8,14.121739130434783,168,2011-10-04 10:15:00,2011-10-04 10:15:00,23,1
13802.0,6,5292.57,80.19045454545454,2863,2010-12-14 09:54:00,2011-07-24 13:26:00,57,223
13803.0,1,277.07,16.298235294117646,121,2011-03-29 12:57:00,2011-03-29 12:57:00,17,1
13804.0,7,2635.79,19.23934306569343,1498,2011-02-23 09:09:00,2011-11-09 12:32:00,124,260
13805.0,2,924.6,71.12307692307692,1900,2011-08-02 15:29:00,2011-10-18 14:50:00,10,77
13806.0,1,256.38,25.637999999999998,56,2011-10-07 11:43:00,2011-10-07 11:43:00,10,1
13807.0,1,112.6,16.085714285714285,36,2010-12-07 15:48:00,2010-12-07 15:48:00,7,1
13808.0,5,1747.66,22.995526315789476,782,2011-09-04 12:07:00,2011-12-04 12:18:00,70,92
13809.0,1,155.05,12.920833333333334,29,2011-02-07 13:15:00,2011-02-07 13:15:00,11,1
13810.0,4,2098.51,58.291944444444454,313,2011-10-14 12:57:00,2011-11-11 08:33:00,32,28
13811.0,4,1037.25,74.08928571428571,69,2011-04-14 18:40:00,2011-06-09 09:54:00,7,56
13812.0,3,539.0,14.972222222222221,333,2011-08-26 12:54:00,2011-10-28 14:27:00,33,64
13813.0,5,1380.31,19.440985915492956,554,2011-07-28 10:33:00,2011-10-31 10:38:00,54,96
13814.0,3,1596.12,27.519310344827584,866,2011-07-25 13:54:00,2011-10-14 16:57:00,37,82
13815.0,5,4039.81,22.82378531073446,2563,2011-01-25 12:16:00,2011-11-17 14:19:00,132,297
13816.0,4,588.3000000000001,17.827272727272728,278,2011-10-06 14:37:00,2011-11-16 08:38:00,27,41
13817.0,2,382.98,15.957500000000001,211,2010-12-23 11:46:00,2011-11-10 17:49:00,20,323
13819.0,3,1140.35,31.676388888888887,1109,2011-01-24 10:38:00,2011-02-11 10:38:00,26,19
13821.0,2,385.64,6.536271186440678,153,2011-03-23 11:30:00,2011-07-18 09:49:00,51,117
13822.0,2,632.0,6.583333333333333,611,2011-10-30 15:55:00,2011-12-04 12:13:00,90,35
13823.0,2,957.66,23.941499999999998,439,2011-09-09 10:42:00,2011-11-21 10:22:00,39,73
13824.0,5,1698.94,36.93347826086956,768,2011-02-02 13:07:00,2011-11-07 12:41:00,34,278
13826.0,2,204.35,17.029166666666665,84,2011-06-16 13:48:00,2011-07-04 16:27:00,11,19
13827.0,3,412.05,4.430645161290323,141,2011-07-19 15:38:00,2011-10-13 12:38:00,83,86
13828.0,1,209.49,13.966000000000001,311,2011-11-17 16:02:00,2011-11-17 16:02:00,15,1
13829.0,1,102.0,102.0,12,2010-12-15 16:36:00,2010-12-15 16:36:00,1,1
13831.0,6,2202.99,29.77013513513513,745,2010-12-05 12:13:00,2011-11-23 15:41:00,58,354
13832.0,2,63.449999999999996,15.862499999999999,31,2011-11-20 15:36:00,2011-11-22 12:31:00,3,2
13833.0,1,384.8,13.26896551724138,118,2011-07-03 13:27:00,2011-07-03 13:27:00,28,1
13835.0,4,834.57,15.174000000000001,442,2011-05-08 15:22:00,2011-11-14 15:37:00,48,191
13837.0,2,271.24,14.275789473684211,183,2011-01-26 12:15:00,2011-05-12 12:10:00,17,106
13838.0,4,691.73,3.975459770114943,263,2010-12-05 10:45:00,2011-12-04 11:00:00,144,365
13841.0,1,85.0,85.0,100,2011-04-01 12:10:00,2011-04-01 12:10:00,1,1
13842.0,9,3385.62,16.43504854368932,1768,2010-12-08 10:39:00,2011-10-12 10:51:00,155,309
13844.0,1,361.62,18.081,196,2011-11-28 13:21:00,2011-11-28 13:21:00,20,1
13845.0,1,312.98,34.775555555555556,182,2011-10-06 08:25:00,2011-10-06 08:25:00,9,1
13846.0,4,882.51,15.215689655172413,393,2010-12-14 16:07:00,2011-11-15 12:07:00,56,336
13848.0,3,1255.0,251.0,3700,2010-12-08 15:10:00,2011-09-08 12:58:00,3,274
13849.0,2,1537.95,15.227227722772279,1016,2011-06-22 10:11:00,2011-10-19 10:59:00,97,120
13850.0,2,1604.15,17.065425531914894,947,2011-08-02 14:04:00,2011-09-12 18:00:00,93,42
13851.0,3,2651.46,32.73407407407407,1705,2011-02-24 17:18:00,2011-09-05 12:36:00,77,193
13853.0,2,1123.34,46.80583333333333,320,2011-10-13 14:18:00,2011-12-01 08:12:00,23,49
13854.0,29,8194.02,71.87736842105264,2314,2010-12-09 10:48:00,2011-12-01 09:06:00,39,357
13856.0,5,413.6,24.329411764705885,504,2011-05-20 13:13:00,2011-06-24 10:03:00,10,35
13858.0,1,216.17,19.651818181818182,75,2011-10-13 16:17:00,2011-10-13 16:17:00,11,1
13859.0,1,201.16,7.184285714285714,129,2011-01-17 16:14:00,2011-01-17 16:14:00,27,1
13860.0,6,1251.8,16.257142857142856,593,2011-09-14 09:27:00,2011-12-08 12:57:00,58,86
13862.0,10,2231.41,15.714154929577465,1694,2011-01-11 15:13:00,2011-11-21 16:24:00,97,315
13863.0,2,312.0,14.181818181818182,229,2011-04-06 10:20:00,2011-04-08 17:03:00,20,3
13865.0,4,501.56,16.718666666666667,204,2011-02-23 12:04:00,2011-10-12 13:31:00,26,232
13866.0,1,145.67000000000002,20.810000000000002,57,2011-09-26 14:54:00,2011-09-26 14:54:00,7,1
13867.0,3,1015.29,16.644098360655736,513,2011-05-05 17:28:00,2011-11-08 15:48:00,51,187
13868.0,2,3192.54,96.74363636363637,1964,2011-11-01 12:45:00,2011-12-02 16:32:00,32,32
13869.0,4,3104.95,10.11384364820847,1721,2010-12-17 15:14:00,2011-08-08 13:53:00,234,234
13870.0,10,2790.63,23.649406779661017,1330,2011-02-25 09:09:00,2011-12-07 13:23:00,91,286
13871.0,14,6416.7,18.984319526627218,2811,2011-02-04 09:30:00,2011-11-17 10:49:00,155,287
13873.0,4,397.5,16.5625,142,2011-02-03 09:37:00,2011-08-12 10:08:00,21,191
13874.0,1,540.45,30.025000000000002,180,2010-12-16 18:20:00,2010-12-16 18:20:00,18,1
13875.0,5,1786.79,17.180673076923078,1316,2011-02-11 15:39:00,2011-10-17 09:36:00,79,248
13876.0,1,122.7,17.52857142857143,36,2011-10-07 10:22:00,2011-10-07 10:22:00,7,1
13877.0,1,117.24,39.08,108,2011-09-14 15:49:00,2011-09-14 15:49:00,3,1
13878.0,1,1281.53,35.598055555555554,475,2011-10-16 12:19:00,2011-10-16 12:19:00,35,1
13880.0,13,3219.77,19.513757575757577,1842,2010-12-07 14:00:00,2011-11-18 13:44:00,125,346
13881.0,22,17329.52,96.27511111111112,10174,2011-02-01 10:14:00,2011-12-06 12:50:00,72,309
13882.0,6,1250.98,18.954242424242423,956,2011-10-06 15:28:00,2011-12-07 11:16:00,54,62
13883.0,9,2810.21,18.130387096774193,1504,2011-01-17 16:45:00,2011-12-08 19:20:00,110,326
13884.0,6,793.9,13.231666666666666,303,2011-03-01 13:40:00,2011-12-02 16:30:00,45,277
13885.0,2,506.8,18.1,182,2011-05-23 08:52:00,2011-06-03 15:07:00,28,12
13886.0,1,243.56,15.2225,126,2011-09-29 13:17:00,2011-09-29 13:17:00,16,1
13887.0,1,349.55,18.397368421052633,147,2011-05-19 17:22:00,2011-05-19 17:22:00,19,1
13888.0,2,605.63,15.14075,258,2011-05-05 14:41:00,2011-08-12 10:13:00,38,99
13889.0,1,416.90000000000003,27.793333333333337,146,2011-09-08 09:13:00,2011-09-08 09:13:00,15,1
13890.0,14,1906.76,16.725964912280702,836,2010-12-16 09:31:00,2011-12-08 15:36:00,74,358
13892.0,4,632.97,23.443333333333335,983,2011-04-07 12:04:00,2011-11-13 11:50:00,26,220
13893.0,1,821.1,39.1,190,2011-02-15 11:30:00,2011-02-15 11:30:00,21,1
13894.0,5,593.27,19.775666666666666,369,2011-02-02 12:54:00,2011-11-17 13:35:00,25,289
13895.0,5,2598.02,21.832100840336135,1366,2011-06-28 10:17:00,2011-11-18 17:15:00,97,144
13897.0,1,311.16,18.303529411764707,200,2011-10-20 14:30:00,2011-10-20 14:30:00,17,1
13898.0,1,155.93,12.994166666666667,133,2011-01-18 10:28:00,2011-01-18 10:28:00,12,1
13899.0,2,388.52,20.448421052631577,156,2011-03-10 09:30:00,2011-11-23 13:40:00,19,259
13900.0,3,740.95,17.23139534883721,430,2011-03-22 10:13:00,2011-06-09 19:26:00,42,80
13901.0,5,2867.2,19.242953020134227,1739,2011-01-25 09:01:00,2011-09-28 14:48:00,144,247
13904.0,2,332.64,12.793846153846154,332,2011-02-18 11:18:00,2011-11-02 13:41:00,24,258
13908.0,5,2392.05,18.98452380952381,1486,2011-03-08 12:04:00,2011-09-21 11:49:00,104,197
13911.0,9,2580.91,17.43858108108108,2731,2011-02-04 14:46:00,2011-10-13 15:43:00,120,252
13914.0,3,638.95,18.79264705882353,381,2011-11-03 16:28:00,2011-12-06 10:54:00,28,33
13917.0,2,272.04,15.113333333333335,228,2011-06-01 12:46:00,2011-10-21 09:56:00,16,142
13918.0,2,1212.8400000000001,40.428000000000004,1140,2011-03-31 18:05:00,2011-10-21 12:25:00,30,204
13919.0,3,419.46,12.710909090909091,511,2011-08-10 10:15:00,2011-10-17 15:24:00,24,69
13922.0,1,172.25,24.607142857142858,93,2010-12-23 10:38:00,2010-12-23 10:38:00,7,1
13923.0,1,351.13,17.5565,185,2011-10-17 12:33:00,2011-10-17 12:33:00,20,1
13924.0,11,1995.6200000000001,14.566569343065694,1618,2011-09-28 15:07:00,2011-12-08 09:39:00,91,71
13925.0,6,739.85,16.441111111111113,335,2011-07-28 12:09:00,2011-11-03 13:00:00,28,99
13926.0,1,223.85000000000002,20.35,104,2011-11-16 13:16:00,2011-11-16 13:16:00,11,1
13927.0,1,348.99,16.61857142857143,214,2011-09-26 12:00:00,2011-09-26 12:00:00,21,1
13928.0,4,464.57,17.206296296296298,129,2011-07-29 15:59:00,2011-11-29 10:33:00,23,123
13929.0,3,882.45,88.245,147,2011-01-17 15:11:00,2011-06-23 15:26:00,8,158
13930.0,2,337.34,19.843529411764706,274,2011-07-26 11:00:00,2011-10-13 09:45:00,15,79
13931.0,3,1244.13,21.086949152542374,729,2011-03-04 08:43:00,2011-09-15 10:03:00,56,196
13932.0,1,307.4,19.2125,72,2011-02-18 12:02:00,2011-02-18 12:02:00,16,1
13933.0,2,608.7900000000001,26.469130434782613,205,2011-07-14 13:35:00,2011-08-22 14:03:00,23,40
13934.0,1,922.1,29.74516129032258,390,2011-03-21 08:39:00,2011-03-21 08:39:00,31,1
13936.0,2,391.88,14.514074074074074,336,2011-06-13 08:47:00,2011-06-21 17:44:00,26,9
13937.0,1,158.85,17.65,123,2011-06-23 16:35:00,2011-06-23 16:35:00,9,1
13938.0,1,71.66,10.237142857142857,70,2011-11-04 14:37:00,2011-11-04 14:37:00,7,1
13939.0,4,580.35,12.616304347826087,851,2011-02-01 11:30:00,2011-11-16 13:33:00,43,289
13940.0,4,839.14,17.12530612244898,516,2011-07-18 16:05:00,2011-11-22 15:15:00,39,127
13941.0,7,5313.51,113.05340425531915,2421,2010-12-02 10:17:00,2011-11-18 09:43:00,24,351
13946.0,3,561.5699999999999,51.05181818181818,443,2011-03-17 10:02:00,2011-09-21 13:33:00,11,189
13947.0,1,90.6,18.119999999999997,44,2011-10-05 14:42:00,2011-10-05 14:42:00,5,1
13948.0,1,102.0,34.0,40,2010-12-14 10:18:00,2010-12-14 10:18:00,3,1
13949.0,6,2427.32,15.170750000000002,2474,2011-09-06 11:55:00,2011-12-07 09:35:00,124,92
13950.0,5,761.56,21.154444444444444,325,2011-04-07 11:29:00,2011-11-28 14:44:00,33,236
13951.0,3,674.45,17.293589743589745,459,2011-02-18 15:21:00,2011-06-16 16:43:00,38,119
13952.0,3,3256.051,23.594572463768117,1437,2011-04-15 09:27:00,2011-05-12 19:27:00,120,28
13953.0,7,3515.68,175.784,2724,2010-12-22 10:29:00,2011-12-02 16:04:00,8,346
13954.0,3,501.25,16.708333333333332,159,2011-09-30 10:52:00,2011-12-08 12:50:00,24,70
13955.0,2,322.96,9.786666666666665,154,2011-02-07 12:24:00,2011-07-08 17:19:00,33,152
13956.0,5,1026.42,6.752763157894737,491,2011-03-13 12:51:00,2011-12-04 13:20:00,123,267
13958.0,1,102.45,20.490000000000002,23,2010-12-02 17:03:00,2010-12-02 17:03:00,5,1
13959.0,3,598.2,6.502173913043479,357,2010-12-12 13:56:00,2011-09-21 15:06:00,79,284
13960.0,2,230.22,19.185,142,2011-09-29 12:39:00,2011-11-18 15:27:00,11,51
13962.0,2,169.55,15.413636363636364,87,2011-04-08 11:21:00,2011-11-18 08:47:00,11,224
13963.0,4,664.54,18.986857142857144,460,2010-12-07 09:21:00,2011-02-04 14:43:00,35,60
13967.0,1,80.7,40.35,42,2011-07-17 12:02:00,2011-07-17 12:02:00,2,1
13969.0,20,9121.19,14.409462875197473,4601,2010-12-09 19:32:00,2011-12-02 15:11:00,334,358
13971.0,11,2814.3,17.812025316455696,1870,2011-02-27 12:27:00,2011-12-01 08:27:00,118,277
13972.0,2,190.25,12.683333333333334,187,2011-05-22 11:34:00,2011-09-30 11:54:00,15,132
13973.0,1,264.7,24.063636363636363,109,2011-02-25 15:21:00,2011-02-25 15:21:00,11,1
13974.0,1,413.59000000000003,14.77107142857143,249,2011-10-21 14:41:00,2011-10-21 14:41:00,28,1
13975.0,7,2549.33,7.498029411764706,1739,2011-03-08 12:19:00,2011-11-08 13:19:00,240,246
13976.0,1,357.98,35.798,154,2011-05-17 09:13:00,2011-05-17 09:13:00,10,1
13978.0,2,196.79000000000002,13.119333333333335,315,2011-10-25 15:04:00,2011-11-25 11:36:00,14,31
13979.0,1,869.87,16.108703703703704,639,2011-09-27 13:32:00,2011-09-27 13:32:00,54,1
13980.0,1,200.14,18.19454545454545,172,2011-10-10 13:34:00,2011-10-10 13:34:00,11,1
13982.0,5,1882.51,16.369652173913043,1140,2010-12-09 13:57:00,2011-10-31 16:24:00,72,327
13983.0,13,2616.4,23.360714285714288,1196,2010-12-08 10:38:00,2011-11-10 11:06:00,91,338
13984.0,6,1352.99,79.58764705882353,1087,2010-12-08 15:58:00,2011-11-13 12:38:00,14,340
13985.0,16,7101.58,20.117790368271955,3455,2011-03-20 13:48:00,2011-12-05 17:06:00,108,261
13986.0,1,320.46,24.650769230769228,430,2011-11-22 15:00:00,2011-11-22 15:00:00,12,1
13988.0,9,4197.12,17.561171548117155,3063,2011-03-30 11:48:00,2011-11-20 10:15:00,188,235
13989.0,2,1266.08,30.88,1313,2011-04-14 15:39:00,2011-10-05 09:47:00,33,174
13990.0,1,311.3,19.45625,190,2011-05-10 15:19:00,2011-05-10 15:19:00,16,1
13991.0,7,861.31,10.015232558139534,1000,2011-07-19 12:58:00,2011-11-27 16:18:00,58,132
13992.0,1,76.8,15.36,64,2011-11-09 15:23:00,2011-11-09 15:23:00,5,1
13993.0,12,3523.06,28.18448,908,2011-01-13 10:43:00,2011-11-07 13:00:00,66,299
13994.0,6,2313.14,14.923483870967742,940,2011-07-14 18:28:00,2011-12-06 11:05:00,122,145
13995.0,6,1403.89,16.136666666666667,891,2011-04-08 08:20:00,2011-11-24 14:22:00,55,231
13999.0,15,3938.36,18.577169811320754,2255,2010-12-13 11:23:00,2011-11-29 13:40:00,102,352
14000.0,2,637.61,39.850625,713,2011-05-12 16:50:00,2011-05-17 13:44:00,15,5
14001.0,4,2055.83,51.39575,965,2010-12-01 12:58:00,2011-10-25 10:31:00,35,328
14002.0,2,529.73,11.270851063829788,877,2011-07-06 14:59:00,2011-07-28 15:55:00,47,23
14004.0,7,4582.64,26.799064327485382,2668,2011-02-24 09:28:00,2011-10-27 14:40:00,102,246
14005.0,5,2874.72,34.22285714285714,2478,2011-05-08 10:33:00,2011-11-30 12:41:00,53,207
14006.0,3,962.19,32.073,641,2011-01-31 15:11:00,2011-08-16 09:39:00,22,197
14009.0,3,705.29,16.02931818181818,369,2011-05-18 13:00:00,2011-05-25 15:47:00,42,8
14012.0,1,328.8,29.89090909090909,160,2011-03-07 12:26:00,2011-03-07 12:26:00,11,1
14013.0,3,473.02,13.91235294117647,462,2011-03-09 08:59:00,2011-08-21 15:01:00,30,166
14014.0,1,505.18,12.953333333333333,1076,2011-09-23 13:18:00,2011-09-23 13:18:00,39,1
14015.0,1,917.34,45.867000000000004,378,2011-10-18 10:02:00,2011-10-18 10:02:00,20,1
14016.0,5,4353.96,26.876296296296296,2126,2010-12-17 14:21:00,2011-07-08 14:27:00,154,204
14019.0,4,1444.26,21.239117647058823,1040,2011-07-24 15:39:00,2011-10-24 10:13:00,37,92
14020.0,2,642.8,16.48205128205128,441,2011-09-12 15:32:00,2011-11-23 09:22:00,37,72
14021.0,3,631.9,28.722727272727273,192,2011-03-28 15:10:00,2011-07-07 15:46:00,22,102
14022.0,1,440.0,15.714285714285714,487,2011-04-28 14:39:00,2011-04-28 14:39:00,28,1
14023.0,2,584.07,18.840967741935486,345,2011-04-03 15:50:00,2011-12-02 13:58:00,30,243
14024.0,2,327.7,20.48125,150,2011-08-07 13:31:00,2011-08-10 11:30:00,16,3
14027.0,1,104.82,17.47,62,2011-10-10 09:01:00,2011-10-10 09:01:00,6,1
14029.0,2,467.66,31.177333333333333,198,2011-07-18 16:57:00,2011-10-07 14:46:00,15,81
14030.0,8,2360.09,9.712304526748971,1479,2010-12-08 16:11:00,2011-11-21 16:48:00,210,349
14031.0,23,19939.08,77.28325581395349,6206,2010-12-02 16:34:00,2011-12-02 17:13:00,121,366
14032.0,18,3021.34,19.877236842105265,2056,2010-12-08 10:53:00,2011-12-07 15:23:00,53,365
14034.0,4,791.62,8.604565217391304,531,2011-07-05 13:06:00,2011-11-17 14:02:00,82,136
14035.0,5,1428.02,21.636666666666667,739,2011-02-15 12:48:00,2011-11-11 10:03:00,41,269
14036.0,1,626.65,16.49078947368421,268,2011-02-28 09:26:00,2011-02-28 09:26:00,38,1
14037.0,2,147.20000000000002,5.257142857142858,46,2010-12-10 11:39:00,2011-06-16 13:57:00,27,189
14038.0,4,1566.28,16.841720430107525,967,2011-05-16 14:05:00,2011-09-22 13:37:00,64,129
14039.0,1,152.2,25.366666666666664,92,2011-11-06 13:48:00,2011-11-06 13:48:00,6,1
14040.0,15,3687.65,15.301452282157676,1584,2011-01-12 14:57:00,2011-10-30 12:42:00,147,291
14041.0,1,141.41,6.733809523809524,94,2011-03-18 13:25:00,2011-03-18 13:25:00,21,1
14044.0,4,652.82,3.1235406698564594,308,2011-02-03 11:39:00,2011-11-13 12:05:00,165,284
14045.0,4,1659.75,276.625,535,2010-12-01 11:32:00,2011-08-22 15:27:00,4,265
14046.0,1,154.99,11.070714285714287,460,2011-02-28 14:48:00,2011-02-28 14:48:00,14,1
14047.0,7,1327.21,39.03558823529412,385,2010-12-02 10:09:00,2011-12-01 11:43:00,22,365
14048.0,2,444.73,5.05375,302,2011-02-07 14:53:00,2011-03-07 13:49:00,84,28
14049.0,6,5724.29,11.335227722772277,3894,2011-01-26 10:30:00,2011-11-23 12:20:00,352,302
14050.0,2,746.36,13.821481481481483,689,2011-08-25 13:46:00,2011-11-08 10:00:00,49,75
14051.0,26,15743.44,73.2253023255814,3771,2010-12-08 12:49:00,2011-12-09 10:20:00,52,366
14052.0,1,225.36,4.024285714285715,89,2011-11-20 12:30:00,2011-11-20 12:30:00,56,1
14053.0,2,260.25,65.0625,215,2011-07-03 12:21:00,2011-08-07 14:27:00,2,36
14054.0,1,92.46,15.409999999999998,62,2011-10-05 15:49:00,2011-10-05 15:49:00,6,1
14055.0,1,725.6400000000001,72.56400000000001,216,2011-08-25 15:04:00,2011-08-25 15:04:00,10,1
14056.0,29,8304.9,7.3625,4314,2011-02-28 15:19:00,2011-12-08 13:36:00,321,283
14057.0,18,6288.5199999999995,21.610034364261168,5044,2010-12-14 12:11:00,2011-11-16 10:32:00,179,337
14059.0,1,183.6,22.95,128,2011-03-18 10:06:00,2011-03-18 10:06:00,8,1
14060.0,20,6145.46,30.27320197044335,5398,2010-12-02 12:11:00,2011-12-05 12:29:00,86,369
14062.0,12,10464.85,94.27792792792793,5593,2010-12-10 15:56:00,2011-11-30 10:04:00,60,355
14064.0,7,1519.1599999999999,18.52634146341463,2226,2011-03-10 12:59:00,2011-11-10 13:14:00,59,246
14066.0,1,152.55,21.792857142857144,45,2011-03-18 12:21:00,2011-03-18 12:21:00,7,1
14067.0,2,374.7,7.2057692307692305,361,2011-09-04 12:00:00,2011-10-07 10:21:00,51,33
14068.0,1,265.85,11.077083333333334,73,2011-01-23 16:02:00,2011-01-23 16:02:00,22,1
14071.0,9,1570.23,4.715405405405406,1090,2011-03-20 11:33:00,2011-12-06 12:27:00,271,262
14073.0,2,162.54,11.61,132,2011-11-07 15:49:00,2011-11-18 16:14:00,13,12
14075.0,3,942.26,21.913023255813954,754,2011-03-23 16:35:00,2011-12-05 08:38:00,33,257
14076.0,1,122.47,2.662391304347826,81,2011-08-02 15:19:00,2011-08-02 15:19:00,43,1
14077.0,5,499.41999999999996,11.89095238095238,268,2011-03-10 15:52:00,2011-10-30 12:35:00,33,234
14078.0,6,1049.37,16.144153846153845,310,2010-12-01 12:54:00,2011-08-30 12:16:00,46,272
14079.0,1,375.1,31.258333333333336,301,2011-08-07 12:10:00,2011-08-07 12:10:00,12,1
14080.0,1,45.599999999999994,11.399999999999999,48,2011-11-07 11:09:00,2011-11-07 11:09:00,4,1
14081.0,4,964.37,6.181858974358974,599,2010-12-05 15:47:00,2011-03-17 14:24:00,126,102
14082.0,1,182.25,6.2844827586206895,110,2010-12-10 11:02:00,2010-12-10 11:02:00,28,1
14083.0,9,1018.43,5.626685082872928,732,2010-12-03 12:24:00,2011-12-05 13:14:00,162,368
14085.0,19,4461.29,9.8919955654102,3185,2010-12-06 12:39:00,2011-12-07 13:46:00,272,367
14087.0,2,207.17,2.9595714285714285,252,2011-12-07 12:28:00,2011-12-07 12:41:00,62,1
14088.0,14,50568.13,85.70869491525423,12737,2011-01-21 13:07:00,2011-11-29 16:16:00,379,313
14089.0,1,161.0,11.5,134,2011-10-14 10:38:00,2011-10-14 10:38:00,13,1
14090.0,1,76.32000000000001,76.32000000000001,72,2011-01-19 10:51:00,2011-01-19 10:51:00,1,1
14092.0,17,4090.7200000000003,18.851244239631338,2071,2010-12-02 09:10:00,2011-12-02 12:13:00,117,366
14093.0,1,442.85,4.217619047619048,406,2011-11-27 16:27:00,2011-11-27 16:27:00,95,1
14096.0,34,73208.67,14.276261700468018,16369,2011-08-30 10:49:00,2011-12-05 17:17:00,1121,98
14098.0,1,147.35,7.016666666666667,104,2011-11-03 10:13:00,2011-11-03 10:13:00,21,1
14099.0,12,3115.37,12.362579365079364,2181,2010-12-20 11:14:00,2011-11-23 13:53:00,167,339
14100.0,1,194.9,7.496153846153846,64,2011-07-25 11:01:00,2011-07-25 11:01:00,24,1
14101.0,6,5976.79,170.76542857142857,6942,2011-01-17 13:09:00,2011-09-27 12:28:00,15,253
14102.0,8,1405.83,16.736071428571428,984,2011-10-26 12:46:00,2011-12-04 15:38:00,35,40
14104.0,2,216.20999999999998,10.295714285714284,72,2011-06-27 12:49:00,2011-07-08 12:50:00,21,12
14105.0,2,1272.13,16.738552631578948,802,2011-04-14 17:58:00,2011-09-15 16:13:00,74,154
14107.0,8,2717.98,21.919193548387096,1798,2010-12-10 13:29:00,2011-10-19 12:12:00,61,313
14108.0,3,601.66,17.190285714285714,382,2011-08-30 11:32:00,2011-11-09 10:41:00,33,71
14109.0,2,208.2,14.87142857142857,120,2011-09-28 10:18:00,2011-11-16 13:51:00,9,50
14110.0,13,5701.33,36.31420382165605,2459,2011-03-18 09:59:00,2011-12-06 12:26:00,94,264
14111.0,5,697.1,63.372727272727275,459,2011-04-12 11:36:00,2011-11-25 13:44:00,10,228
14112.0,12,3056.13,17.66549132947977,1694,2011-03-09 11:28:00,2011-11-17 12:30:00,117,254
14113.0,8,2302.92,57.573,855,2010-12-20 11:56:00,2011-12-06 12:18:00,26,352
14114.0,2,386.53,25.768666666666665,101,2011-01-13 11:05:00,2011-03-11 09:42:00,15,57
14116.0,5,1382.74,19.204722222222223,707,2011-08-10 12:44:00,2011-11-20 10:29:00,61,102
14117.0,1,90.0,30.0,72,2011-07-19 09:49:00,2011-07-19 09:49:00,3,1
14119.0,1,19.9,19.9,2,2010-12-20 13:58:00,2010-12-20 13:58:00,1,1
14121.0,6,2820.0,17.51552795031056,2086,2011-10-11 10:39:00,2011-12-06 12:19:00,148,57
14124.0,1,419.58000000000004,83.91600000000001,1618,2011-09-16 13:32:00,2011-09-16 13:32:00,4,1
14125.0,3,2740.43,16.409760479041914,1640,2011-09-22 15:40:00,2011-11-29 12:47:00,159,68
14126.0,4,768.6300000000001,48.03937500000001,558,2011-11-29 12:21:00,2011-12-02 11:45:00,14,3
14127.0,3,709.71,16.129772727272726,321,2011-02-02 12:26:00,2011-08-09 10:49:00,39,188
14128.0,2,637.5,13.858695652173912,564,2011-03-29 10:49:00,2011-10-10 12:00:00,40,196
14129.0,5,1123.8600000000001,21.61269230769231,592,2011-03-24 08:44:00,2011-12-08 11:02:00,31,260
14130.0,1,483.86,7.221791044776119,258,2011-01-24 16:05:00,2011-01-24 16:05:00,66,1
14132.0,12,3591.93,17.870298507462685,3370,2011-06-09 12:04:00,2011-12-07 13:35:00,100,182
14133.0,5,620.9399999999999,20.697999999999997,354,2011-01-28 11:27:00,2011-08-02 11:34:00,26,187
14135.0,15,4690.31,35.00231343283583,3850,2010-12-02 10:27:00,2011-12-08 11:38:00,95,372
14138.0,2,982.3800000000001,20.901702127659576,610,2011-10-07 09:38:00,2011-12-08 12:44:00,40,63
14139.0,1,415.82,15.993076923076924,510,2011-10-24 13:34:00,2011-10-24 13:34:00,26,1
14140.0,3,950.05,14.179850746268656,813,2011-11-08 11:20:00,2011-12-06 09:05:00,60,28
14141.0,6,951.23,20.67891304347826,373,2011-08-26 14:40:00,2011-12-07 09:53:00,28,103
14142.0,1,311.81,14.173181818181819,313,2010-12-01 16:33:00,2010-12-01 16:33:00,22,1
14143.0,1,115.8,16.54285714285714,30,2011-07-29 09:48:00,2011-07-29 09:48:00,7,1
14145.0,5,4336.2,361.34999999999997,876,2011-05-06 13:01:00,2011-10-24 12:10:00,6,171
14146.0,6,5432.43,22.17318367346939,2988,2010-12-17 15:52:00,2011-12-01 10:18:00,183,349
14147.0,3,498.4,83.06666666666666,120,2011-02-27 11:42:00,2011-10-21 13:36:00,4,237
14148.0,1,157.2,52.4,16,2011-04-20 12:02:00,2011-04-20 12:02:00,3,1
14149.0,3,633.81,15.845249999999998,307,2011-05-03 09:44:00,2011-05-11 12:34:00,28,9
14150.0,2,658.64,25.33230769230769,496,2010-12-15 10:04:00,2011-11-04 10:05:00,23,325
14152.0,3,631.49,12.6298,723,2011-04-19 15:46:00,2011-09-25 12:54:00,47,159
14154.0,2,1345.62,25.87730769230769,465,2011-04-14 15:58:00,2011-04-14 16:26:00,52,1
14155.0,1,118.75,19.791666666666668,25,2011-03-18 14:13:00,2011-03-18 14:13:00,6,1
14156.0,66,121375.12,85.47543661971831,58745,2010-12-02 17:08:00,2011-11-30 10:54:00,716,363
14157.0,3,465.33000000000004,9.496530612244898,295,2011-02-27 13:04:00,2011-11-20 11:32:00,45,266
14158.0,1,507.66,12.381951219512196,781,2011-10-30 15:08:00,2011-10-30 15:08:00,41,1
14159.0,14,4707.72,3.8842574257425744,4421,2010-12-12 11:17:00,2011-11-20 12:36:00,501,344
14161.0,3,1110.52,10.282592592592593,455,2010-12-05 13:18:00,2011-05-08 11:41:00,87,154
14162.0,2,289.36,11.5744,142,2011-02-20 12:32:00,2011-06-19 11:36:00,25,119
14163.0,4,2445.91,47.036730769230765,893,2011-04-14 17:33:00,2011-09-13 15:18:00,36,152
14164.0,2,1631.77,56.26793103448276,1033,2011-09-20 12:18:00,2011-09-30 12:24:00,28,11
14165.0,1,122.53999999999999,4.901599999999999,54,2011-03-09 12:39:00,2011-03-09 12:39:00,23,1
14167.0,4,574.84,11.054615384615385,150,2011-01-12 15:44:00,2011-10-31 14:29:00,27,292
14171.0,1,363.79,6.272241379310345,167,2011-09-02 16:43:00,2011-09-02 16:43:00,57,1
14173.0,4,450.84,15.546206896551723,150,2011-05-04 14:03:00,2011-11-29 11:54:00,28,209
14174.0,1,134.46,5.171538461538462,94,2011-11-06 13:17:00,2011-11-06 13:17:00,26,1
14175.0,7,3336.54,20.344756097560975,1569,2011-01-14 12:22:00,2011-10-19 13:42:00,139,279
14176.0,5,579.8000000000001,18.118750000000002,211,2010-12-07 11:45:00,2011-02-15 13:12:00,28,71
14177.0,5,564.36,13.124651162790698,206,2011-06-13 11:10:00,2011-09-16 09:52:00,37,95
14178.0,7,1620.93,4.9569724770642205,1505,2011-06-10 12:51:00,2011-12-01 12:01:00,191,174
14179.0,2,719.78,4.36230303030303,330,2011-10-18 14:00:00,2011-10-30 12:07:00,135,12
14180.0,31,4856.27,19.581733870967742,728,2010-12-02 13:08:00,2011-11-29 10:56:00,112,362
14184.0,1,452.89,18.870416666666667,127,2011-10-04 12:43:00,2011-10-04 12:43:00,24,1
14185.0,1,197.65,65.88333333333334,6,2011-01-12 13:52:00,2011-01-12 13:52:00,3,1
14188.0,10,2089.81,29.43394366197183,1179,2011-02-02 13:46:00,2011-12-01 09:46:00,34,302
14189.0,24,4703.85,16.981407942238267,3955,2010-12-06 11:42:00,2011-12-07 15:55:00,176,367
14191.0,14,4709.51,17.906882129277566,3667,2011-05-03 10:30:00,2011-12-08 09:23:00,146,219
14193.0,2,853.39,20.318809523809524,445,2011-03-15 11:38:00,2011-10-03 09:34:00,35,202
14194.0,32,11482.29,19.010413907284768,5897,2011-02-04 14:51:00,2011-12-05 10:38:00,269,304
14195.0,3,1061.3,132.6625,818,2011-04-01 16:50:00,2011-05-22 10:29:00,7,51
14196.0,1,335.52,55.919999999999995,142,2011-08-25 10:25:00,2011-08-25 10:25:00,6,1
14198.0,7,739.3,16.802272727272726,300,2011-04-14 14:54:00,2011-12-05 16:34:00,35,236
14199.0,1,185.39999999999998,92.69999999999999,28,2011-05-05 13:44:00,2011-05-05 13:44:00,2,1
14201.0,9,806.84,20.68820512820513,602,2010-12-15 13:25:00,2011-10-10 13:27:00,32,300
14204.0,1,161.03,3.659772727272727,82,2011-12-07 13:38:00,2011-12-07 13:38:00,36,1
14205.0,4,714.62,18.323589743589743,309,2010-12-09 13:38:00,2011-11-29 11:56:00,35,355
14206.0,2,348.06,16.574285714285715,278,2010-12-14 10:31:00,2011-04-14 16:38:00,21,122
14208.0,1,151.74,15.174000000000001,114,2011-09-06 12:48:00,2011-09-06 12:48:00,10,1
14209.0,7,2079.73,23.633295454545454,694,2011-01-11 12:56:00,2011-11-29 10:18:00,55,322
14210.0,7,1910.7900000000002,18.551359223300974,761,2010-12-03 12:43:00,2011-09-09 12:55:00,66,281
14211.0,13,2273.9,19.27033898305085,1252,2011-02-17 15:50:00,2011-10-17 13:23:00,87,242
14212.0,1,1070.48,118.94222222222223,1152,2011-09-11 12:45:00,2011-09-11 12:45:00,9,1
14213.0,1,1192.2,238.44,244,2010-12-03 09:47:00,2010-12-03 09:47:00,5,1
14214.0,7,1008.53,14.407571428571428,754,2011-03-07 12:26:00,2011-11-09 10:31:00,64,247
14215.0,7,1801.52,16.527706422018348,1362,2010-12-06 15:34:00,2011-11-28 12:19:00,98,357
14216.0,4,1839.3,31.17457627118644,594,2011-11-02 10:51:00,2011-12-06 14:56:00,47,35
14217.0,24,2084.6,19.482242990654203,701,2010-12-08 13:28:00,2011-12-08 11:53:00,78,365
14218.0,1,169.48000000000002,14.123333333333335,160,2011-10-28 10:00:00,2011-10-28 10:00:00,12,1
14219.0,1,89.94,12.848571428571429,78,2011-12-05 16:23:00,2011-12-05 16:23:00,7,1
14220.0,2,632.4,30.114285714285714,272,2010-12-16 18:18:00,2011-04-06 13:23:00,21,111
14221.0,10,3437.75,17.72036082474227,2192,2011-01-04 15:33:00,2011-10-28 13:42:00,123,297
14222.0,1,683.17,16.662682926829266,607,2011-06-15 16:42:00,2011-06-15 16:42:00,41,1
14223.0,4,1007.03,16.508688524590163,587,2011-03-20 16:02:00,2011-09-08 13:38:00,50,172
14224.0,4,1050.12,8.899322033898304,514,2011-01-23 13:58:00,2011-08-21 13:24:00,105,210
14226.0,7,2262.7400000000002,30.996438356164386,1315,2011-03-15 15:36:00,2011-11-11 11:34:00,64,241
14227.0,15,3386.21,18.503879781420764,1829,2011-02-28 12:27:00,2011-11-13 15:48:00,117,259
14229.0,5,1643.8,38.22790697674419,630,2011-01-10 12:03:00,2011-10-19 10:04:00,29,282
14231.0,5,1029.3600000000001,19.062222222222225,416,2011-02-24 11:55:00,2011-06-13 15:35:00,47,110
14232.0,8,2052.21,17.391610169491525,1945,2011-03-20 12:44:00,2011-11-08 12:17:00,81,233
14233.0,5,1477.93,41.05361111111111,689,2011-01-26 12:43:00,2011-10-27 09:25:00,30,274
14234.0,4,775.46,4.877106918238994,963,2011-10-13 13:58:00,2011-11-17 17:53:00,122,36
14235.0,6,3195.86,39.94825,1971,2011-03-24 13:23:00,2011-11-29 13:26:00,65,251
14236.0,2,490.86,32.724000000000004,310,2010-12-02 18:49:00,2011-09-20 09:13:00,15,292
14237.0,1,161.0,17.88888888888889,38,2010-12-01 13:20:00,2010-12-01 13:20:00,9,1
14238.0,1,146.85,18.35625,111,2011-01-17 14:40:00,2011-01-17 14:40:00,8,1
14239.0,13,2438.2000000000003,21.01896551724138,1000,2011-01-27 14:45:00,2011-10-27 14:40:00,83,273
14240.0,2,890.34,21.19857142857143,418,2011-04-28 11:40:00,2011-11-09 13:45:00,37,196
14241.0,1,213.70000000000002,21.37,146,2011-06-09 11:46:00,2011-06-09 11:46:00,10,1
14242.0,2,280.55,17.534375,123,2011-01-18 08:53:00,2011-04-19 11:46:00,13,92
14243.0,14,2641.66,17.849054054054054,1238,2010-12-09 08:34:00,2011-12-01 11:12:00,99,358
14245.0,5,1709.42,15.262678571428571,981,2011-03-21 10:41:00,2011-06-16 14:33:00,107,88
14246.0,3,1474.06,19.654133333333334,804,2011-04-08 08:25:00,2011-08-21 11:50:00,57,136
14247.0,1,136.76999999999998,6.838499999999999,47,2011-03-06 15:21:00,2011-03-06 15:21:00,19,1
14248.0,1,302.58,37.8225,102,2011-01-25 14:45:00,2011-01-25 14:45:00,8,1
14250.0,3,1904.05,17.153603603603603,1200,2011-09-11 13:44:00,2011-12-02 14:30:00,94,83
14251.0,5,2879.7000000000003,36.91923076923077,1674,2011-10-13 12:46:00,2011-12-08 08:32:00,37,56
14256.0,3,1003.0600000000001,18.575185185185187,418,2010-12-10 11:44:00,2011-03-30 16:39:00,51,111
14257.0,6,3112.17,29.08570093457944,1687,2011-01-25 10:49:00,2011-10-19 13:38:00,89,268
14258.0,10,12689.88,113.3025,7102,2011-01-06 12:18:00,2011-11-30 15:27:00,58,329
14259.0,1,120.0,24.0,68,2011-07-21 10:44:00,2011-07-21 10:44:00,5,1
14261.0,2,1163.45,22.37403846153846,406,2011-09-22 10:47:00,2011-10-20 10:04:00,52,28
14262.0,8,2618.23,18.3093006993007,1645,2011-04-13 12:23:00,2011-12-01 14:17:00,87,233
14264.0,3,348.47,18.340526315789475,74,2010-12-02 17:35:00,2011-07-08 10:20:00,17,218
14267.0,7,1753.39,26.56651515151515,599,2011-03-24 11:38:00,2011-07-12 11:11:00,25,110
14270.0,1,492.65000000000003,16.98793103448276,197,2011-01-12 09:33:00,2011-01-12 09:33:00,29,1
14271.0,1,112.32,11.232,88,2011-04-28 12:47:00,2011-04-28 12:47:00,10,1
14272.0,2,437.96,13.271515151515151,599,2011-03-30 13:57:00,2011-09-27 10:08:00,33,181
14273.0,4,559.97,19.309310344827587,264,2011-04-11 13:24:00,2011-10-19 13:20:00,22,191
14276.0,5,1220.09,16.267866666666666,765,2011-02-23 09:38:00,2011-09-12 17:49:00,52,202
14277.0,4,4475.4,19.628947368421052,2344,2011-05-11 13:20:00,2011-11-24 15:01:00,195,198
14280.0,1,134.04,16.755,52,2011-05-27 10:37:00,2011-05-27 10:37:00,8,1
14282.0,15,3729.34,23.906025641025643,2668,2010-12-07 12:21:00,2011-12-06 17:04:00,70,365
14284.0,3,612.05,18.001470588235293,165,2011-09-14 13:04:00,2011-11-09 08:11:00,24,56
14285.0,4,1910.01,70.74111111111111,541,2011-06-16 12:36:00,2011-11-18 14:50:00,18,156
14286.0,5,4661.69,16.356807017543858,4370,2011-04-11 08:16:00,2011-11-16 10:34:00,220,220
14287.0,4,202.03,18.366363636363637,286,2011-05-25 11:41:00,2011-12-01 13:25:00,10,191
14288.0,2,439.35,25.844117647058823,189,2011-05-10 13:22:00,2011-05-11 15:17:00,16,2
14289.0,6,911.26,19.388510638297873,292,2011-02-23 12:33:00,2011-12-01 11:44:00,33,281
14290.0,6,2321.85,22.542233009708738,917,2010-12-13 10:24:00,2011-11-28 14:02:00,90,351
14291.0,12,3893.2,16.35798319327731,2750,2011-03-09 15:20:00,2011-12-08 10:26:00,145,274
14292.0,14,4924.53,45.5975,1683,2011-01-17 16:20:00,2011-12-02 11:50:00,67,319
14293.0,4,1046.56,17.15672131147541,709,2010-12-06 10:18:00,2011-12-06 15:17:00,51,366
14295.0,2,177.70000000000002,25.38571428571429,86,2011-01-11 11:53:00,2011-10-30 15:50:00,7,293
14297.0,6,1326.6,20.728125,869,2011-03-10 08:31:00,2011-11-22 09:06:00,49,258
14298.0,45,52192.16,31.82448780487805,58665,2010-12-14 12:59:00,2011-12-06 15:04:00,884,358
14299.0,18,5075.89,31.332654320987658,2285,2010-12-08 13:33:00,2011-12-01 16:05:00,94,359
14300.0,1,43.2,14.4,32,2011-11-21 08:57:00,2011-11-21 08:57:00,3,1
14301.0,2,648.24,40.515,612,2011-08-14 15:33:00,2011-08-24 09:04:00,13,10
14304.0,2,569.8000000000001,21.103703703703705,224,2011-02-11 14:48:00,2011-05-01 11:50:00,25,79
14305.0,5,1914.16,17.401454545454545,1109,2011-07-27 14:14:00,2011-09-29 15:29:00,96,65
14306.0,3,2103.22,60.09199999999999,1077,2011-09-15 10:31:00,2011-10-19 13:23:00,33,35
14307.0,6,2995.72,16.642888888888887,2058,2010-12-01 11:41:00,2011-09-12 09:38:00,150,285
14309.0,10,2385.38,19.393333333333334,1647,2010-12-16 13:05:00,2011-12-01 13:33:00,75,351
14311.0,2,390.81,14.474444444444444,167,2011-04-11 10:14:00,2011-04-28 19:49:00,20,18
14312.0,6,1611.59,18.524022988505745,1012,2011-01-06 16:35:00,2011-10-24 09:46:00,74,291
14314.0,1,120.0,15.0,296,2011-08-25 10:39:00,2011-08-25 10:39:00,8,1
14315.0,7,2505.28,24.08923076923077,1032,2011-03-18 12:59:00,2011-11-18 15:35:00,64,246
14317.0,1,508.58000000000004,21.190833333333334,255,2011-10-06 10:44:00,2011-10-06 10:44:00,24,1
14320.0,3,612.47,14.582619047619048,411,2011-01-11 09:12:00,2011-05-17 09:24:00,29,127
14321.0,5,1530.75,12.445121951219512,2406,2011-01-10 11:35:00,2011-11-29 09:47:00,111,323
14323.0,4,635.86,15.508780487804879,360,2011-04-15 11:44:00,2011-08-17 11:37:00,32,124
14326.0,2,200.85,22.316666666666666,107,2011-04-11 15:04:00,2011-04-19 11:08:00,8,8
14327.0,1,311.65,25.97083333333333,139,2011-06-29 13:58:00,2011-06-29 13:58:00,12,1
14329.0,14,5100.94,18.96260223048327,3115,2011-01-14 13:42:00,2011-12-01 08:27:00,218,321
14331.0,2,462.65999999999997,16.523571428571426,252,2011-07-27 15:14:00,2011-08-07 13:17:00,27,11
14332.0,3,866.31,33.31961538461538,481,2011-07-15 10:33:00,2011-11-17 11:54:00,22,126
14333.0,2,478.95,25.207894736842103,64,2011-10-03 10:38:00,2011-10-06 19:25:00,15,4
14334.0,9,2564.96,15.735950920245399,1732,2010-12-16 17:37:00,2011-11-23 10:01:00,98,342
14335.0,2,468.26,7.432698412698413,379,2011-09-04 13:07:00,2011-11-23 13:41:00,55,81
14336.0,4,1614.91,17.943444444444445,1759,2011-03-08 16:48:00,2011-11-23 11:40:00,77,260
14338.0,4,622.22,18.300588235294118,341,2011-05-27 13:30:00,2011-07-04 16:00:00,30,39
14339.0,4,329.13,18.285,186,2011-04-11 11:06:00,2011-04-19 11:31:00,15,9
14340.0,1,134.7,22.45,58,2011-05-05 09:44:00,2011-05-05 09:44:00,6,1
14341.0,9,2198.18,16.90907692307692,1405,2011-01-25 13:55:00,2011-10-25 15:48:00,109,274
14342.0,6,729.41,30.392083333333332,357,2011-05-13 13:50:00,2011-11-18 13:21:00,19,189
14344.0,8,889.9300000000001,12.534225352112676,477,2010-12-06 11:58:00,2011-08-04 13:51:00,56,242
14345.0,1,108.97999999999999,18.16333333333333,50,2011-11-01 09:51:00,2011-11-01 09:51:00,6,1
14346.0,2,1021.58,17.026333333333334,605,2011-02-15 13:52:00,2011-08-11 09:47:00,55,177
14348.0,1,409.57,22.753888888888888,183,2011-03-24 16:23:00,2011-03-24 16:23:00,18,1
14349.0,1,133.5,4.306451612903226,86,2011-11-29 15:39:00,2011-11-29 15:39:00,31,1
14350.0,2,307.15999999999997,14.626666666666665,200,2011-03-10 14:14:00,2011-03-14 12:27:00,19,4
14351.0,1,51.0,51.0,12,2011-06-28 11:56:00,2011-06-28 11:56:00,1,1
14352.0,4,1078.96,22.95659574468085,538,2011-03-11 14:58:00,2011-07-05 15:41:00,44,117
14353.0,1,90.6,15.1,64,2011-05-08 16:06:00,2011-05-08 16:06:00,6,1
14354.0,2,163.62,18.18,210,2011-11-09 15:36:00,2011-12-04 11:32:00,9,25
14355.0,1,174.4,15.854545454545455,92,2010-12-09 12:16:00,2010-12-09 12:16:00,11,1
14356.0,4,735.52,19.35578947368421,288,2011-09-19 14:43:00,2011-10-10 17:16:00,36,22
14357.0,1,225.77,5.506585365853659,148,2011-10-27 16:23:00,2011-10-27 16:23:00,39,1
14359.0,6,941.78,16.23758620689655,379,2011-09-13 09:03:00,2011-11-20 13:17:00,44,69
14360.0,4,2128.23,18.035847457627117,1151,2011-09-06 11:58:00,2011-11-08 09:12:00,104,63
14362.0,1,161.2,3.9317073170731707,100,2011-11-17 15:08:00,2011-11-17 15:08:00,37,1
14364.0,8,3717.35,53.87463768115942,1967,2011-05-12 12:56:00,2011-08-23 11:01:00,61,103
14367.0,19,9355.22,17.55200750469043,4466,2011-03-08 14:12:00,2011-12-01 13:19:00,270,268
14368.0,1,155.0,19.375,36,2011-01-24 09:52:00,2011-01-24 09:52:00,8,1
14371.0,1,100.5,25.125,34,2011-02-17 16:35:00,2011-02-17 16:35:00,4,1
14373.0,1,76.55,19.1375,17,2010-12-16 15:40:00,2010-12-16 15:40:00,4,1
14375.0,1,257.68,3.4357333333333333,194,2011-06-07 13:44:00,2011-06-07 13:44:00,57,1
14377.0,2,617.05,56.095454545454544,219,2011-03-22 13:38:00,2011-06-01 13:32:00,11,71
14379.0,2,348.1,7.567391304347827,292,2011-02-17 15:03:00,2011-10-26 16:43:00,39,252
14381.0,1,202.68,3.619285714285714,146,2011-10-18 17:10:00,2011-10-18 17:10:00,56,1
14382.0,1,626.0699999999999,4.7791603053435106,1237,2011-11-13 16:18:00,2011-11-13 16:18:00,121,1
14383.0,3,1247.69,21.14728813559322,817,2011-06-29 10:18:00,2011-11-01 15:53:00,49,126
14385.0,3,202.11,14.436428571428573,159,2011-11-16 11:55:00,2011-11-30 15:36:00,13,15
14386.0,1,142.4,20.342857142857145,54,2011-02-16 09:45:00,2011-02-16 09:45:00,7,1
14387.0,3,1770.56,12.646857142857142,819,2011-08-22 14:13:00,2011-11-07 12:29:00,125,77
14388.0,10,3253.64,17.034764397905757,1949,2010-12-02 11:02:00,2011-12-01 11:13:00,124,365
14389.0,5,1087.2,17.53548387096774,756,2011-01-25 12:45:00,2011-12-01 09:19:00,34,310
14390.0,13,4713.17,16.196460481099656,2147,2010-12-02 11:56:00,2011-11-29 13:49:00,135,363
14393.0,1,67.95,13.59,13,2011-05-05 18:16:00,2011-05-05 18:16:00,5,1
14395.0,12,3543.51,10.038271954674222,1697,2010-12-02 18:15:00,2011-12-07 14:34:00,181,370
14396.0,2,487.99,6.684794520547945,225,2010-12-03 15:19:00,2011-10-05 16:09:00,71,307
14397.0,23,2669.24,28.097263157894734,1928,2011-05-10 12:25:00,2011-12-09 09:57:00,18,213
14400.0,2,589.7,22.680769230769233,458,2011-07-13 15:50:00,2011-07-21 18:05:00,25,9
14401.0,14,4062.98,22.20207650273224,4509,2010-12-15 09:07:00,2011-12-05 13:30:00,113,356
14403.0,5,1525.31,58.66576923076923,525,2011-04-06 14:23:00,2011-08-01 12:57:00,17,117
14404.0,7,1513.92,14.556923076923077,847,2010-12-05 16:00:00,2011-11-06 12:30:00,70,336
14406.0,1,156.75,19.59375,77,2011-08-12 16:54:00,2011-08-12 16:54:00,8,1
14407.0,9,2204.38,29.005000000000003,1418,2011-03-08 11:59:00,2011-08-24 14:02:00,67,170
14408.0,7,2606.53,24.360093457943925,1616,2011-03-20 14:41:00,2011-11-29 11:41:00,60,254
14409.0,7,2210.65,40.193636363636365,1302,2010-12-06 15:03:00,2011-09-29 18:18:00,40,298
14410.0,15,1639.74,5.713379790940767,853,2011-02-07 09:36:00,2011-11-24 11:16:00,197,291
14411.0,1,1063.0,75.92857142857143,196,2011-02-02 10:56:00,2011-02-02 10:56:00,14,1
14412.0,3,778.73,17.30511111111111,788,2011-09-28 08:48:00,2011-11-04 13:14:00,43,38
14413.0,1,122.7,5.334782608695653,68,2010-12-12 13:37:00,2010-12-12 13:37:00,22,1
14414.0,8,1508.83,15.396224489795918,2515,2010-12-16 11:11:00,2011-09-09 12:09:00,79,268
14415.0,18,5989.0,9.7859477124183,3049,2010-12-14 13:06:00,2011-12-08 14:38:00,284,360
14416.0,2,490.22,35.01571428571429,326,2011-10-28 15:10:00,2011-11-17 15:22:00,13,21
14418.0,3,1937.25,15.622983870967742,1711,2011-08-23 17:18:00,2011-12-06 11:39:00,114,105
14419.0,6,1058.06,5.13621359223301,487,2010-12-10 10:56:00,2011-11-29 11:22:00,112,355
14420.0,2,389.17,12.972333333333333,335,2011-09-01 18:07:00,2011-09-15 16:57:00,29,14
14421.0,2,813.11,30.115185185185187,365,2011-05-12 10:49:00,2011-10-13 13:24:00,25,155
14422.0,6,4263.64,19.205585585585588,2906,2011-03-17 17:26:00,2011-12-09 11:26:00,189,267
14423.0,1,265.2,88.39999999999999,120,2011-05-05 15:12:00,2011-05-05 15:12:00,3,1
14424.0,1,322.08,322.08,48,2011-11-22 11:48:00,2011-11-22 11:48:00,1,1
14426.0,16,5044.44,19.10772727272727,3059,2010-12-15 12:06:00,2011-11-21 11:47:00,187,341
14427.0,2,363.34000000000003,21.37294117647059,228,2011-10-07 09:10:00,2011-10-20 14:23:00,16,14
14428.0,7,1259.52,8.51027027027027,444,2011-01-18 16:39:00,2011-12-02 13:17:00,108,318
14431.0,2,542.96,24.680000000000003,138,2011-02-10 10:40:00,2011-02-14 10:56:00,17,5
14432.0,6,2255.51,5.904476439790576,2070,2011-09-11 14:09:00,2011-11-30 08:04:00,256,80
14434.0,6,1372.8,114.39999999999999,368,2011-09-28 15:31:00,2011-11-18 08:56:00,3,51
14436.0,1,89.06,9.895555555555555,129,2011-09-02 10:13:00,2011-09-02 10:13:00,9,1
14437.0,2,169.4,28.233333333333334,61,2010-12-09 09:27:00,2011-07-19 14:56:00,6,223
14438.0,1,131.9,14.655555555555557,82,2011-02-06 14:56:00,2011-02-06 14:56:00,9,1
14439.0,1,2661.24,83.16375,526,2011-01-24 11:39:00,2011-01-24 11:39:00,32,1
14440.0,5,2357.6800000000003,42.8669090909091,588,2010-12-09 12:49:00,2011-12-01 15:42:00,33,358
14441.0,10,1880.64,31.875254237288136,462,2010-12-09 14:57:00,2011-12-09 09:07:00,45,365
14442.0,5,1635.02,24.04441176470588,489,2011-01-27 09:33:00,2011-12-08 11:53:00,59,316
14443.0,7,1439.52,14.688979591836734,945,2010-12-02 17:05:00,2011-10-17 10:10:00,86,319
14446.0,4,1039.58,3.548054607508532,933,2011-04-07 12:10:00,2011-12-09 11:34:00,233,246
14447.0,5,1163.23,16.617571428571427,571,2011-03-04 10:49:00,2011-11-21 08:28:00,54,262
14448.0,2,375.35,18.767500000000002,104,2010-12-10 17:26:00,2011-11-30 13:50:00,20,355
14449.0,4,907.1,3.5158914728682173,757,2010-12-02 14:09:00,2011-11-21 12:06:00,201,354
14450.0,3,483.25,12.08125,241,2011-01-23 11:53:00,2011-06-12 10:46:00,32,140
14451.0,2,662.59,6.078807339449542,389,2011-05-29 12:35:00,2011-10-10 13:38:00,86,135
14452.0,2,264.44,4.26516129032258,119,2011-09-07 11:32:00,2011-11-29 12:06:00,55,84
14453.0,1,119.93,5.451363636363637,49,2011-06-02 14:15:00,2011-06-02 14:15:00,22,1
14456.0,14,3077.17,3.149611054247697,2915,2011-07-20 13:06:00,2011-12-04 13:59:00,580,138
14457.0,1,113.64,28.41,88,2011-02-02 09:39:00,2011-02-02 09:39:00,4,1
14459.0,1,1837.92,49.67351351351351,760,2011-07-07 13:35:00,2011-07-07 13:35:00,37,1
14460.0,4,485.34,28.54941176470588,893,2011-02-02 11:54:00,2011-08-21 14:19:00,14,201
14461.0,3,2103.06,11.683666666666666,766,2011-03-23 12:15:00,2011-07-14 17:11:00,173,114
14462.0,15,2042.14,8.30138211382114,996,2011-01-04 12:45:00,2011-10-07 09:22:00,151,276
14463.0,3,529.62,88.27,179,2011-05-18 14:42:00,2011-09-02 15:20:00,6,108
14465.0,3,1058.6200000000001,8.14323076923077,405,2011-02-10 12:13:00,2011-04-07 12:38:00,107,57
14466.0,7,2272.4,31.561111111111114,1006,2010-12-02 13:36:00,2011-11-10 14:07:00,35,344
14467.0,4,598.76,6.652888888888889,278,2011-01-31 12:35:00,2011-11-22 12:48:00,67,296
14470.0,2,461.19,10.725348837209303,193,2011-02-25 11:56:00,2011-11-28 10:31:00,43,276
14472.0,8,1936.84,6.892669039145908,1160,2010-12-19 14:03:00,2011-08-28 11:01:00,153,252
14473.0,2,234.34000000000003,33.47714285714286,88,2011-03-02 13:56:00,2011-09-26 15:10:00,7,209
14474.0,2,557.61,18.587,141,2011-10-24 13:26:00,2011-10-27 12:57:00,29,3
14475.0,6,1051.88,22.380425531914895,466,2011-02-08 10:12:00,2011-09-29 10:46:00,36,234
14476.0,1,215.7,11.352631578947367,132,2011-03-27 15:39:00,2011-03-27 15:39:00,17,1
14477.0,5,1311.39,119.21727272727274,721,2011-02-15 15:44:00,2011-11-20 11:11:00,7,278
14479.0,2,316.25,17.569444444444443,117,2010-12-09 12:59:00,2011-03-31 09:07:00,18,112
14480.0,1,279.05,21.465384615384615,143,2011-11-28 16:35:00,2011-11-28 16:35:00,13,1
14481.0,2,636.51,21.217,489,2011-02-25 13:53:00,2011-06-28 10:38:00,25,123
14482.0,6,2068.15,14.362152777777778,1646,2011-04-14 16:41:00,2011-11-21 13:14:00,110,221
14483.0,2,145.0,14.5,99,2011-03-03 10:26:00,2011-07-13 09:45:00,10,132
14484.0,1,321.92,22.994285714285716,210,2011-10-20 14:11:00,2011-10-20 14:11:00,14,1
14485.0,1,165.75,3.526595744680851,71,2011-11-01 12:25:00,2011-11-01 12:25:00,44,1
14487.0,7,1209.08,8.338482758620689,736,2010-12-06 12:55:00,2011-11-13 12:17:00,112,342
14488.0,2,1081.1299999999999,22.063877551020404,805,2011-10-03 09:30:00,2011-10-19 14:39:00,46,17
14489.0,1,463.38,15.446,299,2011-05-16 14:51:00,2011-05-16 14:51:00,30,1
14491.0,2,340.93,20.05470588235294,139,2010-12-02 12:10:00,2011-06-17 15:22:00,17,198
14493.0,7,2403.64,19.541788617886176,1291,2011-07-07 16:59:00,2011-12-02 16:14:00,95,148
14494.0,1,139.56,19.937142857142856,92,2011-11-14 09:21:00,2011-11-14 09:21:00,7,1
14495.0,2,123.8,20.633333333333333,62,2011-08-10 14:13:00,2011-10-20 12:28:00,6,71
14496.0,2,538.8100000000001,28.35842105263158,159,2010-12-01 15:35:00,2011-02-01 09:01:00,16,62
14497.0,2,493.27,15.911935483870968,237,2011-02-03 17:01:00,2011-02-11 15:20:00,29,8
14498.0,5,1957.32,10.141554404145078,1098,2010-12-13 11:29:00,2011-10-28 12:09:00,162,320
14499.0,3,815.32,4.2026804123711345,501,2011-03-06 11:55:00,2011-11-13 13:01:00,146,253
14500.0,3,356.85,50.978571428571435,117,2011-06-03 10:08:00,2011-09-12 16:45:00,6,102
14501.0,3,312.11,26.00916666666667,203,2011-01-24 10:43:00,2011-10-06 20:15:00,9,256
14502.0,14,2590.32,4.105103011093503,1513,2011-01-30 15:52:00,2011-11-20 11:50:00,369,294
14503.0,6,3543.26,21.605243902439025,2004,2011-06-14 10:00:00,2011-12-06 13:30:00,113,176
14504.0,4,673.26,6.2921495327102805,308,2011-03-06 14:38:00,2011-10-23 16:00:00,85,232
14505.0,11,5992.58,7.462739726027397,2775,2010-12-12 16:14:00,2011-11-22 15:45:00,542,345
14506.0,5,2012.17,6.367626582278481,730,2010-12-05 14:25:00,2011-11-22 13:02:00,204,352
14507.0,7,1398.18,14.267142857142858,612,2011-03-08 17:23:00,2011-11-16 12:21:00,79,253
14508.0,2,276.42,4.849473684210526,131,2011-09-11 11:29:00,2011-11-17 19:48:00,52,68
14511.0,6,1362.21,19.18605633802817,796,2011-07-29 12:13:00,2011-11-28 17:05:00,53,123
14512.0,2,275.28,11.968695652173912,122,2011-04-21 19:05:00,2011-06-05 12:39:00,19,45
14513.0,4,472.69,26.260555555555555,367,2011-02-24 09:36:00,2011-08-31 11:25:00,11,189
14514.0,3,1055.35,14.456849315068492,589,2011-01-12 15:22:00,2011-10-09 16:05:00,65,271
14515.0,6,2102.09,20.812772277227726,1134,2011-05-05 12:13:00,2011-11-22 11:37:00,68,201
14517.0,2,330.45,18.358333333333334,91,2011-07-21 11:42:00,2011-11-06 14:20:00,17,109
14518.0,1,174.37,10.898125,278,2011-10-06 14:43:00,2011-10-06 14:43:00,16,1
14520.0,2,270.6,67.65,146,2011-02-22 09:15:00,2011-12-08 09:46:00,3,290
14522.0,4,974.54,57.32588235294117,525,2011-05-25 16:01:00,2011-11-15 13:24:00,15,174
14523.0,1,241.09,20.090833333333332,251,2011-08-23 13:13:00,2011-08-23 13:13:00,12,1
14524.0,9,1867.68,9.20039408866995,676,2010-12-14 11:01:00,2011-11-08 12:29:00,161,330
14525.0,13,4443.03,14.9094966442953,2730,2010-12-13 17:40:00,2011-12-01 08:53:00,218,353
14527.0,86,9306.26,9.205004945598418,2129,2010-12-01 09:41:00,2011-12-07 12:19:00,331,372
14528.0,1,364.21999999999997,20.234444444444442,278,2011-11-02 17:09:00,2011-11-02 17:09:00,18,1
14529.0,3,620.04,2.707598253275109,348,2011-08-21 14:10:00,2011-10-10 15:27:00,177,51
14530.0,6,2925.91,13.54587962962963,1410,2011-02-16 10:47:00,2011-11-14 10:38:00,140,271
14532.0,4,932.85,14.57578125,284,2010-12-22 13:48:00,2011-04-17 13:05:00,45,116
14533.0,9,2086.82,32.10492307692308,5261,2010-12-22 11:07:00,2011-11-15 12:05:00,53,329
14534.0,25,4818.75,8.635752688172044,2169,2011-01-25 11:47:00,2011-12-07 12:19:00,334,317
14535.0,4,2887.29,8.670540540540541,1837,2011-04-05 12:50:00,2011-10-11 16:24:00,280,190
14536.0,1,171.8,9.042105263157895,40,2011-03-25 12:21:00,2011-03-25 12:21:00,18,1
14537.0,1,355.56,35.556,120,2011-10-13 10:54:00,2011-10-13 10:54:00,10,1
14538.0,2,388.25,20.43421052631579,155,2011-03-28 14:57:00,2011-10-06 10:31:00,19,192
14539.0,2,537.48,16.79625,428,2011-10-26 12:03:00,2011-11-24 09:50:00,31,29
14540.0,3,996.26,13.108684210526315,421,2011-02-03 15:02:00,2011-11-30 10:15:00,64,300
14541.0,8,1461.65,13.168018018018019,647,2011-01-24 14:16:00,2011-10-12 10:08:00,71,261
14542.0,1,103.25,20.65,19,2011-06-07 08:19:00,2011-06-07 08:19:00,5,1
14543.0,21,4344.49,40.60271028037383,758,2010-12-10 11:51:00,2011-12-06 10:32:00,43,361
14544.0,2,2024.45,17.758333333333333,1543,2010-12-13 12:50:00,2011-11-15 15:06:00,97,338
14546.0,9,2669.16,6.400863309352518,1347,2011-04-05 10:45:00,2011-12-05 16:33:00,255,245
14547.0,9,4028.34,10.976403269754769,2678,2011-10-16 14:35:00,2011-12-06 11:06:00,198,51
14548.0,2,652.8,163.2,256,2011-01-26 08:38:00,2011-07-12 12:19:00,2,168
14549.0,1,289.24,5.165,136,2011-02-01 13:47:00,2011-02-01 13:47:00,56,1
14550.0,2,765.62,15.950416666666667,394,2011-10-26 12:14:00,2011-11-29 12:12:00,38,34
14551.0,2,186.23,18.622999999999998,106,2011-05-19 18:21:00,2011-11-21 13:36:00,9,186
14552.0,1,165.07,2.8460344827586206,91,2011-07-11 12:49:00,2011-07-11 12:49:00,57,1
14553.0,5,859.27,7.604159292035398,493,2011-01-04 15:40:00,2011-11-20 13:20:00,103,320
14554.0,4,2381.04,11.023333333333333,1478,2011-10-18 13:04:00,2011-11-29 16:44:00,147,43
14555.0,2,324.14,15.435238095238095,130,2011-02-10 17:19:00,2011-10-13 16:24:00,18,245
14557.0,2,1576.76,49.27375,1020,2011-09-15 15:48:00,2011-10-06 20:36:00,16,22
14560.0,24,2301.36,30.281052631578948,1297,2010-12-17 09:22:00,2011-12-02 15:22:00,39,351
14561.0,3,1080.76,15.6631884057971,1014,2011-06-08 13:26:00,2011-09-25 12:39:00,67,109
14562.0,22,5440.32,12.198026905829595,1998,2011-02-08 14:45:00,2011-12-06 11:05:00,189,301
14565.0,6,3124.4700000000003,24.220697674418606,1548,2010-12-13 13:25:00,2011-09-05 12:37:00,111,266
14566.0,1,1432.0,358.0,800,2011-08-21 11:05:00,2011-08-21 11:05:00,4,1
14567.0,3,1536.26,45.18411764705883,414,2011-08-01 13:48:00,2011-11-04 13:57:00,33,96
14569.0,1,227.39,18.949166666666667,79,2011-12-08 14:58:00,2011-12-08 14:58:00,10,1
14570.0,2,218.06,7.519310344827586,95,2011-03-04 10:39:00,2011-03-04 10:58:00,29,1
14572.0,10,2861.9900000000002,10.483479853479855,1431,2011-01-19 17:21:00,2011-12-06 14:40:00,191,321
14573.0,13,1703.12,7.066887966804979,550,2010-12-02 19:59:00,2011-06-13 11:15:00,127,193
14576.0,1,35.400000000000006,35.400000000000006,12,2010-12-02 17:51:00,2010-12-02 17:51:00,1,1
14577.0,4,859.71,6.989512195121952,353,2010-12-12 11:26:00,2011-11-27 12:47:00,86,351
14578.0,1,168.63,7.02625,240,2011-12-06 17:18:00,2011-12-06 17:18:00,24,1
14581.0,1,138.6,8.152941176470588,217,2011-11-23 12:39:00,2011-11-23 12:39:00,16,1
14582.0,1,114.11,19.018333333333334,73,2011-10-30 11:56:00,2011-10-30 11:56:00,6,1
14583.0,5,1052.55,3.1895454545454545,792,2011-05-18 11:28:00,2011-12-04 12:32:00,243,201
14584.0,5,1055.26,10.448118811881187,387,2011-05-25 17:31:00,2011-06-23 18:33:00,68,30
14585.0,1,157.05,5.415517241379311,91,2011-10-20 14:33:00,2011-10-20 14:33:00,29,1
14586.0,3,340.56,12.613333333333333,652,2011-03-08 10:04:00,2011-04-26 17:32:00,19,50
14587.0,10,1604.04,4.1771875,763,2011-01-12 13:16:00,2011-11-21 11:34:00,170,313
14589.0,1,39.75,13.25,5,2010-12-03 11:42:00,2010-12-03 11:42:00,3,1
14591.0,4,1447.14,7.345888324873097,1297,2011-05-10 14:09:00,2011-11-24 13:57:00,138,198
14592.0,3,570.46,3.4784146341463416,415,2011-10-06 18:08:00,2011-11-04 16:35:00,132,29
14593.0,3,617.99,4.065723684210527,332,2011-05-25 11:14:00,2011-11-18 12:48:00,127,178
14594.0,2,379.83,7.166603773584906,185,2010-12-01 13:54:00,2011-12-02 13:28:00,48,366
14595.0,6,1740.6,17.06470588235294,978,2011-01-30 13:36:00,2011-11-20 12:12:00,94,294
14597.0,2,883.15,16.05727272727273,577,2011-06-01 12:33:00,2011-11-28 13:13:00,45,181
14598.0,1,221.97,4.4394,189,2011-10-26 13:19:00,2011-10-26 13:19:00,49,1
14600.0,1,393.33000000000004,15.733200000000002,125,2011-02-07 09:48:00,2011-02-07 09:48:00,25,1
14601.0,1,213.96,30.565714285714286,168,2011-11-29 09:48:00,2011-11-29 09:48:00,7,1
14603.0,1,660.0,330.0,400,2011-03-10 10:27:00,2011-03-10 10:27:00,2,1
14606.0,128,12599.45,4.528918044572251,6470,2010-12-01 16:57:00,2011-12-08 19:28:00,832,373
14607.0,17,21797.9,191.20964912280704,15534,2011-03-23 15:22:00,2011-11-24 10:35:00,38,246
14608.0,4,1785.15,89.25750000000001,437,2010-12-12 14:49:00,2011-12-05 16:52:00,8,359
14609.0,4,601.56,150.39,7026,2011-02-16 12:10:00,2011-09-28 12:54:00,2,225
14616.0,3,406.08000000000004,135.36,104,2011-01-26 12:42:00,2011-04-11 09:54:00,2,75
14618.0,4,568.29,33.428823529411765,267,2010-12-08 14:57:00,2011-11-30 13:45:00,11,357
14619.0,2,409.37,18.607727272727274,159,2011-04-08 07:37:00,2011-04-14 17:13:00,20,7
14620.0,3,432.28000000000003,14.409333333333334,240,2011-03-01 08:30:00,2011-05-19 14:14:00,26,80
14621.0,6,1810.96,18.864166666666666,999,2010-12-16 13:00:00,2011-12-08 16:22:00,80,358
14622.0,1,320.58000000000004,15.265714285714287,146,2011-06-08 12:42:00,2011-06-08 12:42:00,21,1
14623.0,6,909.15,6.734444444444445,421,2011-04-18 13:54:00,2011-11-07 13:56:00,108,204
14624.0,2,225.85,17.373076923076923,162,2011-10-11 14:39:00,2011-10-13 13:44:00,13,2
14625.0,5,950.78,16.680350877192982,340,2010-12-02 17:19:00,2011-06-07 15:40:00,52,187
14626.0,7,2825.4700000000003,22.42436507936508,1419,2011-04-20 13:18:00,2011-12-01 08:55:00,108,225
14627.0,1,21.85,4.37,5,2011-02-01 10:49:00,2011-02-01 10:49:00,5,1
14628.0,2,671.96,27.998333333333335,272,2011-04-11 14:43:00,2011-09-09 14:58:00,22,152
14629.0,3,978.8100000000001,6.397450980392157,384,2011-10-23 16:13:00,2011-12-05 16:55:00,133,44
14631.0,3,1006.98,24.56048780487805,622,2011-02-14 09:31:00,2011-10-20 11:17:00,38,249
14632.0,1,114.56,14.32,96,2011-03-22 08:49:00,2011-03-22 08:49:00,8,1
14633.0,1,344.90000000000003,17.245,96,2011-03-18 17:07:00,2011-03-18 17:07:00,20,1
14636.0,2,609.85,21.780357142857145,241,2011-03-16 09:52:00,2011-11-03 16:12:00,27,233
14638.0,1,443.6,27.725,166,2011-10-20 10:10:00,2011-10-20 10:10:00,16,1
14639.0,8,3016.64,17.237942857142855,1434,2010-12-13 13:50:00,2011-10-18 15:06:00,138,310
14640.0,8,2208.01,19.53991150442478,943,2011-04-26 12:31:00,2011-11-24 11:00:00,87,212
14641.0,1,110.46,15.78,90,2011-11-18 10:42:00,2011-11-18 10:42:00,7,1
14642.0,1,96.12,48.06,76,2011-10-12 11:08:00,2011-10-12 11:08:00,2,1
14643.0,3,719.01,21.14735294117647,875,2010-12-16 17:53:00,2011-06-22 14:41:00,30,188
14644.0,4,881.0600000000001,30.38137931034483,264,2011-02-14 14:14:00,2011-11-30 14:58:00,26,290
14645.0,2,597.09,19.903000000000002,381,2011-03-09 09:52:00,2011-07-06 09:15:00,28,119
14646.0,77,281609.9,135.06470023980816,198263,2010-12-20 10:09:00,2011-12-08 12:12:00,703,354
14647.0,1,243.22,8.107333333333333,95,2011-05-22 13:40:00,2011-05-22 13:40:00,24,1
14649.0,4,1417.29,7.122060301507537,1018,2011-05-11 14:37:00,2011-12-05 12:30:00,148,208
14651.0,2,654.6,6.41764705882353,344,2011-05-12 16:29:00,2011-10-03 15:52:00,95,144
14652.0,1,114.18,3.937241379310345,53,2011-09-23 14:21:00,2011-09-23 14:21:00,29,1
14653.0,7,1947.55,8.217510548523206,950,2011-01-05 13:40:00,2011-12-08 13:45:00,154,338
14655.0,5,1934.31,38.6862,1090,2011-05-01 14:59:00,2011-12-06 10:52:00,35,219
14656.0,2,291.05,3.638125,120,2011-03-01 13:19:00,2011-06-23 13:51:00,73,115
14657.0,5,858.17,6.757244094488189,467,2011-01-17 15:19:00,2011-11-22 12:47:00,103,309
14658.0,2,247.15,8.522413793103448,47,2011-08-14 15:42:00,2011-12-04 15:35:00,27,112
14659.0,12,2603.33,10.051467181467181,1207,2011-01-28 12:43:00,2011-12-01 12:17:00,147,307
14660.0,2,285.74,9.524666666666667,228,2011-08-31 10:40:00,2011-09-14 11:34:00,24,15
14661.0,1,107.95,26.9875,35,2011-11-13 11:51:00,2011-11-13 11:51:00,4,1
14662.0,4,771.17,4.590297619047619,602,2011-01-27 17:41:00,2011-11-11 12:13:00,143,288
14664.0,2,637.89,6.443333333333333,466,2011-11-06 14:56:00,2011-11-20 10:59:00,78,14
14665.0,7,2413.02,20.624102564102564,980,2011-02-02 09:08:00,2011-10-10 11:54:00,63,251
14666.0,1,195.25,13.946428571428571,161,2011-11-15 12:57:00,2011-11-15 12:57:00,14,1
14667.0,27,9251.2,16.061111111111114,5388,2010-12-06 13:13:00,2011-11-29 11:30:00,354,358
14669.0,3,1269.99,7.470529411764706,775,2011-01-11 12:30:00,2011-04-12 11:43:00,158,91
14670.0,2,411.53,3.1176515151515147,337,2011-03-04 13:58:00,2011-03-04 14:13:00,107,1
14672.0,2,765.55,12.549999999999999,454,2011-01-07 15:48:00,2011-04-19 10:19:00,58,102
14673.0,5,1736.4,23.464864864864865,1004,2010-12-07 12:49:00,2011-12-06 14:31:00,39,365
14675.0,1,604.75,5.928921568627451,341,2011-11-23 12:58:00,2011-11-23 12:58:00,93,1
14676.0,8,2553.2400000000002,58.02818181818182,2502,2011-02-11 13:38:00,2011-11-08 13:29:00,30,270
14679.0,1,2.55,2.55,1,2010-12-03 10:07:00,2010-12-03 10:07:00,1,1
14680.0,23,30575.88,95.549625,14478,2010-12-03 12:05:00,2011-11-14 16:59:00,83,347
14681.0,3,498.95,71.27857142857142,76,2011-05-12 10:45:00,2011-09-29 15:52:00,6,141
14682.0,2,52.0,26.0,80,2011-05-22 12:51:00,2011-06-05 12:12:00,1,14
14684.0,5,1236.28,2.9365320665083137,853,2010-12-12 12:44:00,2011-11-14 11:33:00,231,337
14687.0,1,628.38,41.892,470,2011-08-25 11:59:00,2011-08-25 11:59:00,15,1
14688.0,27,6154.36,17.143064066852368,4020,2010-12-01 09:37:00,2011-12-02 12:26:00,148,367
14689.0,1,112.8,8.676923076923076,76,2011-05-15 11:22:00,2011-05-15 11:22:00,13,1
14690.0,3,384.79,7.125740740740741,177,2011-07-11 11:44:00,2011-10-26 15:39:00,42,108
14691.0,5,2114.33,29.779295774647885,707,2011-05-11 09:55:00,2011-11-09 12:30:00,50,183
14692.0,5,601.05,8.71086956521739,275,2011-01-21 13:47:00,2011-07-25 15:08:00,53,186
14693.0,1,172.9,21.6125,34,2011-03-20 12:50:00,2011-03-20 12:50:00,8,1
14696.0,9,2086.93,15.691203007518796,1634,2010-12-01 15:37:00,2011-12-05 13:43:00,117,369
14697.0,2,188.60999999999999,8.573181818181817,181,2011-05-05 15:29:00,2011-05-05 15:39:00,22,1
14698.0,5,1250.76,5.9559999999999995,615,2011-10-19 12:54:00,2011-12-08 12:26:00,148,50
14699.0,1,109.13000000000001,13.641250000000001,77,2011-05-09 14:54:00,2011-05-09 14:54:00,8,1
14700.0,3,2235.3,19.437391304347827,1342,2011-04-15 13:16:00,2011-11-07 14:40:00,80,207
14701.0,12,2612.52,7.464342857142857,955,2011-01-27 12:40:00,2011-11-29 12:38:00,273,306
14702.0,18,3333.64,9.57942528735632,1464,2010-12-09 19:23:00,2011-12-08 19:29:00,196,365
14703.0,1,318.17,14.462272727272728,183,2011-11-25 09:23:00,2011-11-25 09:23:00,22,1
14704.0,9,1546.91,3.7274939759036148,1082,2011-06-12 13:59:00,2011-11-28 12:51:00,288,169
14705.0,1,179.0,179.0,100,2011-05-25 12:39:00,2011-05-25 12:39:00,1,1
14708.0,4,1156.07,39.86448275862069,627,2010-12-06 12:23:00,2011-12-07 08:21:00,25,366
14709.0,14,4930.9400000000005,25.030152284263963,2486,2010-12-16 13:43:00,2011-11-24 15:41:00,71,344
14710.0,4,606.13,4.360647482014389,378,2011-10-11 13:49:00,2011-11-25 14:53:00,124,46
14711.0,12,2899.4,8.07632311977716,990,2011-03-22 13:32:00,2011-11-29 14:58:00,221,253
14712.0,3,917.07,36.6828,315,2011-08-19 13:33:00,2011-11-10 12:59:00,21,83
14713.0,12,2668.46,7.825395894428152,1617,2010-12-09 18:58:00,2011-11-30 16:26:00,146,356
14714.0,1,160.19,16.019,229,2011-11-15 13:07:00,2011-11-15 13:07:00,10,1
14715.0,4,867.38,12.21661971830986,521,2011-01-12 13:27:00,2011-11-15 12:10:00,60,307
14716.0,2,329.68,5.9941818181818185,604,2011-07-14 12:42:00,2011-10-27 17:29:00,46,106
14719.0,6,1612.08,6.77344537815126,1033,2011-04-04 14:17:00,2011-12-08 12:43:00,177,248
14720.0,3,663.81,17.94081081081081,219,2011-08-05 12:06:00,2011-12-04 12:02:00,34,121
14722.0,1,187.92000000000002,6.48,120,2011-07-15 14:58:00,2011-07-15 14:58:00,28,1
14723.0,6,1158.3,4.1665467625899275,695,2010-12-03 14:18:00,2011-11-29 15:23:00,193,362
14725.0,1,718.08,13.80923076923077,593,2011-11-15 12:42:00,2011-11-15 12:42:00,45,1
14727.0,1,268.58,26.857999999999997,62,2011-03-10 14:45:00,2011-03-10 14:45:00,10,1
14729.0,1,313.49,4.415352112676056,197,2010-12-01 12:43:00,2010-12-01 12:43:00,69,1
14730.0,8,2005.06,4.0021157684630735,1132,2011-03-08 12:49:00,2011-12-08 14:39:00,317,276
14731.0,3,380.02,8.444888888888888,256,2011-05-11 13:06:00,2011-10-23 15:54:00,38,166
14732.0,10,2718.64,18.245906040268455,1408,2011-01-04 14:40:00,2011-12-01 14:34:00,105,331
14733.0,15,9720.28,45.001296296296296,3803,2010-12-07 11:30:00,2011-11-30 14:54:00,102,359
14735.0,34,6323.69,30.847268292682926,2368,2010-12-16 16:05:00,2011-12-06 12:09:00,99,355
14737.0,3,1164.55,68.50294117647059,345,2010-12-21 13:49:00,2011-12-06 10:16:00,15,350
14738.0,9,1338.96,23.91,626,2011-01-27 14:10:00,2011-10-31 12:57:00,39,277
14739.0,8,3905.46,64.0239344262295,3823,2010-12-07 14:58:00,2011-12-07 14:32:00,47,365
14740.0,4,1473.21,15.840967741935485,741,2011-03-01 08:35:00,2011-06-01 15:17:00,85,93
14741.0,6,1400.34,23.73457627118644,841,2010-12-02 08:43:00,2011-11-28 08:48:00,35,362
14744.0,9,1111.43,39.69392857142857,629,2010-12-08 10:21:00,2011-11-23 12:51:00,21,351
14745.0,6,1273.36,18.19085714285714,1056,2011-02-27 15:25:00,2011-08-19 10:05:00,46,173
14747.0,2,362.1,19.057894736842105,86,2011-04-04 14:09:00,2011-04-06 10:17:00,18,2
14748.0,6,1519.71,16.51858695652174,1254,2010-12-06 10:19:00,2011-11-10 18:33:00,90,340
14752.0,1,389.64,77.928,260,2011-10-27 11:55:00,2011-10-27 11:55:00,5,1
14753.0,1,563.15,18.771666666666665,211,2011-09-13 14:50:00,2011-09-13 14:50:00,30,1
14754.0,2,638.05,15.562195121951218,486,2011-02-17 12:21:00,2011-10-26 12:01:00,38,251
14755.0,12,5055.18,21.32987341772152,2221,2011-01-09 14:02:00,2011-11-30 11:24:00,128,325
14756.0,1,738.96,19.446315789473687,416,2011-11-24 18:13:00,2011-11-24 18:13:00,38,1
14757.0,1,420.5,22.13157894736842,160,2011-09-25 14:36:00,2011-09-25 14:36:00,19,1
14758.0,4,1484.06,20.90225352112676,419,2011-03-25 12:10:00,2011-07-18 08:21:00,54,115
14759.0,3,1625.97,15.940882352941177,569,2011-04-21 10:55:00,2011-12-05 12:03:00,92,229
14760.0,2,124.60000000000001,17.8,52,2011-02-15 16:27:00,2011-02-18 14:36:00,5,3
14761.0,2,255.9,23.263636363636365,118,2011-01-09 12:03:00,2011-10-12 12:10:00,11,277
14762.0,1,300.52,14.310476190476189,341,2011-03-21 08:20:00,2011-03-21 08:20:00,21,1
14764.0,2,306.05,43.721428571428575,205,2011-10-24 11:54:00,2011-10-27 10:46:00,6,3
14765.0,3,254.11,6.515641025641026,135,2011-06-16 19:49:00,2011-11-10 19:53:00,38,148
14766.0,8,2523.67,18.42094890510949,1375,2010-12-02 10:46:00,2011-12-01 16:05:00,111,365
14768.0,3,245.70000000000002,40.95,70,2011-08-04 13:25:00,2011-11-22 12:54:00,4,110
14769.0,10,10707.9,9.787842778793419,7466,2010-12-17 11:40:00,2011-12-07 10:24:00,718,355
14770.0,2,876.42,16.854230769230767,490,2011-01-20 15:00:00,2011-04-21 14:21:00,49,91
14772.0,1,139.26,15.473333333333333,82,2011-08-19 15:04:00,2011-08-19 15:04:00,9,1
14775.0,3,1011.9,16.865,1174,2010-12-02 16:38:00,2011-10-12 15:27:00,57,314
14776.0,13,2881.02,21.500149253731344,3580,2011-01-31 13:17:00,2011-10-19 15:34:00,44,262
14777.0,2,17.45,5.816666666666666,9,2010-12-16 15:27:00,2011-12-05 13:20:00,2,354
14778.0,2,730.86,20.881714285714285,306,2011-02-04 11:43:00,2011-08-04 15:23:00,34,182
14779.0,3,386.15,9.418292682926829,84,2011-01-20 12:04:00,2011-03-04 12:42:00,40,44
14780.0,2,447.68,16.58074074074074,310,2011-09-21 15:15:00,2011-10-16 12:46:00,26,25
14782.0,1,200.10000000000002,33.35,114,2011-01-24 11:12:00,2011-01-24 11:12:00,6,1
14784.0,2,289.99,19.332666666666668,237,2011-01-20 09:25:00,2011-11-13 13:30:00,15,298
14785.0,2,77.4,25.8,84,2011-11-24 13:40:00,2011-11-29 13:21:00,2,5
14788.0,2,679.4399999999999,22.648,421,2011-11-13 15:52:00,2011-12-02 17:06:00,26,20
14789.0,1,197.64,32.94,116,2011-11-11 08:59:00,2011-11-11 08:59:00,6,1
14790.0,4,745.06,16.19695652173913,699,2011-03-31 11:49:00,2011-11-23 09:28:00,30,237
14792.0,2,12.4,3.1,4,2011-10-06 18:34:00,2011-10-07 09:19:00,2,1
14793.0,2,243.84,16.256,94,2011-11-18 14:50:00,2011-12-05 16:25:00,14,18
14794.0,9,1367.71,16.67939024390244,677,2011-01-09 16:11:00,2011-12-07 10:11:00,68,332
14795.0,1,131.45000000000002,21.908333333333335,17,2011-06-26 13:04:00,2011-06-26 13:04:00,6,1
14796.0,27,8205.47,7.043321888412017,6108,2010-12-08 09:55:00,2011-12-08 15:31:00,403,366
14798.0,3,173.74,14.478333333333333,150,2011-02-02 15:26:00,2011-10-18 10:58:00,11,258
14799.0,1,157.7,12.13076923076923,146,2011-10-19 16:16:00,2011-10-19 16:16:00,13,1
14800.0,16,4443.14,11.334540816326532,3676,2010-12-05 11:10:00,2011-10-23 12:46:00,248,323
14801.0,1,193.14,3.273559322033898,175,2011-10-09 15:24:00,2011-10-09 15:24:00,56,1
14803.0,3,845.55,19.217045454545453,370,2011-02-20 13:21:00,2011-06-30 13:58:00,35,131
14804.0,1,353.27,29.439166666666665,121,2011-12-01 11:20:00,2011-12-01 11:20:00,12,1
14805.0,4,554.65,11.801063829787234,115,2011-01-30 10:43:00,2011-11-24 16:20:00,30,299
14806.0,1,193.39000000000001,17.580909090909092,330,2011-09-25 15:32:00,2011-09-25 15:32:00,11,1
14808.0,15,3306.97,12.9178515625,2240,2011-06-20 12:53:00,2011-10-31 12:21:00,179,133
14810.0,11,2087.88,8.187764705882353,1016,2010-12-05 12:08:00,2011-10-30 11:19:00,106,329
14813.0,2,155.43,5.181,67,2010-12-05 11:54:00,2010-12-05 11:57:00,25,1
14815.0,2,778.5,14.68867924528302,744,2011-10-03 11:36:00,2011-11-03 11:36:00,53,32
14816.0,1,271.85,67.9625,5,2011-05-26 13:16:00,2011-05-26 13:16:00,4,1
14817.0,2,1110.34,17.624444444444443,655,2011-03-07 13:51:00,2011-05-23 13:35:00,52,77
14818.0,3,657.8,13.704166666666666,324,2011-03-31 12:28:00,2011-09-27 11:01:00,41,180
14819.0,2,272.07,20.928461538461537,109,2011-05-31 13:50:00,2011-10-06 13:41:00,13,128
14820.0,4,507.29,17.492758620689656,253,2011-06-19 14:56:00,2011-11-18 15:41:00,24,153
14821.0,1,48.800000000000004,24.400000000000002,20,2010-12-08 08:43:00,2010-12-08 08:43:00,2,1
14823.0,3,321.43,4.591857142857143,88,2011-05-29 12:48:00,2011-06-12 13:12:00,56,15
14824.0,4,1127.71,38.88655172413793,525,2011-09-09 14:12:00,2011-11-29 14:20:00,19,82
14825.0,12,2226.91,18.404214876033056,991,2010-12-06 12:30:00,2011-12-06 11:38:00,82,365
14828.0,3,2139.76,125.86823529411765,2172,2011-01-07 09:50:00,2011-05-27 10:16:00,17,141
14829.0,6,750.45,16.67666666666667,490,2010-12-02 16:12:00,2011-11-10 16:16:00,40,344
14830.0,1,197.13,4.92825,169,2011-10-17 14:29:00,2011-10-17 14:29:00,39,1
14834.0,8,1742.25,24.889285714285716,737,2011-04-13 15:00:00,2011-11-22 10:30:00,43,223
14836.0,3,102.44999999999999,17.075,45,2011-11-09 13:26:00,2011-11-29 16:45:00,5,21
14837.0,5,1657.8,15.07090909090909,1442,2011-05-22 12:49:00,2011-09-11 10:58:00,96,112
14840.0,1,62.85,15.7125,31,2011-03-17 12:00:00,2011-03-17 12:00:00,4,1
14841.0,6,3295.76,23.88231884057971,1778,2010-12-16 10:28:00,2011-10-17 15:03:00,103,306
14842.0,8,3192.58,20.20620253164557,1186,2011-02-04 15:32:00,2011-11-04 13:09:00,128,273
14844.0,4,3189.81,24.537,1833,2011-04-12 13:10:00,2011-10-07 10:41:00,87,178
14847.0,1,309.4,23.799999999999997,120,2011-07-14 10:52:00,2011-07-14 10:52:00,13,1
14849.0,28,7956.8,20.29795918367347,5732,2010-12-01 12:22:00,2011-11-18 10:58:00,159,352
14850.0,2,373.35,16.970454545454547,301,2010-12-07 08:42:00,2011-02-01 11:21:00,22,57
14851.0,2,511.35,18.2625,325,2011-03-28 14:59:00,2011-11-16 14:20:00,28,233
14852.0,6,2836.69,19.83699300699301,1747,2011-04-01 13:22:00,2011-10-12 13:20:00,96,194
14853.0,3,488.55,48.855000000000004,83,2011-05-12 15:17:00,2011-12-01 09:44:00,8,203
14854.0,8,2769.77,21.14328244274809,1842,2011-03-10 12:22:00,2011-09-22 17:00:00,110,197
14855.0,2,645.65,32.2825,267,2011-07-28 12:06:00,2011-08-12 14:02:00,13,16
14856.0,3,1311.3799999999999,19.869393939393937,714,2011-10-14 09:35:00,2011-11-03 14:53:00,65,21
14857.0,3,1180.59,19.353934426229507,473,2011-07-14 15:03:00,2011-10-11 09:23:00,58,89
14859.0,5,1355.44,22.9735593220339,673,2011-05-19 14:42:00,2011-11-27 11:18:00,47,192
14860.0,2,172.02,14.335,234,2011-11-20 14:17:00,2011-12-01 09:44:00,11,11
14861.0,1,125.79,20.965,117,2011-10-18 12:54:00,2011-10-18 12:54:00,6,1
14862.0,2,841.1999999999999,17.525,772,2011-07-14 11:20:00,2011-11-14 10:01:00,47,123
14863.0,1,266.76,24.25090909090909,132,2011-11-10 15:04:00,2011-11-10 15:04:00,11,1
14865.0,2,52.2,13.05,108,2010-12-02 18:23:00,2011-12-02 16:25:00,4,365
14866.0,13,14582.35,141.57621359223302,6935,2010-12-08 14:58:00,2011-11-29 11:45:00,30,356
14867.0,4,719.23,19.43864864864865,329,2010-12-06 11:47:00,2011-06-07 11:39:00,32,183
14868.0,9,2967.54,20.18734693877551,1411,2011-04-20 13:36:00,2011-12-06 14:49:00,96,231
14869.0,3,729.45,10.131250000000001,551,2011-08-28 16:09:00,2011-12-06 10:55:00,66,100
14870.0,1,327.25,25.173076923076923,119,2011-03-23 10:51:00,2011-03-23 10:51:00,13,1
14871.0,4,522.38,5.330408163265306,185,2010-12-14 12:18:00,2011-12-06 13:42:00,68,358
14873.0,1,519.68,18.56,168,2011-05-13 13:52:00,2011-05-13 13:52:00,28,1
14875.0,5,1481.92,29.6384,562,2011-03-22 11:53:00,2011-11-30 14:41:00,47,254
14878.0,9,1485.54,11.980161290322581,802,2010-12-16 12:11:00,2011-11-27 11:15:00,62,346
14880.0,3,706.19,15.025319148936171,373,2011-02-24 12:27:00,2011-09-23 13:42:00,45,212
14881.0,1,255.4,15.023529411764706,316,2011-11-20 11:06:00,2011-11-20 11:06:00,17,1
14882.0,2,589.7,53.60909090909092,158,2011-11-06 10:15:00,2011-11-13 12:47:00,6,8
14883.0,7,766.54,14.195185185185185,791,2011-05-12 09:49:00,2011-11-21 10:23:00,39,194
14885.0,1,765.3199999999999,51.02133333333333,724,2011-07-31 12:05:00,2011-07-31 12:05:00,15,1
14886.0,1,364.8,20.266666666666666,160,2011-04-01 08:56:00,2011-04-01 08:56:00,18,1
14887.0,1,1862.0,310.3333333333333,1100,2011-09-21 15:32:00,2011-09-21 15:32:00,6,1
14888.0,1,369.2,18.46,184,2011-05-16 14:58:00,2011-05-16 14:58:00,20,1
14889.0,1,135.9,13.59,90,2011-01-07 15:19:00,2011-01-07 15:19:00,10,1
14890.0,1,125.65,17.95,51,2011-03-31 11:57:00,2011-03-31 11:57:00,7,1
14891.0,2,554.38,16.79939393939394,505,2011-06-05 10:58:00,2011-07-14 18:08:00,30,40
14893.0,2,1237.8500000000001,16.956849315068496,799,2011-11-28 10:49:00,2011-11-30 12:31:00,72,3
14894.0,1,655.75,28.51086956521739,265,2011-09-15 13:51:00,2011-09-15 13:51:00,23,1
14895.0,24,11257.16,22.247351778656125,4879,2011-01-21 09:26:00,2011-12-02 09:23:00,275,315
14896.0,2,468.77000000000004,10.901627906976746,279,2010-12-09 12:24:00,2011-05-19 10:20:00,43,161
14897.0,4,1366.38,24.84327272727273,468,2011-02-16 08:37:00,2011-12-02 10:32:00,43,290
14898.0,8,1378.72,11.585882352941177,1032,2010-12-03 15:25:00,2011-11-16 14:54:00,87,348
14901.0,10,1427.59,14.567244897959183,663,2010-12-02 11:20:00,2011-11-28 17:09:00,73,362
14902.0,2,351.21,14.63375,227,2011-11-14 10:34:00,2011-11-18 17:09:00,20,5
14903.0,10,2876.78,7.903241758241759,1581,2011-03-06 11:50:00,2011-11-18 16:07:00,227,258
14904.0,2,1025.44,14.86144927536232,1985,2011-11-14 09:13:00,2011-12-07 12:55:00,66,24
14905.0,3,632.4,35.13333333333333,300,2011-04-20 10:48:00,2011-07-08 13:36:00,14,80
14907.0,10,3523.35,20.972321428571426,1696,2010-12-07 10:14:00,2011-12-06 14:14:00,125,365
14908.0,1,277.8,30.866666666666667,132,2011-09-26 12:56:00,2011-09-26 12:56:00,9,1
14910.0,7,478.84,13.681142857142856,255,2011-10-16 11:06:00,2011-12-07 10:06:00,25,52
14911.0,248,155704.2,26.377130272742676,83850,2010-12-01 14:05:00,2011-12-08 15:54:00,1794,373
14912.0,3,894.18,31.935,972,2011-04-07 11:06:00,2011-11-23 12:29:00,22,231
14913.0,4,1227.43,14.108390804597702,1743,2010-12-15 14:35:00,2011-11-04 08:29:00,76,324
14915.0,3,356.13,27.394615384615385,119,2011-03-07 09:39:00,2011-09-15 10:27:00,12,193
14916.0,5,1273.12,16.115443037974682,1140,2011-01-19 15:30:00,2011-09-30 09:20:00,72,254
14918.0,2,1610.15,35.781111111111116,675,2011-07-08 12:50:00,2011-08-16 11:50:00,39,39
14920.0,2,977.77,17.153859649122808,509,2011-05-11 10:31:00,2011-05-11 10:32:00,57,1
14921.0,2,1316.07,16.872692307692308,953,2011-05-22 12:51:00,2011-11-09 13:17:00,78,172
14923.0,1,749.1,17.025000000000002,418,2011-10-20 11:51:00,2011-10-20 11:51:00,44,1
14924.0,1,310.05,31.005000000000003,64,2011-04-08 09:25:00,2011-04-08 09:25:00,10,1
14929.0,1,223.88,20.35272727272727,136,2011-11-07 17:21:00,2011-11-07 17:21:00,11,1
14930.0,3,2372.86,18.53796875,1166,2011-03-10 14:42:00,2011-08-23 10:31:00,116,166
14931.0,6,1550.68,36.920952380952386,418,2011-04-13 09:32:00,2011-12-05 10:19:00,30,237
14932.0,1,363.53,21.384117647058822,80,2010-12-09 11:48:00,2010-12-09 11:48:00,17,1
14934.0,3,1893.04,21.51181818181818,1043,2011-03-02 11:48:00,2011-09-28 09:45:00,68,210
14935.0,1,1784.71,178.471,935,2011-02-15 14:44:00,2011-02-15 14:44:00,10,1
14936.0,9,8156.62,22.285846994535518,4087,2011-03-09 11:53:00,2011-11-30 15:07:00,210,267
14937.0,4,1626.13,46.460857142857144,485,2011-08-01 14:16:00,2011-10-14 12:29:00,33,74
14944.0,14,5957.55,34.636918604651164,2829,2010-12-22 13:13:00,2011-11-10 09:10:00,101,323
14946.0,1,100.9,33.63333333333333,22,2011-11-25 13:33:00,2011-11-25 13:33:00,3,1
14947.0,2,290.82,20.77285714285714,179,2011-08-01 09:31:00,2011-09-28 15:48:00,14,59
14948.0,7,1137.3700000000001,17.771406250000002,685,2011-05-04 14:52:00,2011-11-16 17:16:00,56,197
14950.0,2,381.15000000000003,19.0575,137,2011-11-20 13:48:00,2011-12-01 09:42:00,19,11
14951.0,1,311.69,15.5845,311,2011-09-21 15:15:00,2011-09-21 15:15:00,20,1
14952.0,15,8286.19,55.6120134228188,3415,2010-12-08 11:33:00,2011-10-24 13:50:00,119,321
14953.0,1,289.82,5.269454545454545,225,2011-11-14 14:59:00,2011-11-14 14:59:00,54,1
14954.0,1,336.17,3.9549411764705886,127,2011-11-27 14:30:00,2011-11-27 14:30:00,75,1
14957.0,1,58.49,4.8741666666666665,34,2011-03-31 17:59:00,2011-03-31 17:59:00,12,1
14958.0,3,499.68,11.897142857142857,129,2011-04-08 11:28:00,2011-07-15 14:20:00,33,99
14959.0,5,705.87,11.571639344262294,497,2011-02-16 13:00:00,2011-10-11 16:28:00,37,238
14960.0,2,221.27,8.195185185185185,221,2011-06-21 13:38:00,2011-12-01 12:54:00,23,163
14961.0,12,7082.78,22.34315457413249,3724,2010-12-14 11:38:00,2011-11-29 09:42:00,193,350
14962.0,1,126.7,25.34,44,2011-03-14 09:42:00,2011-03-14 09:42:00,5,1
14963.0,5,1487.8,7.514141414141414,1176,2011-06-09 12:30:00,2011-11-30 12:16:00,149,174
14964.0,1,206.21,15.862307692307693,143,2011-04-06 14:13:00,2011-04-06 14:13:00,13,1
14965.0,2,599.0,7.216867469879518,365,2011-09-04 13:15:00,2011-09-04 13:20:00,80,1
14966.0,1,191.32,5.034736842105263,187,2011-11-25 12:20:00,2011-11-25 12:20:00,35,1
14967.0,1,463.8,77.3,140,2011-10-21 11:06:00,2011-10-21 11:06:00,6,1
14968.0,1,147.59,3.988918918918919,127,2011-11-09 13:58:00,2011-11-09 13:58:00,37,1
14970.0,4,1592.06,46.825294117647054,250,2011-01-27 12:23:00,2011-10-02 13:44:00,24,249
14971.0,3,1116.57,6.9785625,644,2011-10-27 13:33:00,2011-11-04 17:07:00,144,9
14972.0,1,114.77,6.376111111111111,28,2011-08-03 14:54:00,2011-08-03 14:54:00,18,1
14973.0,3,1314.45,41.0765625,369,2011-04-28 12:22:00,2011-08-24 15:51:00,29,119
14974.0,1,114.39,5.4471428571428575,44,2011-11-02 13:01:00,2011-11-02 13:01:00,17,1
14975.0,1,279.94,25.44909090909091,380,2011-10-13 14:08:00,2011-10-13 14:08:00,11,1
14976.0,8,815.86,11.176164383561645,238,2011-01-17 11:09:00,2011-10-13 16:37:00,47,270
14978.0,5,1931.42,8.941759259259259,525,2011-01-13 12:03:00,2011-09-28 13:07:00,136,259
14981.0,1,102.12,12.765,97,2011-04-07 13:45:00,2011-04-07 13:45:00,8,1
14984.0,2,213.27,5.201707317073171,60,2011-06-12 11:04:00,2011-11-20 14:28:00,37,162
14985.0,2,296.75,3.410919540229885,260,2010-12-16 19:51:00,2011-05-25 14:29:00,78,160
14987.0,2,326.4,81.6,128,2010-12-09 12:13:00,2011-11-24 09:59:00,2,350
14988.0,1,334.54,8.3635,141,2011-05-12 12:05:00,2011-05-12 12:05:00,40,1
14995.0,2,233.23000000000002,3.82344262295082,103,2011-03-04 13:14:00,2011-11-01 11:39:00,53,242
14997.0,4,551.42,20.422962962962963,1138,2011-06-14 16:52:00,2011-10-24 13:28:00,25,132
14998.0,2,429.87,5.7316,270,2011-04-12 16:28:00,2011-06-22 17:30:00,70,72
15000.0,1,490.52,6.37038961038961,218,2011-10-23 11:42:00,2011-10-23 11:42:00,76,1
15002.0,4,1641.76,14.276173913043479,862,2010-12-07 13:16:00,2011-08-16 10:44:00,93,252
15004.0,1,1246.32,7.888101265822784,630,2011-07-15 14:05:00,2011-07-15 14:05:00,154,1
15005.0,35,6452.65,5.562629310344827,4290,2010-12-08 14:36:00,2011-11-24 12:25:00,368,351
15006.0,1,502.09,3.486736111111111,302,2011-10-19 15:08:00,2011-10-19 15:08:00,121,1
15007.0,1,156.91,13.075833333333334,69,2011-07-03 16:00:00,2011-07-03 16:00:00,12,1
15009.0,3,1261.78,6.932857142857142,642,2011-11-14 17:40:00,2011-11-27 13:35:00,148,13
15010.0,1,308.94,15.447,184,2011-11-04 12:42:00,2011-11-04 12:42:00,20,1
15012.0,2,423.04,3.305,231,2010-12-01 12:49:00,2011-10-17 12:22:00,110,320
15014.0,2,260.17,7.433428571428572,151,2011-06-16 19:40:00,2011-10-27 20:07:00,29,134
15016.0,1,170.04,8.501999999999999,76,2011-06-20 12:06:00,2011-06-20 12:06:00,20,1
15017.0,1,125.58,6.279,63,2011-11-06 10:33:00,2011-11-06 10:33:00,20,1
15018.0,4,536.16,16.755,190,2010-12-07 10:47:00,2011-11-01 12:47:00,30,330
15019.0,1,266.0,3.8,159,2011-03-18 12:35:00,2011-03-18 12:35:00,64,1
15021.0,13,1957.3600000000001,4.086346555323591,865,2010-12-07 08:57:00,2011-12-01 11:53:00,287,360
15022.0,4,905.04,6.704,543,2011-10-23 15:47:00,2011-11-28 12:35:00,96,36
15023.0,12,6842.36,12.153392539964475,2879,2010-12-05 13:49:00,2011-12-06 17:23:00,347,367
15024.0,10,1661.33,10.718258064516128,920,2010-12-07 13:20:00,2011-11-30 12:06:00,105,358
15025.0,1,377.01,5.23625,189,2011-11-06 15:20:00,2011-11-06 15:20:00,66,1
15026.0,3,469.0,7.688524590163935,285,2011-03-07 13:45:00,2011-09-20 13:52:00,57,198
15027.0,6,1080.35,29.198648648648646,567,2011-04-15 14:14:00,2011-11-09 10:16:00,30,208
15028.0,4,627.13,13.065208333333333,459,2010-12-06 12:47:00,2011-12-01 14:06:00,35,361
15030.0,2,518.28,74.03999999999999,372,2011-03-16 15:34:00,2011-09-29 10:50:00,7,197
15031.0,4,668.14,6.019279279279279,401,2011-03-02 14:46:00,2011-12-05 14:19:00,74,278
15032.0,5,5454.1,99.16545454545455,3268,2010-12-08 12:57:00,2011-03-28 15:30:00,29,111
15033.0,11,2602.32,5.072748538011696,1698,2011-01-14 13:28:00,2011-12-05 12:40:00,315,325
15034.0,11,4339.56,10.8489,2433,2010-12-21 09:47:00,2011-11-24 12:11:00,299,339
15035.0,1,252.73000000000002,9.36037037037037,245,2011-09-11 11:08:00,2011-09-11 11:08:00,26,1
15036.0,3,465.55,3.665748031496063,327,2011-06-13 12:19:00,2011-09-28 15:42:00,107,108
15038.0,7,745.39,5.604436090225564,247,2010-12-05 10:54:00,2011-10-27 14:42:00,105,327
15039.0,52,20042.44,13.29074270557029,9227,2010-12-06 11:26:00,2011-11-30 11:31:00,408,360
15041.0,1,180.35,2.6917910447761195,104,2011-06-22 16:16:00,2011-06-22 16:16:00,66,1
15042.0,1,135.93,27.186,30,2011-05-24 16:25:00,2011-05-24 16:25:00,5,1
15043.0,1,537.0,179.0,300,2011-11-08 14:26:00,2011-11-08 14:26:00,3,1
15044.0,22,7771.08,16.857006507592192,2804,2010-12-12 14:27:00,2011-11-20 13:20:00,233,343
15045.0,3,837.66,64.4353846153846,122,2011-03-27 11:44:00,2011-07-11 11:33:00,11,106
15046.0,16,5363.53,25.9107729468599,3595,2011-01-05 15:30:00,2011-11-30 15:50:00,147,330
15047.0,1,343.62,15.61909090909091,222,2011-03-15 10:49:00,2011-03-15 10:49:00,22,1
15048.0,5,387.53,3.9543877551020405,207,2010-12-06 12:15:00,2011-10-05 14:55:00,86,304
15049.0,1,121.17000000000002,40.39000000000001,63,2011-03-11 12:13:00,2011-03-11 12:13:00,3,1
15050.0,5,1837.01,22.962625,1264,2011-09-29 13:22:00,2011-11-14 16:17:00,68,47
15051.0,3,1391.61,9.731538461538461,1011,2011-07-12 15:29:00,2011-11-16 15:38:00,130,128
15052.0,1,215.78,7.192666666666667,82,2011-01-24 15:52:00,2011-01-24 15:52:00,27,1
15053.0,3,697.79,9.828028169014084,986,2011-03-03 12:06:00,2011-12-05 12:08:00,49,278
15054.0,2,302.1,2.6500000000000004,198,2011-10-30 14:33:00,2011-11-27 15:02:00,105,29
15057.0,2,1489.5,59.58,668,2011-01-28 09:09:00,2011-03-09 15:17:00,25,41
15058.0,11,2124.9900000000002,7.699239130434783,1069,2011-01-31 15:35:00,2011-11-14 14:57:00,199,287
15059.0,11,1349.62,5.64694560669456,606,2011-01-09 11:54:00,2011-10-30 11:35:00,161,294
15060.0,4,303.09,2.504876033057851,263,2011-11-30 14:03:00,2011-12-01 13:47:00,81,1
15061.0,55,54839.54,133.7549756097561,29250,2010-12-02 15:19:00,2011-12-06 12:06:00,71,369
15062.0,4,987.86,17.330877192982456,763,2010-12-15 15:37:00,2011-09-29 16:51:00,47,289
15063.0,1,370.79999999999995,74.16,56,2011-05-10 13:25:00,2011-05-10 13:25:00,5,1
15065.0,6,3180.28,20.128354430379748,1411,2011-02-21 12:54:00,2011-11-02 09:45:00,148,254
15066.0,2,1026.59,19.369622641509434,355,2011-10-17 13:25:00,2011-11-08 09:56:00,42,22
15067.0,3,1744.76,21.277560975609756,954,2011-03-02 12:10:00,2011-09-22 13:20:00,82,205
15068.0,2,553.36,5.320769230769231,364,2011-03-28 14:27:00,2011-10-24 14:47:00,96,211
15069.0,1,1109.53,15.850428571428571,520,2011-06-13 14:16:00,2011-06-13 14:16:00,70,1
15070.0,1,106.2,106.2,36,2010-12-02 11:23:00,2010-12-02 11:23:00,1,1
15071.0,2,982.07,37.77192307692308,269,2011-03-09 10:19:00,2011-09-07 11:43:00,25,183
15073.0,4,1474.39,19.399868421052634,705,2011-06-06 09:59:00,2011-11-30 10:44:00,31,178
15074.0,1,748.87,17.830238095238094,455,2011-08-26 14:45:00,2011-08-26 14:45:00,41,1
15075.0,1,773.03,28.63074074074074,447,2011-09-23 12:27:00,2011-09-23 12:27:00,27,1
15076.0,1,880.85,17.976530612244897,571,2011-06-20 08:23:00,2011-06-20 08:23:00,49,1
15078.0,38,9862.87,21.86889135254989,5141,2010-12-06 12:38:00,2011-12-02 15:41:00,98,362
15079.0,5,897.56,18.699166666666667,390,2010-12-09 09:25:00,2011-05-11 12:45:00,47,154
15081.0,6,522.25,14.92142857142857,192,2010-12-07 16:20:00,2011-11-17 17:08:00,26,346
15083.0,1,88.2,17.64,38,2011-03-28 12:18:00,2011-03-28 12:18:00,5,1
15087.0,1,306.94,20.462666666666667,470,2011-03-03 10:34:00,2011-03-03 10:34:00,15,1
15088.0,3,1179.8700000000001,19.6645,463,2011-10-03 14:05:00,2011-11-18 13:14:00,53,46
15089.0,6,2420.84,16.69544827586207,1359,2011-08-03 14:14:00,2011-11-29 16:31:00,139,119
15090.0,1,381.32,16.57913043478261,208,2011-02-04 14:03:00,2011-02-04 14:03:00,23,1
15091.0,2,484.46,15.62774193548387,349,2011-10-03 12:47:00,2011-10-17 10:47:00,30,14
15092.0,2,457.81,17.608076923076922,135,2011-03-01 12:24:00,2011-05-08 14:10:00,23,69
15093.0,9,4783.9,42.71339285714286,3787,2010-12-02 18:25:00,2011-11-21 13:09:00,52,354
15095.0,5,1376.5,28.091836734693878,1081,2011-05-20 14:27:00,2011-08-28 12:01:00,30,100
15096.0,1,219.39000000000001,19.944545454545455,120,2011-10-28 10:27:00,2011-10-28 10:27:00,11,1
15097.0,1,248.08,9.923200000000001,170,2011-12-05 14:03:00,2011-12-05 14:03:00,25,1
15098.0,5,79183.5,15836.7,182,2011-06-10 15:22:00,2011-06-10 15:39:00,2,1
15099.0,1,410.48,17.84695652173913,343,2011-09-16 13:13:00,2011-09-16 13:13:00,23,1
15100.0,6,1116.8999999999999,186.14999999999998,102,2010-12-01 09:09:00,2011-01-13 17:09:00,1,44
15101.0,3,325.03,36.114444444444445,243,2010-12-15 12:54:00,2011-12-01 10:18:00,8,351
15103.0,2,703.36,20.096,329,2011-09-14 13:54:00,2011-11-08 14:53:00,35,56
15104.0,3,1052.34,14.82169014084507,639,2011-03-02 14:16:00,2011-06-26 11:35:00,66,116
15105.0,7,2298.93,22.76168316831683,1211,2011-07-28 10:09:00,2011-11-21 16:54:00,90,117
15106.0,7,1437.31,14.09127450980392,1218,2011-03-15 12:52:00,2011-11-22 09:16:00,90,252
15107.0,8,399.84,19.991999999999997,178,2010-12-02 13:45:00,2011-02-01 14:46:00,13,62
15108.0,5,1308.75,21.454918032786885,501,2011-04-26 10:54:00,2011-07-21 10:24:00,50,86
15109.0,2,506.15000000000003,16.32741935483871,135,2011-04-08 09:58:00,2011-04-13 09:53:00,28,5
15110.0,7,1021.95,25.548750000000002,252,2011-01-25 11:41:00,2011-11-16 11:16:00,17,295
15111.0,3,1567.48,18.660476190476192,710,2010-12-02 11:45:00,2011-11-10 16:58:00,70,344
15113.0,4,3779.25,37.41831683168317,2410,2011-10-16 15:27:00,2011-11-30 08:23:00,77,45
15114.0,10,2760.56,14.012994923857867,3096,2011-02-11 08:45:00,2011-11-09 15:05:00,136,272
15115.0,1,340.11,16.195714285714285,157,2011-11-21 14:59:00,2011-11-21 14:59:00,21,1
15116.0,4,1352.75,30.06111111111111,648,2011-05-19 08:50:00,2011-11-22 12:25:00,37,188
15117.0,6,1553.43,19.417875000000002,1949,2011-05-08 12:38:00,2011-11-25 08:12:00,63,201
15118.0,1,244.8,244.8,1440,2011-07-28 14:54:00,2011-07-28 14:54:00,1,1
15119.0,1,266.4,19.02857142857143,88,2011-04-08 09:08:00,2011-04-08 09:08:00,14,1
15120.0,2,373.82,16.991818181818182,300,2011-07-29 09:48:00,2011-08-02 10:05:00,21,5
15121.0,2,457.72,16.34714285714286,199,2011-02-24 12:41:00,2011-10-20 14:51:00,28,239
15122.0,6,1655.43,19.02793103448276,812,2011-02-15 09:59:00,2011-09-15 16:27:00,65,213
15123.0,2,2199.31,20.748207547169812,1195,2011-05-17 14:57:00,2011-12-02 13:12:00,93,199
15124.0,2,184.19,12.279333333333334,233,2011-06-01 09:06:00,2011-11-17 10:09:00,14,170
15125.0,23,11939.91,85.28507142857143,6395,2011-03-14 09:59:00,2011-11-14 13:57:00,102,246
15127.0,1,406.53,25.408125,251,2011-10-05 10:30:00,2011-10-05 10:30:00,16,1
15128.0,8,1522.46,13.715855855855857,1360,2011-05-04 12:32:00,2011-10-10 13:54:00,76,160
15129.0,11,3447.4,41.04047619047619,1794,2011-02-21 09:09:00,2011-10-20 14:40:00,54,242
15130.0,1,330.11,15.005,197,2011-06-23 10:15:00,2011-06-23 10:15:00,22,1
15132.0,5,977.9300000000001,18.806346153846157,679,2011-03-22 12:02:00,2011-11-21 17:10:00,49,245
15133.0,3,982.42,33.87655172413793,680,2011-02-11 10:38:00,2011-08-04 10:44:00,27,175
15134.0,8,1387.99,19.013561643835615,887,2011-04-13 11:05:00,2011-11-25 08:55:00,44,226
15135.0,2,150.95,15.094999999999999,45,2011-04-14 19:16:00,2011-04-20 15:58:00,9,6
15136.0,5,1290.95,18.709420289855075,777,2011-09-04 16:05:00,2011-12-07 12:26:00,61,94
15139.0,2,178.96,13.766153846153847,208,2011-01-07 12:44:00,2011-04-14 11:39:00,13,97
15140.0,8,2358.5,29.117283950617285,1577,2011-03-20 14:37:00,2011-10-18 14:07:00,74,212
15142.0,1,498.74,19.182307692307692,365,2011-10-24 12:51:00,2011-10-24 12:51:00,26,1
15143.0,1,259.45,18.532142857142855,150,2011-04-28 12:03:00,2011-04-28 12:03:00,14,1
15144.0,18,6630.84,30.416697247706423,3074,2011-01-31 13:17:00,2011-12-01 15:12:00,132,305
15145.0,4,1194.73,17.83179104477612,756,2011-04-05 15:20:00,2011-12-05 17:21:00,54,245
15146.0,3,1340.66,14.11221052631579,1487,2011-02-21 13:07:00,2011-06-28 12:09:00,90,127
15147.0,2,638.35,22.01206896551724,369,2011-04-13 15:57:00,2011-05-05 11:20:00,28,22
15148.0,1,301.29,15.0645,187,2011-11-29 08:21:00,2011-11-29 08:21:00,20,1
15149.0,1,520.8000000000001,22.643478260869568,128,2011-07-29 10:58:00,2011-07-29 10:58:00,23,1
15150.0,11,5324.97,15.479563953488373,3683,2011-03-15 14:21:00,2011-11-22 12:52:00,282,252
15152.0,16,4807.14,17.291870503597124,2714,2011-06-05 15:36:00,2011-11-30 12:32:00,196,178
15153.0,1,329.25,14.965909090909092,198,2011-11-08 17:09:00,2011-11-08 17:09:00,22,1
15154.0,2,352.57,3.8322826086956523,111,2011-09-25 16:05:00,2011-09-26 16:43:00,66,2
15156.0,3,961.49,17.481636363636365,597,2011-11-06 12:41:00,2011-12-08 18:22:00,51,33
15157.0,5,2002.6399999999999,15.057443609022556,2542,2010-12-16 13:44:00,2011-12-06 11:28:00,126,355
15158.0,1,401.40000000000003,57.34285714285715,198,2011-10-25 13:53:00,2011-10-25 13:53:00,7,1
15159.0,34,18708.34,25.983805555555556,11488,2010-12-13 15:44:00,2011-12-08 12:05:00,363,360
15160.0,1,158.16,39.54,84,2010-12-17 14:15:00,2010-12-17 14:15:00,4,1
15163.0,2,304.47,10.49896551724138,186,2011-05-31 15:22:00,2011-11-21 13:10:00,29,174
15164.0,3,843.05,8.18495145631068,360,2011-01-04 14:21:00,2011-10-02 12:05:00,79,271
15165.0,1,487.75,18.064814814814813,160,2010-12-01 14:03:00,2010-12-01 14:03:00,27,1
15167.0,1,163.0,3.975609756097561,67,2011-01-23 12:41:00,2011-01-23 12:41:00,39,1
15168.0,1,106.56,21.312,52,2011-11-14 11:26:00,2011-11-14 11:26:00,5,1
15171.0,2,1544.5,220.64285714285714,390,2011-01-12 15:36:00,2011-01-19 12:39:00,5,7
15172.0,5,1624.05,14.764090909090909,1611,2011-04-17 11:56:00,2011-12-01 11:51:00,106,228
15174.0,1,135.75,12.340909090909092,145,2011-01-21 09:06:00,2011-01-21 09:06:00,11,1
15175.0,1,224.14,9.745217391304347,454,2011-09-29 11:31:00,2011-09-29 11:31:00,23,1
15178.0,1,40.5,13.5,30,2011-03-24 15:12:00,2011-03-24 15:12:00,3,1
15179.0,7,2227.7,23.449473684210524,1969,2010-12-10 17:05:00,2011-11-21 12:53:00,91,346
15180.0,1,87.5,14.583333333333334,36,2010-12-07 14:57:00,2010-12-07 14:57:00,6,1
15181.0,5,698.68,38.815555555555555,546,2010-12-09 13:28:00,2011-10-04 13:58:00,13,300
15182.0,2,622.85,21.477586206896554,253,2011-03-16 12:42:00,2011-07-08 13:37:00,24,115
15184.0,2,406.76,6.456507936507936,223,2011-06-02 12:06:00,2011-11-10 13:41:00,59,162
15185.0,1,310.62,14.791428571428572,666,2011-09-30 14:06:00,2011-09-30 14:06:00,21,1
15186.0,2,411.41,21.653157894736843,215,2011-06-24 14:54:00,2011-11-25 14:58:00,17,155
15187.0,18,4884.28,52.51913978494623,1905,2011-05-11 13:49:00,2011-12-08 11:56:00,61,211
15189.0,53,16648.64,71.76137931034482,6263,2011-01-11 12:29:00,2011-12-08 13:22:00,80,332
15192.0,3,1044.32,20.47686274509804,918,2010-12-09 14:56:00,2011-08-12 11:41:00,36,246
15193.0,1,499.32,26.28,144,2011-10-10 08:23:00,2011-10-10 08:23:00,19,1
15194.0,22,7711.89,23.656104294478528,5758,2010-12-06 15:00:00,2011-12-06 15:10:00,209,366
15195.0,1,3861.0,3861.0,1404,2011-12-07 12:20:00,2011-12-07 12:20:00,1,1
15197.0,5,1502.7800000000002,41.7438888888889,485,2010-12-16 18:01:00,2011-12-01 08:14:00,30,350
15198.0,2,193.64,19.363999999999997,120,2011-08-07 15:16:00,2011-09-08 14:42:00,10,32
15199.0,4,1268.7,97.5923076923077,396,2011-02-04 14:04:00,2011-10-11 15:12:00,5,250
15201.0,11,1545.24,15.930309278350515,1458,2011-04-06 14:02:00,2011-09-22 09:53:00,38,169
15203.0,6,1827.8,12.871830985915492,1753,2011-02-01 12:29:00,2011-11-14 08:16:00,82,286
15204.0,1,316.58,35.175555555555555,258,2010-12-17 13:49:00,2010-12-17 13:49:00,9,1
15205.0,3,657.65,17.306578947368422,379,2011-08-04 16:07:00,2011-09-15 19:36:00,38,43
15206.0,4,420.29999999999995,46.699999999999996,162,2011-03-09 08:59:00,2011-11-29 13:41:00,3,266
15208.0,6,872.62,20.293488372093023,318,2010-12-21 13:03:00,2011-12-08 17:24:00,25,353
15210.0,1,331.18,16.559,228,2011-04-28 16:11:00,2011-04-28 16:11:00,20,1
15211.0,2,894.4100000000001,17.20019230769231,240,2010-12-09 16:08:00,2011-10-10 13:31:00,52,305
15212.0,2,114.64999999999999,16.378571428571426,39,2011-04-12 13:45:00,2011-04-14 13:12:00,5,2
15213.0,3,331.65,13.265999999999998,274,2011-01-14 11:05:00,2011-01-25 12:25:00,22,12
15214.0,8,1661.44,15.104000000000001,1254,2011-04-11 09:46:00,2011-12-08 12:07:00,109,242
15215.0,6,853.89,19.857906976744186,239,2011-01-26 17:25:00,2011-10-26 12:28:00,35,273
15216.0,1,96.6,48.3,28,2011-09-13 11:41:00,2011-09-13 11:41:00,2,1
15218.0,11,5756.89,34.680060240963854,3329,2011-01-25 11:20:00,2011-11-29 11:48:00,77,309
15219.0,1,305.75,33.97222222222222,45,2011-06-16 16:57:00,2011-06-16 16:57:00,9,1
15220.0,7,1799.0,15.117647058823529,1409,2011-03-04 10:24:00,2011-10-19 12:39:00,110,230
15221.0,2,692.4,62.945454545454545,61,2010-12-05 12:29:00,2010-12-08 13:08:00,9,4
15222.0,1,585.0,117.0,440,2011-01-25 08:03:00,2011-01-25 08:03:00,5,1
15223.0,3,1056.6,33.01875,328,2011-04-04 12:17:00,2011-04-28 11:31:00,14,24
15224.0,3,333.68,20.855,154,2010-12-12 11:23:00,2010-12-16 15:02:00,13,5
15225.0,1,409.40000000000003,17.8,226,2011-04-19 14:51:00,2011-04-19 14:51:00,23,1
15226.0,1,154.41,19.30125,71,2011-02-02 11:41:00,2011-02-02 11:41:00,8,1
15227.0,5,1219.4,21.024137931034485,750,2011-01-26 15:31:00,2011-11-03 11:59:00,43,281
15228.0,5,3396.46,26.956031746031748,2258,2011-02-18 09:04:00,2011-10-04 13:56:00,110,229
15230.0,2,429.6,18.678260869565218,351,2011-04-13 11:04:00,2011-04-14 14:39:00,23,2
15232.0,2,612.06,19.743870967741934,686,2011-07-22 12:21:00,2011-08-18 16:27:00,26,28
15234.0,1,197.0,14.071428571428571,196,2011-03-08 08:53:00,2011-03-08 08:53:00,14,1
15235.0,12,2247.51,15.716853146853149,1324,2010-12-01 17:22:00,2011-05-06 09:44:00,132,156
15236.0,1,321.05,21.403333333333332,269,2011-02-14 10:52:00,2011-02-14 10:52:00,15,1
15237.0,4,1412.32,14.265858585858584,1071,2011-04-26 15:04:00,2011-12-08 09:46:00,94,226
15238.0,5,1087.44,20.912307692307692,695,2011-06-08 16:00:00,2011-11-10 14:28:00,49,155
15239.0,3,796.84,15.323846153846155,597,2011-09-22 09:53:00,2011-11-29 14:14:00,48,69
15240.0,7,1727.57,20.814096385542168,1377,2010-12-03 10:09:00,2011-10-26 09:50:00,61,327
15241.0,9,1774.29,15.984594594594594,1821,2011-03-01 11:02:00,2011-10-04 09:05:00,82,217
15243.0,1,316.68,14.394545454545455,185,2011-09-26 14:12:00,2011-09-26 14:12:00,22,1
15244.0,2,631.57,18.57558823529412,405,2011-04-05 15:12:00,2011-10-05 13:19:00,31,183
15245.0,3,2515.84,28.267865168539327,1784,2011-03-23 13:42:00,2011-07-28 18:56:00,55,128
15246.0,2,514.15,15.58030303030303,247,2010-12-16 09:46:00,2011-04-15 14:45:00,32,121
15247.0,1,356.0,59.333333333333336,160,2011-08-09 12:52:00,2011-08-09 12:52:00,6,1
15249.0,15,6719.56,18.769720670391063,3597,2011-03-28 12:49:00,2011-11-08 11:45:00,211,225
15251.0,15,10642.87,87.95760330578513,6258,2011-04-12 10:38:00,2011-11-30 15:02:00,97,233
15252.0,2,740.78,16.83590909090909,522,2011-06-09 14:15:00,2011-11-03 13:30:00,44,147
15253.0,6,921.1,16.747272727272726,868,2011-06-23 12:19:00,2011-11-23 16:22:00,52,154
15254.0,1,300.36,16.686666666666667,275,2011-08-04 15:04:00,2011-08-04 15:04:00,18,1
15255.0,1,890.85,18.95425531914894,489,2011-10-04 12:43:00,2011-10-04 12:43:00,47,1
15256.0,1,98.45,16.408333333333335,55,2011-07-14 11:47:00,2011-07-14 11:47:00,6,1
15257.0,2,402.15,50.26875,47,2011-03-01 12:58:00,2011-03-03 13:57:00,7,3
15258.0,2,623.16,18.328235294117647,142,2011-05-06 14:16:00,2011-06-24 12:30:00,32,49
15260.0,8,1840.77,23.599615384615383,909,2010-12-02 12:09:00,2011-08-31 13:55:00,62,273
15261.0,1,254.82,13.41157894736842,270,2011-07-27 15:20:00,2011-07-27 15:20:00,19,1
15262.0,1,178.95000000000002,17.895000000000003,73,2011-01-20 12:16:00,2011-01-20 12:16:00,10,1
15263.0,1,156.51,13.042499999999999,89,2011-08-25 10:26:00,2011-08-25 10:26:00,12,1
15264.0,1,393.74,17.11913043478261,265,2011-10-06 13:49:00,2011-10-06 13:49:00,23,1
15265.0,2,1506.1200000000001,18.36731707317073,612,2011-04-18 12:16:00,2011-07-11 14:46:00,76,85
15266.0,1,119.3,19.883333333333333,18,2011-01-05 13:40:00,2011-01-05 13:40:00,6,1
15267.0,5,1717.36,156.12363636363636,944,2011-06-10 10:24:00,2011-11-17 15:59:00,8,161
15269.0,1,408.8,204.4,26,2011-11-16 09:32:00,2011-11-16 09:32:00,2,1
15270.0,9,2460.7799999999997,51.26624999999999,1583,2011-02-02 13:25:00,2011-11-24 09:24:00,22,295
15271.0,16,2528.32,9.193890909090909,1267,2010-12-09 13:47:00,2011-12-02 14:11:00,184,359
15272.0,2,721.94,11.45936507936508,310,2011-09-14 16:36:00,2011-10-13 12:59:00,63,29
15274.0,2,716.57,15.246170212765959,619,2011-11-21 14:17:00,2011-12-05 16:57:00,44,15
15275.0,2,621.09,14.787857142857144,499,2011-11-02 11:20:00,2011-11-08 17:54:00,41,7
15276.0,1,135.31,2.602115384615385,64,2011-10-04 16:39:00,2011-10-04 16:39:00,49,1
15277.0,1,255.89999999999998,21.325,205,2011-10-24 10:08:00,2011-10-24 10:08:00,12,1
15279.0,2,303.61,14.457619047619048,193,2010-12-09 14:58:00,2010-12-20 10:48:00,21,11
15280.0,1,113.12,7.07,154,2011-06-20 17:14:00,2011-06-20 17:14:00,16,1
15281.0,12,2424.35,16.162333333333333,1229,2011-01-10 15:51:00,2011-10-12 09:10:00,122,275
15286.0,1,240.55,80.18333333333334,55,2011-10-21 11:08:00,2011-10-21 11:08:00,3,1
15287.0,3,488.14,23.244761904761905,434,2011-09-30 12:30:00,2011-11-17 15:34:00,17,49
15288.0,5,2306.52,26.210454545454546,775,2010-12-09 13:59:00,2011-10-27 16:58:00,80,323
15289.0,4,944.46,16.007796610169493,1020,2011-04-04 12:44:00,2011-11-10 13:49:00,43,221
15290.0,21,8082.67,38.12580188679245,4571,2010-12-15 16:03:00,2011-12-05 11:39:00,93,355
15291.0,20,4740.09,43.487064220183484,2132,2010-12-01 09:32:00,2011-11-14 11:02:00,63,349
15292.0,1,180.94,7.2376,56,2011-05-22 15:00:00,2011-05-22 15:00:00,24,1
15296.0,10,3735.41,18.677049999999998,1775,2011-01-17 11:57:00,2011-10-26 16:33:00,137,283
15297.0,4,648.84,15.825365853658537,294,2011-10-07 09:42:00,2011-11-29 16:32:00,30,54
15298.0,14,5825.7,30.02938144329897,3480,2010-12-08 13:55:00,2011-12-07 17:17:00,115,365
15299.0,11,5226.93,435.57750000000004,2956,2010-12-02 16:48:00,2011-10-03 14:19:00,9,305
15300.0,1,496.44,17.73,292,2011-10-06 17:08:00,2011-10-06 17:08:00,28,1
15301.0,14,5112.58,20.698704453441295,2782,2010-12-06 12:21:00,2011-10-20 09:57:00,167,318
15303.0,1,574.02,18.516774193548386,248,2011-02-22 13:59:00,2011-02-22 13:59:00,31,1
15304.0,10,708.5,27.25,108,2010-12-06 11:42:00,2011-10-10 10:23:00,8,308
15306.0,3,1174.35,20.247413793103448,810,2011-07-14 15:22:00,2011-10-06 12:56:00,57,84
15307.0,1,205.3,17.108333333333334,37,2011-09-05 11:38:00,2011-09-05 11:38:00,12,1
15308.0,2,318.67,15.174761904761905,177,2011-03-10 13:08:00,2011-03-14 12:24:00,19,4
15311.0,118,62116.46,24.936354877559214,38668,2010-12-01 09:41:00,2011-12-09 12:00:00,571,374
15312.0,5,928.6,19.345833333333335,519,2010-12-20 11:01:00,2011-09-25 13:10:00,42,280
15313.0,1,52.0,52.0,25,2011-08-21 16:02:00,2011-08-21 16:02:00,1,1
15314.0,1,327.97,13.665416666666667,313,2011-05-24 14:39:00,2011-05-24 14:39:00,24,1
15315.0,3,589.46,15.512105263157896,886,2011-08-15 15:17:00,2011-10-06 12:51:00,35,52
15316.0,1,165.0,165.0,100,2011-01-17 11:34:00,2011-01-17 11:34:00,1,1
15318.0,1,312.62,9.473333333333333,642,2011-12-06 11:30:00,2011-12-06 11:30:00,33,1
15319.0,1,204.5,12.78125,175,2011-03-01 12:48:00,2011-03-01 12:48:00,16,1
15320.0,1,267.13,7.420277777777778,326,2011-10-26 13:27:00,2011-10-26 13:27:00,36,1
15321.0,4,2845.89,26.848018867924527,1199,2011-02-21 11:10:00,2011-10-21 13:58:00,83,243
15322.0,2,756.39,15.436530612244898,467,2011-09-15 09:34:00,2011-10-06 20:38:00,42,22
15325.0,1,162.29,3.3120408163265305,232,2011-08-28 11:55:00,2011-08-28 11:55:00,47,1
15326.0,1,311.71,10.748620689655171,386,2011-01-10 11:38:00,2011-01-10 11:38:00,29,1
15327.0,1,208.75,20.875,116,2011-10-18 11:55:00,2011-10-18 11:55:00,10,1
15329.0,5,1093.9,17.643548387096775,496,2010-12-09 15:43:00,2011-11-04 12:56:00,52,330
15330.0,2,714.96,54.99692307692308,1312,2011-10-10 12:30:00,2011-11-07 17:50:00,10,29
15332.0,4,1661.06,47.45885714285714,652,2010-12-05 12:00:00,2010-12-08 14:43:00,29,4
15333.0,1,1028.56,64.285,344,2011-05-15 13:27:00,2011-05-15 13:27:00,16,1
15334.0,3,351.67,3.5522222222222224,274,2011-06-19 13:51:00,2011-07-06 11:22:00,67,17
15335.0,1,173.97,4.8325,80,2011-10-17 12:50:00,2011-10-17 12:50:00,34,1
15339.0,3,590.57,6.711022727272728,418,2011-01-25 13:15:00,2011-10-04 12:51:00,79,252
15341.0,1,2020.52,118.85411764705883,812,2011-09-20 09:40:00,2011-09-20 09:40:00,17,1
15342.0,2,420.41999999999996,16.169999999999998,290,2011-08-02 10:19:00,2011-08-15 16:20:00,24,14
15343.0,1,364.5,17.357142857142858,84,2011-09-13 13:55:00,2011-09-13 13:55:00,21,1
15344.0,5,651.3,20.353125,126,2011-09-26 14:48:00,2011-12-09 10:45:00,21,74
15345.0,2,419.39,18.234347826086957,84,2011-10-25 11:28:00,2011-11-04 13:24:00,20,11
15346.0,1,252.42000000000002,14.848235294117648,144,2011-01-11 11:18:00,2011-01-11 11:18:00,17,1
15347.0,1,201.60000000000002,40.32000000000001,130,2010-12-08 15:25:00,2010-12-08 15:25:00,5,1
15348.0,1,158.04,17.56,84,2011-09-28 13:17:00,2011-09-28 13:17:00,9,1
15349.0,2,473.81,6.580694444444444,327,2011-06-05 15:46:00,2011-07-04 16:06:00,65,30
15350.0,1,115.65,23.130000000000003,51,2010-12-01 13:33:00,2010-12-01 13:33:00,5,1
15351.0,10,2058.08,8.832961373390557,774,2010-12-05 10:48:00,2011-11-27 12:52:00,160,358
15353.0,2,777.02,12.333650793650794,343,2010-12-07 11:49:00,2011-03-30 12:15:00,59,114
15355.0,2,277.05,19.789285714285715,45,2011-10-17 15:22:00,2011-11-10 13:44:00,9,24
15356.0,10,2766.5,5.330443159922929,1673,2010-12-06 14:05:00,2011-11-08 13:11:00,215,337
15358.0,29,8459.6,15.079500891265598,7173,2010-12-09 10:04:00,2011-12-05 09:04:00,292,361
15360.0,1,427.93,32.917692307692306,223,2011-10-31 09:35:00,2011-10-31 09:35:00,13,1
15361.0,1,418.92,59.84571428571429,336,2010-12-13 09:52:00,2010-12-13 09:52:00,7,1
15363.0,2,333.95,19.644117647058824,145,2010-12-02 12:28:00,2011-04-12 15:48:00,16,132
15364.0,2,913.19,31.489310344827587,493,2011-03-30 13:39:00,2011-09-05 09:46:00,29,159
15365.0,9,3298.19,21.842317880794702,1410,2011-01-28 13:08:00,2011-11-14 08:29:00,66,290
15366.0,2,602.51,13.69340909090909,621,2010-12-16 15:59:00,2011-09-25 15:01:00,37,283
15367.0,5,1887.49,19.661354166666666,1059,2011-03-09 13:53:00,2011-10-13 14:13:00,92,219
15368.0,1,446.94000000000005,111.73500000000001,230,2011-11-18 14:42:00,2011-11-18 14:42:00,4,1
15369.0,1,1592.49,1592.49,1,2011-07-18 15:11:00,2011-07-18 15:11:00,1,1
15370.0,8,2411.55,25.384736842105266,832,2011-01-11 11:32:00,2011-10-30 10:58:00,65,292
15372.0,1,2007.3999999999999,74.34814814814814,2924,2011-07-25 16:39:00,2011-07-25 16:39:00,27,1
15373.0,13,2618.71,19.114671532846714,524,2010-12-03 14:40:00,2011-12-01 15:05:00,74,364
15374.0,1,168.0,56.0,126,2011-08-03 09:59:00,2011-08-03 09:59:00,3,1
15376.0,3,1233.3600000000001,10.541538461538462,619,2011-05-01 13:45:00,2011-10-30 15:04:00,100,183
15379.0,8,3774.69,19.258622448979594,2317,2010-12-16 13:02:00,2011-06-23 13:13:00,145,190
15380.0,6,1698.16,45.89621621621622,378,2010-12-09 15:01:00,2011-12-01 12:13:00,22,357
15381.0,2,596.85,74.60625,171,2011-03-16 13:44:00,2011-05-10 11:55:00,8,55
15382.0,8,5983.56,19.554117647058824,4021,2011-02-17 12:01:00,2011-11-25 10:58:00,193,281
15384.0,3,649.06,15.094418604651162,599,2010-12-02 17:27:00,2011-06-23 10:57:00,35,203
15385.0,1,316.88,26.406666666666666,161,2011-10-30 15:11:00,2011-10-30 15:11:00,12,1
15386.0,1,394.14,12.714193548387096,446,2011-06-06 13:47:00,2011-06-06 13:47:00,31,1
15388.0,1,140.54,14.053999999999998,88,2011-03-14 13:53:00,2011-03-14 13:53:00,10,1
15389.0,1,500.0,500.0,400,2011-06-20 16:18:00,2011-06-20 16:18:00,1,1
15392.0,5,1555.33,18.298,1289,2010-12-14 15:50:00,2011-12-05 11:01:00,74,356
15393.0,2,231.86,19.32166666666667,150,2011-03-03 16:58:00,2011-11-23 16:48:00,10,265
15394.0,4,2183.54,25.68870588235294,910,2010-12-16 12:46:00,2011-11-30 11:49:00,54,349
15395.0,1,107.45,15.35,17,2011-01-18 12:40:00,2011-01-18 12:40:00,7,1
15396.0,1,288.18,20.584285714285716,122,2011-08-19 10:56:00,2011-08-19 10:56:00,14,1
15397.0,1,94.0,15.666666666666666,20,2011-02-23 09:25:00,2011-02-23 09:25:00,6,1
15398.0,3,1351.43,18.26256756756757,771,2011-09-22 14:56:00,2011-11-23 16:47:00,60,63
15399.0,3,815.77,16.3154,611,2011-09-21 15:57:00,2011-12-08 13:04:00,45,78
15400.0,6,765.7,58.900000000000006,420,2011-03-06 11:27:00,2011-09-08 13:57:00,10,187
15402.0,2,626.77,14.923095238095238,694,2011-05-27 13:32:00,2011-07-14 12:17:00,35,48
15405.0,1,349.1,43.6375,193,2011-06-03 14:44:00,2011-06-03 14:44:00,8,1
15406.0,4,594.8100000000001,10.255344827586208,272,2011-02-11 16:19:00,2011-11-21 16:14:00,51,283
15407.0,4,1056.44,6.90483660130719,558,2011-02-07 13:18:00,2011-11-06 11:55:00,142,272
15408.0,1,267.18,7.858235294117647,106,2011-03-20 15:02:00,2011-03-20 15:02:00,34,1
15410.0,8,3450.84,28.285573770491805,1200,2011-03-23 10:15:00,2011-09-16 14:47:00,48,178
15411.0,5,1371.38,13.7138,532,2011-06-10 12:30:00,2011-11-13 15:19:00,86,157
15412.0,1,190.53,19.053,108,2011-06-21 15:24:00,2011-06-21 15:24:00,10,1
15414.0,3,774.9000000000001,19.86923076923077,443,2011-04-11 13:45:00,2011-11-30 09:50:00,37,233
15415.0,1,572.8100000000001,11.933541666666668,575,2011-01-30 14:13:00,2011-01-30 14:13:00,46,1
15416.0,5,3994.27,20.695699481865287,2091,2011-03-02 08:41:00,2011-10-06 09:38:00,165,219
15417.0,1,508.8,18.17142857142857,284,2011-09-15 15:26:00,2011-09-15 15:26:00,28,1
15419.0,1,135.86,16.9825,230,2011-11-15 09:23:00,2011-11-15 09:23:00,8,1
15421.0,4,950.36,17.93132075471698,500,2011-02-02 14:36:00,2011-10-12 09:20:00,40,252
15422.0,2,97.7,16.283333333333335,38,2011-01-20 14:17:00,2011-01-20 16:17:00,6,1
15423.0,1,43.5,21.75,101,2011-11-01 14:01:00,2011-11-01 14:01:00,2,1
15424.0,2,383.34,22.54941176470588,554,2011-03-30 13:00:00,2011-03-30 13:02:00,17,1
15426.0,7,1464.88,4.882933333333334,685,2010-12-05 13:55:00,2011-11-20 15:36:00,222,351
15427.0,3,1483.14,4.84686274509804,1013,2011-10-23 14:47:00,2011-11-06 14:29:00,233,14
15428.0,1,93.78,15.63,102,2011-11-24 16:54:00,2011-11-24 16:54:00,6,1
15429.0,3,429.8,5.178313253012048,391,2011-09-25 13:42:00,2011-11-13 12:28:00,77,49
15432.0,1,171.19,17.119,65,2011-11-16 16:30:00,2011-11-16 16:30:00,10,1
15433.0,3,648.73,12.240188679245284,669,2011-03-17 14:12:00,2011-09-21 16:24:00,40,189
15434.0,6,1085.48,18.397966101694916,656,2011-05-23 14:18:00,2011-12-01 13:33:00,40,192
15435.0,1,149.29,5.147931034482759,54,2011-11-17 16:39:00,2011-11-17 16:39:00,29,1
15436.0,3,1122.53,3.4119452887537993,613,2011-04-19 16:52:00,2011-11-27 16:05:00,243,222
15437.0,1,200.16,4.4479999999999995,79,2011-03-22 13:11:00,2011-03-22 13:11:00,44,1
15438.0,1,156.57999999999998,6.263199999999999,59,2011-07-31 14:19:00,2011-07-31 14:19:00,25,1
15440.0,3,383.68,6.188387096774194,197,2011-05-15 11:30:00,2011-10-16 12:16:00,50,155
15442.0,1,594.0,297.0,120,2011-04-05 12:24:00,2011-04-05 12:24:00,2,1
15443.0,8,3261.66,8.471844155844156,1666,2011-01-23 13:25:00,2011-12-08 10:40:00,237,319
15444.0,2,1418.26,6.476073059360731,764,2011-10-30 16:12:00,2011-11-30 17:37:00,191,32
15445.0,1,113.5,22.7,58,2011-03-20 15:06:00,2011-03-20 15:06:00,5,1
15447.0,1,155.17,17.24111111111111,85,2011-01-13 11:26:00,2011-01-13 11:26:00,9,1
15448.0,1,494.64,17.665714285714284,232,2011-01-31 10:42:00,2011-01-31 10:42:00,28,1
15449.0,5,977.82,15.771290322580645,814,2011-03-23 10:43:00,2011-11-13 15:02:00,47,236
15450.0,1,429.84,14.328,376,2011-11-09 17:11:00,2011-11-09 17:11:00,30,1
15452.0,3,538.73,9.28844827586207,283,2011-03-20 15:21:00,2011-11-10 12:13:00,47,235
15453.0,7,1388.37,4.854440559440559,845,2011-06-05 12:37:00,2011-12-08 10:59:00,169,186
15454.0,1,179.1,7.164,86,2010-12-12 14:21:00,2010-12-12 14:21:00,23,1
15456.0,3,447.22,7.453666666666667,660,2010-12-15 15:34:00,2011-03-01 13:51:00,48,76
15457.0,1,237.07,4.087413793103448,132,2011-03-22 15:31:00,2011-03-22 15:31:00,56,1
15458.0,1,161.64,23.09142857142857,156,2011-11-14 13:08:00,2011-11-14 13:08:00,7,1
15460.0,1,216.76,3.7372413793103445,109,2010-12-20 16:08:00,2010-12-20 16:08:00,53,1
15462.0,3,234.6,21.327272727272728,172,2011-06-05 15:36:00,2011-09-06 13:11:00,9,93
15463.0,1,126.14,18.02,106,2011-11-10 12:57:00,2011-11-10 12:57:00,7,1
15464.0,1,1048.85,6.680573248407643,350,2011-01-05 15:56:00,2011-01-05 15:56:00,155,1
15465.0,24,7764.219999999999,74.65596153846153,1297,2010-12-05 10:12:00,2011-11-20 10:11:00,43,350
15466.0,1,334.53,5.868947368421052,246,2011-09-15 14:08:00,2011-09-15 14:08:00,56,1
15467.0,4,537.88,10.148679245283018,314,2011-07-10 14:42:00,2011-11-30 14:17:00,41,143
15468.0,5,496.56,17.122758620689655,160,2010-12-14 10:50:00,2011-11-04 13:11:00,25,326
15469.0,4,572.6,21.20740740740741,156,2011-08-11 16:54:00,2011-10-27 19:16:00,24,78
15471.0,1,469.48,6.097142857142857,266,2011-12-07 14:12:00,2011-12-07 14:12:00,67,1
15472.0,1,371.56,4.888947368421053,251,2011-08-18 15:17:00,2011-08-18 15:17:00,76,1
15473.0,10,2077.2,148.37142857142857,792,2011-10-10 11:12:00,2011-11-25 15:15:00,4,47
15475.0,1,454.10999999999996,15.658965517241377,319,2011-09-23 15:20:00,2011-09-23 15:20:00,29,1
15478.0,2,1441.42,31.33521739130435,585,2011-10-14 11:09:00,2011-10-30 14:19:00,34,17
15480.0,1,905.5,20.122222222222224,303,2011-08-15 14:32:00,2011-08-15 14:32:00,45,1
15482.0,16,15541.199999999999,122.37165354330708,7042,2010-12-16 10:08:00,2011-11-24 10:46:00,46,344
15483.0,4,233.81,2.656931818181818,295,2011-03-18 12:26:00,2011-07-01 13:07:00,74,106
15484.0,5,3625.51,19.182592592592595,3168,2011-09-22 13:31:00,2011-12-08 15:03:00,135,78
15485.0,3,2575.0,29.941860465116278,1306,2010-12-01 13:23:00,2011-11-09 14:31:00,59,344
15488.0,1,91.32000000000001,45.660000000000004,73,2011-09-08 10:11:00,2011-09-08 10:11:00,2,1
15489.0,4,1178.53,21.427818181818182,623,2011-05-12 12:54:00,2011-11-17 08:53:00,47,189
15491.0,7,3109.33,20.060193548387097,1668,2011-04-18 10:04:00,2011-09-05 15:56:00,108,141
15492.0,2,659.4599999999999,18.841714285714282,483,2011-09-26 14:02:00,2011-11-11 14:53:00,32,47
15493.0,7,2036.35,6.8105351170568555,565,2011-03-14 11:44:00,2011-11-07 12:04:00,177,239
15494.0,2,1299.23,10.39384,1148,2011-08-10 15:29:00,2011-11-18 14:51:00,120,100
15497.0,3,1264.7,79.04375,626,2011-01-24 10:01:00,2011-11-22 11:51:00,13,303
15498.0,35,14236.34,27.22053537284895,6126,2010-12-07 12:34:00,2011-12-09 10:28:00,362,367
15500.0,4,1131.56,16.640588235294118,572,2011-09-19 13:47:00,2011-12-01 13:47:00,64,74
15502.0,23,15228.4,60.43015873015873,4649,2010-12-05 15:40:00,2011-11-24 12:48:00,164,354
15503.0,1,147.09,2.1012857142857144,74,2010-12-12 10:57:00,2010-12-12 10:57:00,66,1
15504.0,1,52.83,4.063846153846153,33,2011-09-19 13:45:00,2011-09-19 13:45:00,13,1
15505.0,7,3724.78,37.62404040404041,2432,2011-07-07 13:33:00,2011-10-18 07:56:00,90,103
15506.0,3,979.26,5.971097560975609,848,2011-07-24 11:45:00,2011-11-17 12:11:00,121,117
15507.0,1,492.36,10.703478260869565,162,2011-06-21 11:19:00,2011-06-21 11:19:00,41,1
15508.0,6,1000.27,10.8725,440,2011-04-18 15:31:00,2011-06-03 15:43:00,78,47
15510.0,1,250.0,250.0,2,2011-01-13 12:10:00,2011-01-13 12:10:00,1,1
15511.0,5,909.23,5.6826875,271,2011-09-15 15:05:00,2011-11-28 09:43:00,117,74
15512.0,2,121.0,17.285714285714285,68,2010-12-15 12:01:00,2011-07-07 10:20:00,7,204
15513.0,22,14996.36,47.75910828025478,5873,2010-12-01 11:22:00,2011-11-08 16:21:00,183,343
15514.0,13,5315.7300000000005,24.38408256880734,2529,2010-12-10 13:50:00,2011-11-27 14:40:00,96,353
15516.0,3,62.43,4.162,27,2011-10-24 11:33:00,2011-10-26 10:51:00,15,2
15517.0,1,267.03,9.889999999999999,293,2011-04-20 14:02:00,2011-04-20 14:02:00,27,1
15518.0,13,1973.01,8.968227272727272,1284,2011-01-11 12:50:00,2011-10-06 13:05:00,136,269
15520.0,1,343.5,19.083333333333332,314,2011-12-08 10:58:00,2011-12-08 10:58:00,18,1
15521.0,13,3425.75,17.12875,1998,2011-03-30 09:15:00,2011-11-03 13:52:00,117,219
15522.0,2,398.84,6.99719298245614,573,2011-09-13 12:26:00,2011-11-07 11:26:00,47,55
15523.0,1,412.01000000000005,41.20100000000001,132,2011-09-16 16:29:00,2011-09-16 16:29:00,10,1
15524.0,1,440.0,440.0,4,2011-11-15 12:09:00,2011-11-15 12:09:00,1,1
15525.0,4,840.8199999999999,4.671222222222222,418,2010-12-01 13:17:00,2011-12-07 15:39:00,133,372
15526.0,2,148.44,37.11,24,2011-11-06 15:01:00,2011-11-06 15:04:00,4,1
15527.0,10,2510.7400000000002,15.124939759036145,996,2010-12-20 14:15:00,2011-11-21 12:17:00,128,336
15528.0,1,229.33,8.820384615384615,123,2011-03-30 16:14:00,2011-03-30 16:14:00,26,1
15529.0,12,4022.68,5.968367952522255,3503,2010-12-08 12:24:00,2011-11-17 11:29:00,415,344
15530.0,4,1502.35,13.910648148148148,950,2011-04-07 11:16:00,2011-11-18 12:25:00,90,226
15531.0,2,2007.44,8.804561403508773,1105,2011-11-09 17:47:00,2011-12-01 18:43:00,196,23
15532.0,6,1644.78,6.253916349809886,534,2010-12-16 16:45:00,2011-11-14 14:51:00,205,333
15533.0,5,868.22,10.095581395348837,322,2011-09-11 15:41:00,2011-11-20 15:35:00,73,70
15535.0,7,612.9,7.857692307692307,157,2010-12-09 15:36:00,2011-06-19 16:02:00,55,193
15537.0,1,110.92,4.621666666666667,29,2011-06-29 13:10:00,2011-06-29 13:10:00,24,1
15539.0,1,538.46,13.133170731707319,410,2011-12-02 13:36:00,2011-12-02 13:36:00,41,1
15540.0,1,213.3,14.22,200,2011-11-28 13:51:00,2011-11-28 13:51:00,15,1
15541.0,1,85.13000000000001,2.9355172413793107,49,2011-08-17 14:58:00,2011-08-17 14:58:00,29,1
15543.0,1,127.86,4.566428571428571,86,2011-02-24 15:26:00,2011-02-24 15:26:00,26,1
15544.0,11,3550.91,13.605019157088122,3113,2010-12-02 12:47:00,2011-12-01 09:16:00,122,364
15545.0,2,292.71999999999997,3.613827160493827,163,2010-12-03 17:28:00,2011-10-16 13:24:00,78,317
15547.0,14,4954.84,7.058176638176638,4032,2010-12-12 13:26:00,2011-12-02 12:52:00,441,355
15549.0,4,1730.76,14.920344827586208,708,2011-01-27 15:38:00,2011-09-23 16:22:00,104,240
15550.0,4,575.63,9.43655737704918,295,2011-02-11 12:49:00,2011-12-05 15:38:00,43,298
15551.0,1,436.06,15.036551724137931,218,2011-11-03 12:37:00,2011-11-03 12:37:00,29,1
15552.0,1,90.12,5.301176470588236,60,2011-05-06 14:47:00,2011-05-06 14:47:00,17,1
15553.0,1,437.23,7.807678571428572,451,2011-10-10 14:02:00,2011-10-10 14:02:00,51,1
15554.0,1,217.2,15.514285714285714,74,2011-03-07 09:00:00,2011-03-07 09:00:00,14,1
15555.0,20,4852.14,5.245556756756757,4468,2010-12-05 14:45:00,2011-11-27 16:19:00,404,358
15556.0,1,279.77,9.024838709677418,236,2011-11-15 16:08:00,2011-11-15 16:08:00,31,1
15557.0,1,473.65000000000003,23.6825,219,2011-11-11 12:46:00,2011-11-11 12:46:00,16,1
15561.0,5,878.4399999999999,28.336774193548386,278,2011-05-08 11:38:00,2011-11-28 11:07:00,27,204
15562.0,1,134.55,134.55,39,2010-12-23 09:55:00,2010-12-23 09:55:00,1,1
15563.0,7,1481.19,12.65974358974359,1542,2010-12-16 11:27:00,2011-12-01 09:36:00,88,350
15565.0,2,173.16,21.645,60,2011-09-30 10:44:00,2011-10-20 14:33:00,8,21
15567.0,1,186.01,26.572857142857142,223,2011-11-21 10:48:00,2011-11-21 10:48:00,7,1
15568.0,3,758.29,14.307358490566036,461,2011-09-27 14:37:00,2011-12-07 11:27:00,27,71
15569.0,5,1375.71,44.377741935483876,666,2011-01-11 13:26:00,2011-08-28 10:15:00,27,229
15570.0,13,4221.07,12.791121212121212,2076,2010-12-05 12:57:00,2011-12-02 14:47:00,232,363
15571.0,4,650.4300000000001,11.411052631578949,264,2011-09-22 13:15:00,2011-11-28 10:02:00,47,67
15572.0,7,2552.86,11.873767441860466,1229,2011-03-06 14:44:00,2011-12-05 10:09:00,166,274
15573.0,2,607.45,5.840865384615385,363,2011-09-15 12:16:00,2011-11-08 11:38:00,88,54
15574.0,4,702.25,4.180059523809524,349,2010-12-02 15:46:00,2011-06-15 12:01:00,131,195
15576.0,1,940.6700000000001,20.90377777777778,404,2011-11-02 12:03:00,2011-11-02 12:03:00,43,1
15577.0,3,258.88,6.637948717948718,89,2011-02-07 13:32:00,2011-07-11 17:03:00,39,155
15578.0,1,127.1,9.776923076923076,52,2011-06-30 13:03:00,2011-06-30 13:03:00,13,1
15579.0,2,348.6,6.835294117647059,120,2011-01-30 12:09:00,2011-10-02 12:45:00,45,246
15581.0,14,3931.2200000000003,26.03456953642384,288,2010-12-08 14:38:00,2011-08-11 09:38:00,134,246
15582.0,3,682.9100000000001,15.52068181818182,453,2011-05-03 13:36:00,2011-11-15 09:55:00,39,196
15584.0,5,727.61,5.82088,316,2011-06-30 16:39:00,2011-11-16 10:55:00,89,139
15585.0,1,455.3,14.687096774193549,320,2011-06-16 08:38:00,2011-06-16 08:38:00,31,1
15587.0,4,913.6800000000001,101.52000000000001,312,2010-12-23 09:59:00,2011-10-20 13:37:00,3,302
15589.0,4,500.48,16.682666666666666,244,2011-02-02 10:46:00,2011-04-01 11:22:00,28,59
15590.0,1,30.19,30.19,1,2011-02-23 16:36:00,2011-02-23 16:36:00,1,1
15592.0,1,388.58,16.190833333333334,354,2011-10-24 08:59:00,2011-10-24 08:59:00,24,1
15593.0,1,199.8,39.96,60,2011-09-30 11:46:00,2011-09-30 11:46:00,5,1
15594.0,6,1776.03,17.077211538461537,984,2011-04-19 10:08:00,2011-11-24 08:53:00,85,219
15596.0,9,1469.84,17.49809523809524,574,2010-12-09 16:10:00,2011-08-31 10:55:00,51,265
15597.0,2,333.42,14.496521739130435,282,2011-11-04 13:26:00,2011-11-10 11:46:00,22,6
15598.0,3,245.68,15.355,164,2011-10-17 16:04:00,2011-11-04 13:14:00,14,18
15599.0,2,761.74,14.648846153846154,718,2011-05-19 13:05:00,2011-11-13 11:44:00,50,178
15601.0,17,6807.76,16.443864734299517,4988,2010-12-02 10:39:00,2011-11-28 15:15:00,230,362
15602.0,15,1518.71,28.12425925925926,1281,2010-12-06 15:35:00,2011-12-01 14:14:00,31,360
15603.0,1,48.480000000000004,24.240000000000002,96,2011-09-22 10:04:00,2011-09-22 10:04:00,2,1
15604.0,1,216.39,12.728823529411764,159,2011-10-18 14:47:00,2011-10-18 14:47:00,17,1
15605.0,5,1198.23,17.88402985074627,441,2010-12-01 13:38:00,2011-11-03 14:17:00,61,338
15606.0,11,3417.68,37.55692307692308,1064,2011-01-19 12:07:00,2011-10-13 13:32:00,51,268
15607.0,1,104.76,8.05846153846154,202,2011-01-07 12:44:00,2011-01-07 12:44:00,13,1
15608.0,4,1093.68,18.228,714,2011-08-11 09:56:00,2011-11-11 13:20:00,59,93
15609.0,2,326.93,18.162777777777777,151,2011-06-08 13:00:00,2011-06-10 09:55:00,16,2
15610.0,1,112.46000000000001,18.743333333333336,66,2011-10-19 10:36:00,2011-10-19 10:36:00,6,1
15611.0,15,1614.51,35.878,510,2011-01-09 11:32:00,2011-11-30 12:36:00,23,326
15612.0,2,195.15,32.525,52,2011-10-09 12:49:00,2011-11-03 14:52:00,4,26
15615.0,27,10439.44,24.334358974358974,5523,2010-12-15 16:21:00,2011-11-29 14:42:00,185,349
15618.0,5,806.6709999999999,16.462673469387752,480,2011-07-26 10:13:00,2011-11-07 08:34:00,39,104
15619.0,1,336.40000000000003,112.13333333333334,136,2011-11-29 08:14:00,2011-11-29 08:14:00,3,1
15620.0,6,1581.96,15.211153846153847,931,2010-12-16 14:34:00,2011-10-20 19:17:00,92,309
15621.0,6,1427.29,79.29388888888889,539,2011-11-18 11:49:00,2011-12-05 14:01:00,11,18
15622.0,16,4194.59,19.60088785046729,1796,2011-03-02 13:42:00,2011-12-06 14:57:00,169,280
15623.0,1,301.03,15.843684210526314,125,2011-07-21 17:26:00,2011-07-21 17:26:00,19,1
15624.0,4,588.13,17.297941176470587,357,2011-03-28 13:32:00,2011-08-15 11:38:00,26,140
15625.0,8,1563.96,22.999411764705883,1210,2011-04-18 14:01:00,2011-08-31 16:13:00,44,136
15626.0,2,675.8,13.791836734693877,766,2011-01-14 10:10:00,2011-09-26 10:03:00,49,255
15628.0,10,2874.84,18.311082802547773,1906,2010-12-08 09:51:00,2011-12-05 10:24:00,85,363
15630.0,3,1192.3,19.54590163934426,801,2011-05-19 10:16:00,2011-10-25 15:36:00,57,160
15632.0,10,3423.31,19.340734463276835,2169,2011-03-10 08:29:00,2011-11-24 09:51:00,107,260
15634.0,1,243.55,16.236666666666668,99,2011-11-22 16:28:00,2011-11-22 16:28:00,15,1
15636.0,2,724.76,28.9904,284,2011-03-02 14:50:00,2011-09-11 11:17:00,20,193
15637.0,1,223.36,14.890666666666668,128,2011-10-18 08:28:00,2011-10-18 08:28:00,15,1
15638.0,1,94.0,47.0,52,2011-02-11 15:12:00,2011-02-11 15:12:00,2,1
15639.0,1,425.32,17.0128,323,2011-07-28 14:30:00,2011-07-28 14:30:00,25,1
15640.0,17,12597.98,25.450464646464646,6642,2010-12-02 15:40:00,2011-12-05 14:35:00,241,368
15641.0,4,1887.2,15.858823529411765,1562,2010-12-15 14:45:00,2011-08-26 14:04:00,102,254
15643.0,6,680.6,18.905555555555555,250,2011-03-02 14:34:00,2011-06-13 17:19:00,31,104
15644.0,4,813.0,3.4159663865546217,557,2011-03-23 15:37:00,2011-06-26 14:54:00,166,95
15645.0,1,612.01,11.769423076923077,256,2011-11-21 11:55:00,2011-11-21 11:55:00,50,1
15646.0,4,470.14000000000004,13.059444444444445,400,2010-12-02 16:59:00,2011-07-05 09:53:00,35,215
15648.0,4,714.8000000000001,25.528571428571432,229,2011-03-17 18:59:00,2011-05-19 15:53:00,24,63
15649.0,2,816.0,408.0,192,2010-12-07 10:06:00,2011-01-07 13:34:00,1,32
15651.0,3,646.3,20.196875,479,2011-03-24 08:56:00,2011-11-03 08:41:00,27,224
15652.0,1,337.74,16.082857142857144,208,2011-09-09 14:22:00,2011-09-09 14:22:00,21,1
15653.0,2,877.4399999999999,146.23999999999998,1200,2011-08-16 09:50:00,2011-09-08 10:49:00,4,24
15654.0,2,922.53,43.93,475,2011-11-13 15:15:00,2011-11-30 13:08:00,15,17
15655.0,2,610.02,16.487027027027025,329,2011-04-10 15:25:00,2011-04-20 16:28:00,34,11
15656.0,4,748.5,15.925531914893616,343,2011-02-28 15:32:00,2011-10-25 14:56:00,46,239
15657.0,1,30.0,30.0,24,2011-11-17 12:19:00,2011-11-17 12:19:00,1,1
15658.0,8,1089.3,19.451785714285712,252,2010-12-02 10:53:00,2011-06-02 15:22:00,40,183
15659.0,1,306.45,27.85909090909091,111,2011-10-27 09:23:00,2011-10-27 09:23:00,11,1
15660.0,12,1649.71,17.550106382978722,1063,2010-12-09 09:49:00,2011-11-14 16:58:00,55,341
15661.0,2,309.8,61.96,236,2011-01-05 12:32:00,2011-01-26 13:56:00,4,22
15663.0,1,138.14,15.348888888888887,106,2011-08-25 15:50:00,2011-08-25 15:50:00,9,1
15664.0,2,414.23,21.801578947368423,173,2010-12-15 17:05:00,2011-10-20 10:57:00,19,309
15665.0,2,2242.01,19.327672413793106,1666,2011-04-10 15:09:00,2011-06-24 14:57:00,92,75
15667.0,1,301.32,23.178461538461537,240,2011-10-31 10:56:00,2011-10-31 10:56:00,13,1
15668.0,1,76.32000000000001,76.32000000000001,72,2011-05-06 10:39:00,2011-05-06 10:39:00,1,1
15669.0,5,690.99,19.742571428571427,345,2011-03-21 09:13:00,2011-10-30 16:03:00,31,224
15670.0,1,173.05,14.420833333333334,91,2011-02-16 10:50:00,2011-02-16 10:50:00,12,1
15671.0,10,2678.77,33.071234567901236,1717,2011-03-14 09:37:00,2011-11-21 12:43:00,52,253
15673.0,4,2881.02,18.587225806451613,1514,2011-01-16 16:25:00,2011-09-12 16:12:00,107,239
15674.0,8,3149.18,23.327259259259257,1475,2011-03-30 09:19:00,2011-09-27 15:17:00,88,182
15675.0,3,323.69,15.413809523809524,527,2011-03-04 14:21:00,2011-09-19 13:48:00,20,199
15676.0,5,3547.43,16.423287037037035,2273,2011-03-01 10:19:00,2011-11-30 17:39:00,191,275
15677.0,1,657.23,19.916060606060608,319,2011-10-21 15:36:00,2011-10-21 15:36:00,33,1
15678.0,1,352.7,29.391666666666666,184,2011-10-18 09:25:00,2011-10-18 09:25:00,12,1
15679.0,4,781.28,7.102545454545455,1170,2011-06-10 08:24:00,2011-11-15 16:19:00,98,159
15680.0,3,1333.68,17.09846153846154,952,2010-12-08 14:43:00,2011-11-30 13:46:00,61,357
15681.0,6,1905.96,28.44716417910448,1076,2011-03-04 13:46:00,2011-11-21 13:25:00,32,262
15683.0,1,193.75,19.375,131,2011-08-14 12:56:00,2011-08-14 12:56:00,10,1
15687.0,11,3004.7,17.885119047619046,1312,2011-01-13 15:13:00,2011-12-01 08:33:00,119,322
15689.0,2,254.1,28.233333333333334,84,2010-12-13 09:57:00,2011-08-12 09:37:00,8,242
15690.0,2,239.76,12.618947368421052,408,2011-08-31 11:40:00,2011-12-05 15:59:00,19,97
15691.0,1,136.8,68.4,72,2011-04-01 15:13:00,2011-04-01 15:13:00,2,1
15692.0,1,191.04,15.92,138,2011-11-11 14:12:00,2011-11-11 14:12:00,12,1
15694.0,15,6535.2,82.72405063291139,1689,2010-12-02 07:49:00,2011-12-09 09:44:00,42,373
15695.0,2,409.98,18.635454545454547,212,2011-03-18 08:31:00,2011-03-18 08:32:00,22,1
15696.0,12,2828.46,15.98,1034,2011-01-17 11:24:00,2011-11-06 14:02:00,140,294
15699.0,1,309.65,17.202777777777776,113,2011-11-22 08:26:00,2011-11-22 08:26:00,18,1
15700.0,3,729.33,8.194719101123596,386,2011-06-19 15:36:00,2011-06-20 16:53:00,85,2
15701.0,4,1542.14,6.506919831223629,923,2011-08-21 12:36:00,2011-12-07 14:39:00,193,109
15703.0,1,211.5,42.3,66,2011-03-20 10:51:00,2011-03-20 10:51:00,5,1
15704.0,4,2293.62,19.603589743589744,1028,2011-05-08 12:42:00,2011-07-22 13:35:00,79,76
15705.0,1,143.1,23.849999999999998,62,2011-05-22 15:37:00,2011-05-22 15:37:00,6,1
15706.0,7,1119.31,18.971355932203387,337,2011-08-15 14:32:00,2011-10-11 10:14:00,50,57
15707.0,4,945.58,4.418598130841121,605,2011-09-14 14:19:00,2011-11-04 14:35:00,126,52
15708.0,11,3398.76,11.443636363636365,1276,2010-12-05 10:25:00,2011-10-30 10:54:00,124,330
15709.0,1,133.25,22.208333333333332,121,2011-03-01 10:38:00,2011-03-01 10:38:00,6,1
15712.0,5,1072.3600000000001,20.233207547169815,486,2011-02-25 11:32:00,2011-11-30 14:09:00,41,279
15713.0,3,366.65,18.3325,151,2010-12-08 15:16:00,2011-07-19 13:34:00,18,223
15714.0,2,330.88,9.453714285714286,187,2011-09-23 11:25:00,2011-11-28 11:26:00,34,67
15716.0,4,1118.81,9.481440677966102,744,2010-12-05 12:26:00,2011-07-17 11:59:00,101,224
15717.0,1,150.3,21.47142857142857,70,2011-04-19 13:21:00,2011-04-19 13:21:00,7,1
15719.0,14,5047.26,5.380874200426439,2726,2011-01-06 12:31:00,2011-11-07 12:29:00,299,305
15720.0,1,598.73,4.677578125,281,2011-11-15 14:48:00,2011-11-15 14:48:00,128,1
15721.0,1,507.08,5.572307692307692,409,2011-11-28 12:14:00,2011-11-28 12:14:00,80,1
15722.0,6,2263.9100000000003,31.443194444444448,1031,2011-02-22 12:24:00,2011-11-04 11:43:00,47,255
15723.0,1,203.1,4.953658536585365,87,2010-12-10 11:12:00,2010-12-10 11:12:00,37,1
15724.0,3,224.20000000000002,18.683333333333334,74,2011-02-28 10:40:00,2011-05-22 14:40:00,11,84
15725.0,1,415.25,12.9765625,221,2011-11-24 14:51:00,2011-11-24 14:51:00,32,1
15727.0,7,5178.96,17.14887417218543,3065,2010-12-15 15:47:00,2011-11-23 12:36:00,213,343
15728.0,1,134.8,33.7,34,2011-10-21 14:03:00,2011-10-21 14:03:00,4,1
15729.0,2,108.0,18.0,32,2011-05-11 12:36:00,2011-05-25 16:43:00,5,15
15730.0,4,1133.38,15.525753424657536,695,2011-05-17 12:43:00,2011-10-05 12:31:00,68,141
15732.0,2,294.12,21.00857142857143,215,2010-12-02 15:00:00,2011-05-11 14:24:00,13,160
15733.0,1,162.3,16.23,62,2011-03-02 09:05:00,2011-03-02 09:05:00,10,1
15734.0,2,1339.45,51.517307692307696,346,2011-05-23 14:59:00,2011-08-17 10:50:00,25,86
15737.0,12,1289.03,15.91395061728395,614,2011-04-11 10:01:00,2011-11-25 11:21:00,60,229
15738.0,19,4836.07,27.477670454545454,2997,2010-12-02 12:50:00,2011-11-21 08:26:00,46,354
15739.0,1,449.12,56.14,472,2011-10-04 13:42:00,2011-10-04 13:42:00,8,1
15740.0,1,154.88,17.20888888888889,152,2011-10-21 14:29:00,2011-10-21 14:29:00,9,1
15743.0,4,784.46,8.914318181818182,216,2011-06-08 10:14:00,2011-11-23 17:19:00,59,169
15744.0,1,34.8,11.6,120,2011-09-23 09:52:00,2011-09-23 09:52:00,3,1
15745.0,6,1117.94,17.199076923076923,430,2011-04-17 13:04:00,2011-12-01 11:18:00,57,228
15746.0,2,210.79999999999998,7.268965517241378,226,2011-07-28 15:21:00,2011-07-28 15:27:00,28,1
15747.0,3,974.04,10.473548387096773,480,2011-06-20 11:30:00,2011-11-27 12:26:00,52,161
15748.0,1,149.31,7.11,51,2011-10-30 12:51:00,2011-10-30 12:51:00,19,1
15749.0,4,67532.7,4502.179999999999,27042,2011-01-11 12:55:00,2011-04-18 13:20:00,6,98
15750.0,9,2479.73,8.405864406779662,1793,2010-12-08 10:36:00,2011-12-07 12:34:00,214,365
15752.0,8,2645.83,6.421917475728155,1983,2010-12-02 09:43:00,2011-10-31 11:37:00,236,334
15753.0,1,79.2,79.2,144,2011-02-08 12:41:00,2011-02-08 12:41:00,1,1
15754.0,4,461.47,15.912758620689656,201,2011-04-07 12:24:00,2011-10-20 11:44:00,24,196
15755.0,8,2409.62,16.17194630872483,1457,2011-02-18 11:53:00,2011-12-08 18:59:00,127,294
15756.0,4,532.96,2.7758333333333334,242,2011-04-04 14:00:00,2011-10-09 13:30:00,160,188
15757.0,2,714.42,15.876,491,2011-05-06 11:40:00,2011-10-05 12:14:00,43,153
15758.0,1,205.25,22.805555555555557,47,2011-11-15 10:48:00,2011-11-15 10:48:00,9,1
15759.0,3,253.04,36.14857142857143,60,2010-12-16 15:29:00,2011-05-05 15:13:00,5,140
15762.0,2,583.75,15.777027027027026,251,2011-09-23 15:17:00,2011-10-05 16:15:00,37,13
15763.0,3,1125.17,17.859841269841272,274,2011-09-23 12:10:00,2011-11-08 09:44:00,58,46
15764.0,10,3314.47,17.630159574468085,2064,2011-03-08 09:23:00,2011-09-19 16:16:00,150,196
15766.0,1,315.06,28.64181818181818,170,2011-10-06 17:03:00,2011-10-06 17:03:00,11,1
15768.0,4,661.8299999999999,23.63678571428571,245,2011-04-28 09:20:00,2011-08-16 10:48:00,24,111
15769.0,29,60681.72,412.8008163265306,31684,2010-12-03 15:16:00,2011-12-02 13:52:00,26,364
15773.0,1,635.6800000000001,63.568000000000005,311,2011-12-04 12:48:00,2011-12-04 12:48:00,10,1
15774.0,1,270.8,10.832,87,2011-10-02 12:04:00,2011-10-02 12:04:00,25,1
15775.0,1,104.9,14.985714285714286,68,2011-04-08 12:56:00,2011-04-08 12:56:00,7,1
15776.0,1,241.62,13.423333333333334,138,2011-07-29 13:46:00,2011-07-29 13:46:00,18,1
15777.0,5,1072.61,48.754999999999995,381,2010-12-13 16:38:00,2011-04-12 16:43:00,18,121
15780.0,3,475.28000000000003,16.38896551724138,220,2010-12-17 11:43:00,2011-06-09 12:01:00,26,175
15781.0,4,357.36,17.017142857142858,182,2011-02-07 09:15:00,2011-11-14 14:57:00,20,281
15782.0,4,2635.54,59.89863636363636,865,2011-09-11 14:29:00,2011-11-30 10:49:00,34,80
15783.0,1,246.3,17.592857142857145,212,2011-11-29 09:50:00,2011-11-29 09:50:00,14,1
15785.0,8,2354.19,27.059655172413795,1630,2011-02-17 14:17:00,2011-11-10 12:08:00,58,266
15786.0,5,5030.2,17.965,3397,2011-08-17 13:33:00,2011-10-27 10:53:00,257,71
15787.0,3,948.05,4.602184466019417,540,2011-10-09 13:11:00,2011-11-13 14:55:00,156,36
15789.0,1,351.3,14.052,438,2010-12-16 14:35:00,2010-12-16 14:35:00,25,1
15790.0,1,220.85,6.31,114,2011-11-29 14:53:00,2011-11-29 14:53:00,34,1
15791.0,3,1620.94,21.328157894736844,732,2011-05-19 15:15:00,2011-10-27 10:14:00,66,161
15793.0,4,982.26,75.55846153846154,554,2011-03-16 10:45:00,2011-11-30 15:08:00,6,260
15795.0,1,610.01,14.524047619047618,581,2011-07-13 10:43:00,2011-07-13 10:43:00,42,1
15796.0,10,2756.51,20.418592592592596,863,2011-02-10 15:40:00,2011-12-08 19:55:00,71,302
15797.0,4,2207.4,275.925,873,2011-01-24 15:47:00,2011-08-18 17:04:00,8,207
15799.0,3,884.14,9.021836734693878,955,2011-01-09 15:13:00,2011-09-25 12:46:00,94,259
15800.0,2,699.08,5.874621848739496,335,2011-04-07 12:39:00,2011-08-24 14:23:00,116,140
15801.0,4,1085.71,15.734927536231885,578,2011-08-22 09:53:00,2011-10-24 13:52:00,61,64
15802.0,3,1354.26,451.42,3,2011-07-20 11:23:00,2011-07-20 11:40:00,1,1
15803.0,1,415.82000000000005,51.977500000000006,290,2011-10-19 14:56:00,2011-10-19 14:56:00,8,1
15804.0,19,4572.13,16.68660583941606,2619,2011-05-25 10:12:00,2011-12-09 12:31:00,170,199
15805.0,20,5604.79,18.256644951140064,3437,2010-12-10 09:33:00,2011-11-16 16:32:00,220,342
15806.0,3,784.58,25.309032258064516,602,2011-03-08 09:24:00,2011-10-24 14:35:00,24,231
15807.0,3,903.9,18.83125,430,2011-09-23 14:43:00,2011-10-20 14:10:00,48,27
15808.0,5,3745.17,17.834142857142858,1345,2010-12-05 13:05:00,2011-02-06 14:33:00,143,64
15809.0,6,632.33,14.705348837209304,351,2011-02-10 11:16:00,2011-11-04 12:05:00,31,268
15810.0,7,1638.53,14.629732142857142,985,2011-02-16 09:11:00,2011-09-22 09:38:00,66,219
15811.0,9,2265.92,16.30158273381295,1081,2010-12-09 15:29:00,2011-11-22 15:29:00,117,349
15812.0,5,1801.14,43.930243902439024,922,2011-01-26 12:12:00,2011-08-24 14:19:00,36,211
15813.0,2,1303.9099999999999,32.59775,603,2011-04-14 09:09:00,2011-05-16 08:13:00,40,32
15814.0,6,2047.93,27.67472972972973,1295,2011-10-20 09:04:00,2011-12-06 15:01:00,64,48
15815.0,5,2100.6,42.86938775510204,1856,2011-03-25 08:43:00,2011-10-07 12:42:00,33,197
15819.0,4,1905.45,15.491463414634147,1357,2011-03-08 09:45:00,2011-10-21 14:50:00,96,228
15820.0,1,206.98,12.175294117647057,128,2011-01-24 12:00:00,2011-01-24 12:00:00,17,1
15821.0,2,570.96,9.209032258064516,202,2011-10-09 13:28:00,2011-10-26 15:48:00,57,18
15822.0,2,885.47,26.832424242424242,375,2010-12-15 13:38:00,2011-12-06 14:50:00,28,357
15823.0,2,870.76,51.22117647058823,285,2010-12-02 15:08:00,2011-01-06 12:58:00,17,35
15825.0,1,532.94,26.647000000000002,220,2011-06-20 13:27:00,2011-06-20 13:27:00,20,1
15826.0,4,1659.26,24.047246376811593,964,2011-05-13 10:44:00,2011-10-19 13:24:00,64,160
15827.0,20,2030.7,15.1544776119403,922,2010-12-02 13:06:00,2011-09-27 15:35:00,73,300
15829.0,2,636.14,12.473333333333333,996,2011-07-22 10:23:00,2011-09-01 16:45:00,44,42
15830.0,2,604.3,14.739024390243902,421,2011-11-02 10:40:00,2011-11-10 13:35:00,39,9
15831.0,4,855.76,12.40231884057971,1113,2011-01-19 14:44:00,2011-10-12 13:14:00,64,266
15832.0,1,836.79,15.49611111111111,465,2011-03-30 15:29:00,2011-03-30 15:29:00,54,1
15834.0,6,2382.6,8.632608695652173,969,2010-12-02 16:45:00,2011-09-30 14:41:00,243,302
15835.0,4,954.09,19.0818,439,2011-01-13 10:35:00,2011-10-26 15:47:00,47,287
15836.0,2,157.27,13.105833333333335,28,2011-10-20 17:13:00,2011-10-25 15:37:00,10,5
15837.0,1,391.98,16.3325,189,2011-10-06 09:01:00,2011-10-06 09:01:00,24,1
15838.0,21,33935.4,200.80118343195267,27729,2010-12-02 14:23:00,2011-11-28 14:00:00,56,361
15839.0,5,1076.24,16.55753846153846,680,2011-07-14 16:35:00,2011-11-14 13:25:00,56,123
15840.0,3,365.46,13.052142857142856,398,2011-06-20 11:42:00,2011-10-12 09:08:00,26,114
15841.0,6,1239.02,24.7804,958,2011-01-05 11:25:00,2011-10-06 18:31:00,36,275
15843.0,1,118.95000000000002,14.868750000000002,27,2011-02-09 10:19:00,2011-02-09 10:19:00,8,1
15844.0,1,130.73999999999998,11.885454545454543,134,2011-10-24 15:19:00,2011-10-24 15:19:00,11,1
15845.0,10,3772.67,26.947642857142856,1934,2011-01-06 17:19:00,2011-11-22 09:42:00,97,320
15847.0,2,389.27,17.694090909090907,449,2011-02-24 16:46:00,2011-11-01 14:41:00,22,250
15850.0,2,238.85,2.4623711340206187,302,2011-06-24 14:16:00,2011-11-20 14:14:00,87,149
15852.0,2,160.71,7.305000000000001,48,2011-05-26 13:26:00,2011-06-06 11:22:00,22,11
15853.0,1,110.8,3.6933333333333334,135,2011-10-19 10:38:00,2011-10-19 10:38:00,29,1
15854.0,12,2974.65,21.247500000000002,939,2010-12-13 11:47:00,2011-12-05 13:39:00,105,358
15855.0,5,712.24,8.903,470,2011-03-21 12:32:00,2011-07-26 10:20:00,59,127
15856.0,31,16601.47,25.423384379785606,11069,2010-12-09 13:34:00,2011-12-05 17:09:00,297,362
15857.0,1,297.0,21.214285714285715,308,2011-11-21 12:18:00,2011-11-21 12:18:00,14,1
15858.0,5,1438.85,7.533246073298429,1167,2010-12-07 14:31:00,2011-11-24 12:48:00,145,352
15860.0,8,977.21,6.881760563380282,440,2010-12-06 11:38:00,2011-10-30 11:25:00,105,328
15861.0,9,3330.36,6.088409506398538,2545,2011-03-17 20:12:00,2011-11-27 15:59:00,339,255
15862.0,4,832.88,5.665850340136054,585,2010-12-01 11:21:00,2011-12-01 13:28:00,142,366
15863.0,2,68.84,3.8244444444444445,19,2011-05-31 11:36:00,2011-11-14 12:49:00,18,168
15864.0,8,2102.86,87.61916666666667,1340,2011-01-27 16:43:00,2011-11-17 13:32:00,16,294
15865.0,3,895.13,22.37825,368,2011-05-10 11:44:00,2011-10-30 12:43:00,37,174
15866.0,1,230.53,5.122888888888889,126,2011-08-30 14:09:00,2011-08-30 14:09:00,43,1
15867.0,16,3827.4900000000002,8.26671706263499,2056,2010-12-05 14:17:00,2011-12-04 13:37:00,302,364
15869.0,2,149.64,9.975999999999999,175,2011-03-07 17:19:00,2011-03-07 17:23:00,13,1
15870.0,1,354.09000000000003,4.659078947368421,335,2011-11-07 10:58:00,2011-11-07 10:58:00,68,1
15872.0,2,360.93,2.819765625,212,2011-11-25 11:54:00,2011-11-25 11:55:00,101,1
15874.0,9,4481.09,32.70868613138686,2562,2011-02-28 13:28:00,2011-10-07 12:58:00,123,221
15877.0,3,545.78,4.166259541984733,496,2011-11-22 11:18:00,2011-12-08 11:57:00,122,17
15880.0,2,373.28000000000003,3.5215094339622643,235,2010-12-05 13:00:00,2010-12-05 13:09:00,95,1
15881.0,8,564.54,17.641875,321,2010-12-10 13:32:00,2011-01-31 16:59:00,26,53
15882.0,5,537.36,22.39,286,2010-12-06 13:01:00,2011-05-25 11:35:00,23,170
15883.0,2,396.48,8.091428571428573,223,2011-11-06 14:50:00,2011-12-07 17:05:00,42,32
15885.0,3,379.35,21.075000000000003,111,2011-02-03 15:28:00,2011-09-08 10:43:00,18,217
15886.0,1,181.09,15.090833333333334,147,2011-10-10 14:25:00,2011-10-10 14:25:00,12,1
15888.0,2,195.35000000000002,13.953571428571431,92,2011-09-20 12:30:00,2011-09-21 09:44:00,11,1
15889.0,2,446.87,4.80505376344086,215,2010-12-05 15:12:00,2011-07-06 11:10:00,79,213
15891.0,1,524.52,8.459999999999999,442,2011-04-27 12:35:00,2011-04-27 12:35:00,60,1
15894.0,2,263.55,6.4280487804878055,168,2010-12-05 14:06:00,2011-03-31 13:50:00,35,116
15895.0,1,179.17,16.288181818181815,94,2011-07-13 10:27:00,2011-07-13 10:27:00,11,1
15897.0,2,222.05,9.252083333333333,261,2011-05-29 13:32:00,2011-05-29 13:50:00,17,1
15898.0,6,1393.08,16.01241379310345,572,2010-12-06 11:01:00,2011-12-08 15:23:00,70,368
15899.0,1,56.25,14.0625,39,2010-12-06 10:36:00,2010-12-06 10:36:00,4,1
15900.0,1,351.11,6.884509803921569,221,2011-11-16 12:19:00,2011-11-16 12:19:00,44,1
15901.0,3,363.88,3.136896551724138,384,2011-07-08 12:18:00,2011-11-23 12:43:00,102,139
15903.0,8,5127.18,68.36240000000001,2411,2011-02-17 14:04:00,2011-11-30 08:08:00,46,286
15904.0,1,164.68,5.489333333333334,84,2011-12-01 14:50:00,2011-12-01 14:50:00,30,1
15906.0,8,1613.59,10.686026490066224,550,2011-03-29 13:18:00,2011-11-20 12:24:00,114,236
15907.0,3,967.45,3.8853413654618474,509,2011-05-13 13:01:00,2011-12-06 12:21:00,175,207
15909.0,1,191.94,27.419999999999998,98,2011-06-19 10:38:00,2011-06-19 10:38:00,7,1
15910.0,8,1232.18,4.614906367041199,1015,2011-01-27 11:55:00,2011-12-09 10:51:00,215,316
15912.0,2,264.62,13.927368421052632,185,2011-04-20 17:10:00,2011-06-14 14:29:00,19,55
15916.0,10,1564.94,9.780875,762,2010-12-08 12:49:00,2011-11-23 13:46:00,125,351
15917.0,1,123.1,10.258333333333333,42,2011-04-06 10:40:00,2011-04-06 10:40:00,12,1
15918.0,2,334.23,8.35575,153,2011-03-13 15:55:00,2011-06-02 11:42:00,33,81
15919.0,2,639.89,4.4747552447552446,545,2010-12-06 11:26:00,2011-11-20 11:28:00,103,350
15920.0,4,167.5,2.7916666666666665,99,2011-07-08 15:16:00,2011-07-08 15:31:00,53,1
15921.0,1,336.03000000000003,13.441200000000002,166,2011-06-20 11:03:00,2011-06-20 11:03:00,24,1
15922.0,2,375.40000000000003,31.283333333333335,140,2010-12-01 13:51:00,2010-12-02 13:05:00,11,1
15923.0,1,127.08,6.051428571428572,122,2010-12-02 12:16:00,2010-12-02 12:16:00,21,1
15925.0,1,207.15,17.2625,93,2011-05-29 15:35:00,2011-05-29 15:35:00,12,1
15930.0,1,426.63,20.315714285714286,139,2011-10-03 14:52:00,2011-10-03 14:52:00,21,1
15932.0,11,2529.89,21.259579831932772,2339,2011-02-23 14:50:00,2011-12-05 17:13:00,93,286
15933.0,3,1107.46,14.965675675675676,885,2011-09-14 12:05:00,2011-11-18 13:14:00,63,66
15935.0,2,416.86,34.73833333333334,115,2011-04-12 09:35:00,2011-04-14 13:27:00,12,3
15937.0,1,145.35,20.764285714285712,73,2011-10-06 15:48:00,2011-10-06 15:48:00,7,1
15938.0,5,404.58,22.476666666666667,240,2011-01-20 10:11:00,2011-08-19 12:56:00,13,212
15939.0,16,6127.76,79.5812987012987,4731,2011-01-12 12:43:00,2011-09-11 11:30:00,28,242
15940.0,2,39.8,19.9,5,2011-02-01 16:18:00,2011-02-01 16:21:00,2,1
15942.0,1,337.44,24.102857142857143,232,2011-07-29 09:01:00,2011-07-29 09:01:00,14,1
15944.0,1,325.1,54.18333333333334,50,2011-03-08 10:33:00,2011-03-08 10:33:00,6,1
15945.0,1,181.0,90.5,52,2010-12-09 13:14:00,2010-12-09 13:14:00,2,1
15947.0,1,1708.24,58.9048275862069,898,2011-09-18 10:46:00,2011-09-18 10:46:00,29,1
15948.0,2,955.24,15.920666666666667,567,2011-10-27 08:35:00,2011-12-01 15:32:00,51,36
15949.0,2,364.72,19.19578947368421,284,2011-09-29 17:34:00,2011-11-23 09:09:00,12,55
15950.0,5,1825.76,17.725825242718447,736,2010-12-15 11:56:00,2011-12-08 10:34:00,86,358
15951.0,3,746.87,17.36906976744186,320,2011-02-27 11:57:00,2011-12-08 18:57:00,36,285
15952.0,4,806.57,8.863406593406594,399,2011-04-28 12:55:00,2011-11-06 11:18:00,65,192
15953.0,10,1684.23,16.351747572815533,899,2010-12-05 15:15:00,2011-11-24 15:32:00,65,355
15955.0,16,4442.71,24.01464864864865,2146,2010-12-02 11:22:00,2011-11-15 14:15:00,137,349
15957.0,1,428.89,10.211666666666666,211,2011-11-08 12:14:00,2011-11-08 12:14:00,40,1
15958.0,1,104.35,14.907142857142857,33,2011-09-26 13:41:00,2011-09-26 13:41:00,7,1
15963.0,2,470.76,16.812857142857144,298,2011-10-25 13:05:00,2011-11-20 11:33:00,26,26
15965.0,4,845.64,6.931475409836065,453,2010-12-07 13:18:00,2011-11-22 16:44:00,88,351
15967.0,2,418.83,4.986071428571428,211,2011-01-25 11:57:00,2011-11-16 15:41:00,73,296
15969.0,4,749.3,35.68095238095238,128,2011-06-07 12:19:00,2011-12-07 11:06:00,20,183
15970.0,1,314.1,28.55454545454546,116,2011-02-09 12:08:00,2011-02-09 12:08:00,11,1
15971.0,12,4199.85,119.9957142857143,1717,2011-02-01 16:47:00,2011-11-22 12:50:00,10,294
15973.0,3,515.87,85.97833333333334,125,2010-12-08 11:42:00,2011-04-18 09:39:00,4,131
15974.0,8,3454.75,19.518361581920903,2268,2011-02-24 10:10:00,2011-10-31 13:13:00,141,250
15975.0,1,371.01,15.45875,243,2011-09-16 13:33:00,2011-09-16 13:33:00,24,1
15976.0,2,430.94,4.39734693877551,277,2011-05-03 17:12:00,2011-06-27 13:00:00,83,55
15977.0,2,1054.73,16.226615384615386,1016,2011-10-31 16:24:00,2011-11-22 13:29:00,48,22
15978.0,1,1098.78,22.42408163265306,888,2011-09-23 15:21:00,2011-09-23 15:21:00,49,1
15980.0,3,2398.86,55.78744186046512,1560,2011-03-30 15:05:00,2011-09-12 09:41:00,40,166
15981.0,8,3408.48,35.13896907216495,1866,2011-02-01 13:50:00,2011-11-15 08:00:00,53,287
15983.0,4,1475.02,13.053274336283186,892,2010-12-01 12:15:00,2011-11-17 17:34:00,82,352
15984.0,11,2858.37,10.394072727272727,1853,2010-12-06 13:21:00,2011-12-07 12:16:00,217,366
15985.0,3,1247.42,32.82684210526316,1336,2011-04-17 11:04:00,2011-08-08 16:31:00,29,114
15986.0,1,168.12,12.008571428571429,268,2011-11-09 15:17:00,2011-11-09 15:17:00,14,1
15987.0,7,1451.28,10.366285714285715,1556,2010-12-06 08:34:00,2011-11-27 15:38:00,110,357
15988.0,1,158.03,5.852962962962963,181,2011-11-20 13:23:00,2011-11-20 13:23:00,26,1
15990.0,2,792.11,15.232884615384616,443,2011-02-25 15:35:00,2011-10-26 15:58:00,52,244
15992.0,1,41.989999999999995,13.996666666666664,17,2011-12-06 11:00:00,2011-12-06 11:00:00,3,1
15993.0,10,2838.32,5.068428571428572,2060,2011-10-26 16:21:00,2011-12-01 10:45:00,336,36
15994.0,1,427.07,12.202,177,2011-10-16 12:28:00,2011-10-16 12:28:00,31,1
15996.0,7,1076.58,8.218167938931296,386,2010-12-08 15:59:00,2011-09-12 15:14:00,103,278
15998.0,6,3095.77,6.082062868369352,2045,2010-12-12 13:32:00,2011-11-03 12:45:00,373,326
16000.0,3,12393.7,1377.0777777777778,5110,2011-12-07 12:14:00,2011-12-07 12:17:00,9,1
16003.0,5,2735.37,26.556990291262135,1185,2010-12-15 12:09:00,2011-11-10 09:57:00,82,330
16005.0,4,615.39,2.822889908256881,300,2011-03-14 11:46:00,2011-11-27 13:47:00,173,259
16006.0,1,101.4,12.675,84,2011-05-12 13:12:00,2011-05-12 13:12:00,8,1
16007.0,4,1701.94,4.420623376623377,1393,2011-05-08 13:32:00,2011-10-23 11:05:00,221,168
16008.0,3,478.78,14.508484848484848,323,2011-05-19 10:54:00,2011-11-16 10:32:00,29,181
16009.0,4,992.71,11.030111111111111,378,2011-07-03 11:26:00,2011-11-17 16:51:00,68,138
16010.0,3,407.5,4.738372093023256,210,2010-12-12 12:18:00,2011-04-08 10:14:00,62,117
16011.0,16,3362.71,15.86183962264151,2042,2010-12-08 16:34:00,2011-12-01 16:31:00,99,358
16012.0,3,1415.29,15.05627659574468,799,2011-07-07 18:02:00,2011-11-04 13:25:00,87,120
16013.0,54,40894.95,270.8274834437086,17227,2010-12-03 13:09:00,2011-12-06 10:36:00,34,368
16014.0,4,671.63,4.538040540540541,269,2011-02-21 17:42:00,2011-11-04 11:23:00,123,256
16015.0,4,720.24,3.9143478260869564,912,2011-10-21 12:56:00,2011-12-06 10:58:00,146,46
16016.0,10,1534.21,6.473459915611815,622,2010-12-08 12:36:00,2011-12-06 14:35:00,156,364
16017.0,1,211.88,6.62125,102,2011-10-23 12:56:00,2011-10-23 12:56:00,26,1
16018.0,2,408.90000000000003,14.60357142857143,190,2011-06-12 13:52:00,2011-10-31 14:13:00,26,142
16019.0,10,4122.24,24.983272727272727,1817,2010-12-10 12:29:00,2011-12-08 10:06:00,133,363
16020.0,3,851.01,18.500217391304346,487,2011-10-05 13:54:00,2011-11-23 11:18:00,42,49
16022.0,1,628.28,8.266842105263157,261,2011-03-24 13:16:00,2011-03-24 13:16:00,68,1
16023.0,3,719.81,7.126831683168317,358,2011-03-18 13:32:00,2011-10-24 16:34:00,90,221
16024.0,1,251.24,3.925625,398,2011-11-27 13:26:00,2011-11-27 13:26:00,61,1
16025.0,1,439.65999999999997,15.702142857142857,338,2011-11-10 11:45:00,2011-11-10 11:45:00,28,1
16026.0,1,236.09,7.3778125,243,2011-10-27 13:53:00,2011-10-27 13:53:00,30,1
16027.0,7,1017.12,59.830588235294115,1148,2011-02-10 12:19:00,2011-09-09 10:47:00,12,211
16029.0,76,111057.07,405.31777372262775,48268,2010-12-01 09:57:00,2011-11-01 10:27:00,46,336
16030.0,1,331.24,11.422068965517242,283,2011-02-03 11:28:00,2011-02-03 11:28:00,28,1
16031.0,2,548.94,5.489400000000001,423,2011-04-06 14:23:00,2011-09-08 13:07:00,91,155
16033.0,27,8905.19,7.730199652777778,3562,2010-12-05 10:36:00,2011-12-04 12:44:00,539,365
16034.0,3,437.7,19.895454545454545,242,2011-01-11 11:54:00,2011-05-27 16:17:00,18,137
16036.0,2,758.92,13.798545454545454,716,2011-03-21 13:01:00,2011-09-13 14:53:00,55,177
16037.0,3,855.02,21.923589743589744,428,2010-12-16 10:18:00,2011-03-15 09:13:00,37,89
16038.0,4,489.23,17.4725,247,2011-05-22 11:29:00,2011-12-02 12:40:00,24,195
16040.0,3,1313.55,20.20846153846154,684,2011-03-16 09:58:00,2011-10-05 13:47:00,57,204
16041.0,3,3166.4,527.7333333333333,1584,2011-07-21 16:27:00,2011-11-09 12:25:00,6,111
16042.0,7,1247.17,16.628933333333336,765,2010-12-02 12:50:00,2011-11-17 17:50:00,68,351
16043.0,4,773.99,19.845897435897434,503,2011-01-26 11:14:00,2011-11-02 12:50:00,30,281
16045.0,4,1340.7,16.15301204819277,897,2011-02-22 14:55:00,2011-08-12 12:41:00,71,171
16048.0,3,269.19,29.91,145,2010-12-01 15:27:00,2011-09-15 10:12:00,9,288
16049.0,3,1111.79,3.563429487179487,793,2011-09-25 14:33:00,2011-10-30 13:19:00,248,35
16050.0,1,137.9,13.790000000000001,278,2011-06-19 11:44:00,2011-06-19 11:44:00,10,1
16052.0,1,362.06,10.648823529411764,282,2011-10-16 15:13:00,2011-10-16 15:13:00,34,1
16053.0,2,1511.95,17.999404761904763,1793,2011-08-09 14:57:00,2011-11-07 11:21:00,81,90
16054.0,1,783.9,11.198571428571428,380,2011-07-17 13:08:00,2011-07-17 13:08:00,70,1
16055.0,1,134.8,16.85,22,2011-05-03 09:26:00,2011-05-03 09:26:00,8,1
16056.0,1,664.85,9.777205882352941,347,2011-10-25 15:19:00,2011-10-25 15:19:00,66,1
16057.0,10,2386.02,17.806119402985075,893,2011-02-28 10:35:00,2011-12-05 16:36:00,109,281
16059.0,6,1459.8600000000001,8.110333333333333,643,2010-12-07 10:36:00,2011-10-05 09:56:00,126,302
16061.0,1,29.95,29.95,1,2011-03-15 14:41:00,2011-03-15 14:41:00,1,1
16062.0,4,1153.62,18.0253125,800,2010-12-10 12:00:00,2011-11-30 12:15:00,50,356
16063.0,1,335.32,14.57913043478261,262,2011-03-24 14:55:00,2011-03-24 14:56:00,23,1
16065.0,1,372.09,5.028243243243243,231,2010-12-09 13:03:00,2010-12-09 13:03:00,71,1
16066.0,5,1521.87,14.920294117647058,936,2011-08-07 14:33:00,2011-11-23 11:54:00,77,108
16070.0,2,852.15,25.82272727272727,457,2011-11-07 16:36:00,2011-11-17 15:50:00,32,10
16071.0,1,326.24,15.535238095238096,180,2011-10-26 11:14:00,2011-10-26 11:14:00,21,1
16072.0,1,584.3199999999999,25.405217391304344,140,2011-02-24 14:32:00,2011-02-24 14:32:00,23,1
16073.0,2,150.45,75.225,59,2011-02-15 15:41:00,2011-02-21 12:33:00,1,6
16076.0,11,2295.93,17.526183206106868,1507,2011-05-15 12:31:00,2011-12-06 14:59:00,71,206
16078.0,1,79.2,79.2,16,2011-03-01 09:47:00,2011-03-01 09:47:00,1,1
16079.0,3,1352.0,64.38095238095238,864,2011-10-30 13:06:00,2011-11-23 12:48:00,18,24
16080.0,3,257.72,23.429090909090913,152,2011-03-10 14:44:00,2011-09-19 10:42:00,10,193
16081.0,5,2806.9,12.365198237885464,1477,2010-12-08 11:16:00,2011-10-14 13:06:00,175,311
16083.0,2,1317.62,42.50387096774193,908,2010-12-14 11:51:00,2011-08-31 10:47:00,31,260
16084.0,1,436.18,11.47842105263158,216,2011-02-13 16:05:00,2011-02-13 16:05:00,38,1
16085.0,5,981.51,5.877305389221557,636,2011-01-23 12:07:00,2011-11-16 13:24:00,123,298
16086.0,6,1123.47,28.086750000000002,512,2010-12-07 13:45:00,2011-10-11 13:09:00,24,308
16091.0,2,315.06,17.503333333333334,154,2011-05-25 09:18:00,2011-07-08 08:45:00,16,44
16092.0,5,856.36,16.157735849056603,654,2011-03-30 15:38:00,2011-09-02 11:46:00,37,156
16093.0,1,17.0,17.0,20,2011-08-25 11:09:00,2011-08-25 11:09:00,1,1
16094.0,6,1114.63,16.63626865671642,661,2011-01-06 17:36:00,2011-11-28 12:45:00,48,326
16096.0,1,320.62,26.718333333333334,155,2011-03-20 13:38:00,2011-03-20 13:38:00,12,1
16097.0,1,185.04999999999998,18.505,87,2011-04-13 13:47:00,2011-04-13 13:47:00,10,1
16098.0,7,2005.63,29.934776119402986,613,2010-12-01 09:45:00,2011-09-13 09:59:00,34,287
16099.0,3,731.9,18.766666666666666,434,2011-04-28 08:34:00,2011-10-20 13:13:00,29,176
16101.0,3,1335.44,16.08963855421687,776,2011-09-30 10:18:00,2011-11-30 16:54:00,76,62
16102.0,3,1842.14,32.31824561403509,942,2011-08-03 12:50:00,2011-10-28 13:19:00,41,87
16103.0,6,1429.64,29.784166666666668,558,2011-04-20 12:28:00,2011-12-02 14:16:00,30,227
16104.0,1,302.36,10.426206896551724,123,2011-10-09 10:23:00,2011-10-09 10:23:00,28,1
16105.0,1,336.96,25.919999999999998,330,2011-04-05 10:13:00,2011-04-05 10:13:00,13,1
16106.0,1,108.38,18.063333333333333,74,2011-10-05 10:37:00,2011-10-05 10:37:00,6,1
16107.0,7,3204.1600000000003,103.36000000000001,1176,2011-06-09 18:42:00,2011-11-22 09:40:00,16,166
16108.0,2,868.9,17.73265306122449,631,2011-09-16 11:48:00,2011-09-16 11:51:00,48,1
16109.0,2,611.88,33.99333333333333,612,2011-02-04 12:37:00,2011-05-05 09:17:00,18,90
16110.0,3,1337.48,3.77819209039548,733,2011-02-01 14:01:00,2011-10-25 14:35:00,283,267
16112.0,4,195.73999999999998,12.233749999999999,574,2011-01-05 11:47:00,2011-07-19 14:28:00,15,196
16113.0,1,161.38,5.379333333333333,176,2011-06-09 16:16:00,2011-06-09 16:16:00,30,1
16114.0,1,135.75000000000003,16.968750000000004,43,2011-06-22 10:13:00,2011-06-22 10:13:00,8,1
16115.0,8,1667.97,5.873133802816901,1001,2011-02-20 12:14:00,2011-11-30 11:32:00,169,283
16116.0,2,632.68,18.076571428571427,250,2011-05-12 12:01:00,2011-05-18 09:23:00,34,6
16117.0,1,232.21,7.740333333333334,130,2011-06-03 11:42:00,2011-06-03 11:42:00,30,1
16119.0,2,423.36,26.46,240,2011-09-28 10:15:00,2011-12-01 15:11:00,14,65
16120.0,5,1324.14,41.379375,890,2011-10-11 14:10:00,2011-10-11 14:22:00,26,1
16121.0,2,867.11,4.090141509433963,586,2011-05-08 11:52:00,2011-10-13 12:59:00,170,159
16122.0,4,684.4200000000001,18.01105263157895,1128,2010-12-08 11:41:00,2011-09-27 15:34:00,26,294
16123.0,1,307.78,19.23625,170,2011-10-19 09:18:00,2011-10-19 09:18:00,16,1
16124.0,2,310.85,19.428125,55,2011-01-26 14:45:00,2011-01-27 16:05:00,11,2
16125.0,1,289.35,22.25769230769231,124,2010-12-07 15:48:00,2010-12-07 15:48:00,13,1
16126.0,4,6287.77,53.741623931623934,2125,2011-02-16 11:18:00,2011-11-10 16:03:00,57,268
16127.0,1,656.25,16.40625,323,2011-10-31 13:58:00,2011-10-31 13:58:00,40,1
16128.0,5,1880.22,21.126067415730336,988,2011-03-02 12:21:00,2011-11-22 11:14:00,76,265
16131.0,6,3506.54,44.95564102564102,1802,2011-04-14 08:32:00,2011-10-19 11:53:00,55,189
16133.0,46,14872.421,40.74635890410959,9038,2011-01-25 15:55:00,2011-12-06 11:24:00,221,315
16134.0,3,632.49,16.644473684210528,385,2010-12-15 14:00:00,2011-11-18 10:05:00,34,338
16135.0,1,517.55,24.645238095238092,209,2011-03-22 12:30:00,2011-03-22 12:30:00,21,1
16136.0,3,709.38,19.172432432432434,440,2011-03-07 09:52:00,2011-10-11 09:10:00,35,218
16138.0,1,7.95,7.95,1,2010-12-06 15:10:00,2010-12-06 15:10:00,1,1
16139.0,3,635.41,20.497096774193547,330,2011-05-17 10:23:00,2011-11-21 08:37:00,25,188
16140.0,4,746.59,20.17810810810811,733,2010-12-03 14:40:00,2011-10-18 10:59:00,33,319
16141.0,1,620.4,20.68,238,2011-09-12 13:11:00,2011-09-12 13:11:00,30,1
16142.0,1,535.34,14.46864864864865,422,2011-04-04 10:16:00,2011-04-04 10:16:00,37,1
16143.0,7,2430.04,20.593559322033897,921,2010-12-05 15:18:00,2011-12-06 14:13:00,75,366
16144.0,1,175.2,175.2,16,2011-04-07 10:09:00,2011-04-07 10:09:00,1,1
16145.0,18,3857.0,16.27426160337553,3174,2010-12-15 09:09:00,2011-12-01 10:33:00,134,352
16146.0,3,734.13,25.314827586206896,427,2011-04-21 15:25:00,2011-07-05 14:20:00,26,75
16147.0,1,375.0,17.045454545454547,246,2011-07-29 09:57:00,2011-07-29 09:57:00,22,1
16148.0,1,76.32000000000001,76.32000000000001,72,2011-02-16 14:01:00,2011-02-16 14:01:00,1,1
16149.0,2,280.52,15.584444444444443,308,2011-07-20 14:54:00,2011-12-05 11:29:00,18,138
16150.0,10,2199.97,16.17625,1090,2010-12-02 18:27:00,2011-11-01 09:29:00,91,334
16152.0,1,1829.04,63.070344827586204,642,2011-03-16 09:47:00,2011-03-16 09:47:00,29,1
16153.0,5,1824.23,20.496966292134832,1073,2010-12-20 09:22:00,2011-10-21 10:50:00,78,306
16156.0,13,3219.46,23.16158273381295,1346,2011-02-02 12:02:00,2011-12-01 12:42:00,109,303
16157.0,4,669.14,35.217894736842105,350,2011-09-28 11:48:00,2011-11-24 11:41:00,12,57
16159.0,1,348.2,24.87142857142857,236,2011-03-03 12:27:00,2011-03-03 12:27:00,14,1
16160.0,4,1041.43,47.33772727272728,1171,2011-09-15 10:53:00,2011-10-06 18:30:00,20,22
16161.0,26,5798.15,11.550099601593624,2692,2010-12-06 09:40:00,2011-12-08 12:10:00,293,368
16162.0,1,37.4,18.7,4,2011-04-01 15:03:00,2011-04-01 15:03:00,2,1
16163.0,3,1271.6000000000001,181.65714285714287,292,2010-12-09 16:28:00,2011-04-28 19:43:00,5,141
16164.0,4,842.4300000000001,24.069428571428574,434,2011-10-28 09:12:00,2011-11-22 15:04:00,27,26
16168.0,28,3804.6,38.43030303030303,1896,2010-12-05 11:38:00,2011-11-29 12:45:00,57,360
16169.0,4,1822.97,21.44670588235294,1325,2011-09-25 11:33:00,2011-12-01 15:28:00,71,68
16170.0,7,1889.6799999999998,14.879370078740155,1774,2011-04-05 13:42:00,2011-10-20 08:21:00,106,198
16171.0,1,73.2,24.400000000000002,24,2011-10-11 14:51:00,2011-10-11 14:51:00,3,1
16172.0,5,1140.21,16.524782608695652,787,2011-04-12 12:02:00,2011-09-05 13:22:00,52,147
16173.0,7,1430.07,16.43758620689655,579,2011-09-02 15:23:00,2011-11-24 10:53:00,70,83
16174.0,3,1009.5500000000001,43.89347826086957,651,2011-07-11 09:23:00,2011-08-05 13:26:00,19,26
16175.0,4,1037.59,17.889482758620687,533,2011-04-13 14:38:00,2011-09-06 14:32:00,45,146
16177.0,1,331.95,22.13,95,2011-10-20 12:57:00,2011-10-20 12:57:00,15,1
16178.0,1,197.9,24.7375,94,2011-07-24 16:05:00,2011-07-24 16:05:00,8,1
16179.0,1,215.83,19.62090909090909,99,2011-10-10 09:41:00,2011-10-10 09:41:00,11,1
16180.0,10,10290.88,58.47090909090909,5881,2011-04-01 10:23:00,2011-08-31 16:28:00,92,153
16181.0,1,305.54,27.776363636363637,152,2011-09-27 13:38:00,2011-09-27 13:38:00,11,1
16182.0,4,6617.65,236.34464285714284,3791,2011-02-18 10:11:00,2011-09-28 13:23:00,17,223
16183.0,1,338.71000000000004,22.58066666666667,113,2011-10-03 14:59:00,2011-10-03 14:59:00,15,1
16184.0,7,1162.04,25.261739130434783,562,2011-05-12 13:33:00,2011-10-06 17:43:00,26,148
16185.0,2,529.41,17.07774193548387,260,2011-04-21 11:59:00,2011-11-23 09:41:00,31,216
16186.0,13,4021.94,18.36502283105023,3032,2010-12-02 14:40:00,2011-11-17 12:43:00,87,350
16187.0,17,6981.64,23.50720538720539,5092,2011-02-28 13:34:00,2011-11-08 09:50:00,160,253
16188.0,4,981.86,14.654626865671641,782,2011-04-11 09:44:00,2011-10-26 12:19:00,65,199
16189.0,2,215.48,19.58909090909091,134,2011-09-15 15:21:00,2011-11-24 11:47:00,9,70
16190.0,1,215.08,35.84666666666667,88,2011-10-30 15:59:00,2011-10-30 15:59:00,6,1
16191.0,25,5447.72,36.07761589403974,3499,2010-12-14 12:38:00,2011-12-07 11:26:00,67,358
16193.0,1,314.45,16.55,219,2011-04-17 11:45:00,2011-04-17 11:45:00,19,1
16198.0,1,400.68100000000004,26.71206666666667,129,2011-09-25 14:58:00,2011-09-25 14:58:00,15,1
16200.0,2,1080.6200000000001,6.036983240223464,523,2011-06-28 15:47:00,2011-12-05 14:40:00,149,160
16201.0,5,1905.42,16.56886956521739,1305,2011-08-22 10:47:00,2011-12-06 16:02:00,74,107
16202.0,1,365.27,20.292777777777776,191,2010-12-14 10:43:00,2010-12-14 10:43:00,18,1
16203.0,5,596.65,16.57361111111111,263,2010-12-02 15:39:00,2011-10-12 12:31:00,27,314
16204.0,1,405.71,7.117719298245614,231,2011-11-16 13:40:00,2011-11-16 13:40:00,45,1
16205.0,4,761.38,7.769183673469388,517,2011-06-13 11:33:00,2011-11-09 09:32:00,73,149
16206.0,4,537.0600000000001,8.524761904761906,272,2011-01-16 11:07:00,2011-10-16 10:41:00,52,273
16207.0,1,394.38,20.756842105263157,140,2011-11-14 13:51:00,2011-11-14 13:51:00,19,1
16208.0,2,664.26,10.064545454545454,333,2011-02-23 13:37:00,2011-10-26 11:36:00,61,245
16209.0,5,2262.62,49.18739130434783,1179,2011-04-07 12:23:00,2011-09-12 11:58:00,37,158
16210.0,18,21086.3,171.43333333333334,7559,2010-12-01 12:27:00,2011-12-08 12:36:00,74,373
16211.0,2,551.27,22.969583333333333,155,2011-09-12 12:11:00,2011-09-19 16:23:00,23,8
16212.0,3,699.49,16.267209302325583,247,2011-03-01 12:51:00,2011-11-20 13:00:00,40,265
16213.0,1,159.0,26.5,48,2011-09-22 10:03:00,2011-09-22 10:03:00,6,1
16214.0,3,1062.75,24.15340909090909,420,2011-03-15 13:23:00,2011-06-22 11:30:00,36,99
16215.0,1,242.35,17.310714285714287,104,2011-09-20 10:18:00,2011-09-20 10:18:00,14,1
16216.0,1,914.9300000000001,24.72783783783784,254,2011-03-17 15:34:00,2011-03-17 15:34:00,37,1
16217.0,4,349.11,18.37421052631579,106,2011-03-02 15:28:00,2011-04-18 13:31:00,14,47
16218.0,8,3114.49,34.605444444444444,2099,2010-12-01 11:29:00,2011-11-10 09:59:00,56,344
16221.0,3,864.86,8.916082474226805,717,2010-12-07 13:13:00,2011-11-03 11:43:00,90,331
16222.0,1,846.72,6.18043795620438,365,2011-01-25 13:38:00,2011-01-25 13:38:00,120,1
16224.0,4,1295.3,13.492708333333333,1116,2011-04-04 12:00:00,2011-10-13 17:51:00,90,193
16225.0,5,1096.32,8.181492537313432,493,2011-03-07 12:17:00,2011-10-26 08:30:00,109,233
16226.0,3,255.12,31.89,192,2011-04-18 12:58:00,2011-05-20 14:41:00,6,33
16227.0,2,320.12,45.73142857142857,92,2011-04-28 13:33:00,2011-05-04 16:27:00,6,7
16229.0,2,1010.6,21.50212765957447,318,2011-05-11 10:18:00,2011-09-13 17:16:00,46,126
16230.0,2,542.03,15.486571428571429,365,2011-05-03 15:12:00,2011-06-03 10:06:00,32,31
16232.0,5,998.53,26.277105263157893,553,2011-05-08 14:05:00,2011-11-07 11:12:00,24,183
16233.0,5,651.23,26.0492,183,2010-12-08 12:51:00,2011-09-29 17:27:00,22,296
16235.0,6,876.21,18.254375,332,2011-01-11 15:42:00,2011-10-30 10:56:00,42,292
16236.0,1,432.2,21.61,184,2011-09-22 14:10:00,2011-09-22 14:10:00,20,1
16239.0,3,455.5,21.69047619047619,238,2011-06-03 09:30:00,2011-10-14 08:29:00,18,133
16240.0,5,3743.79,26.364718309859153,1648,2011-09-23 13:44:00,2011-12-01 14:02:00,127,70
16241.0,13,2607.87,3.939380664652568,1453,2010-12-05 11:04:00,2011-11-30 11:08:00,347,361
16242.0,8,3608.16,12.231050847457627,1983,2011-03-07 17:04:00,2011-12-01 15:12:00,184,269
16243.0,2,409.1,8.02156862745098,110,2011-10-16 12:09:00,2011-11-06 12:32:00,49,22
16244.0,2,1522.75,16.733516483516482,855,2010-12-02 11:41:00,2011-05-12 10:18:00,88,161
16245.0,5,1474.96,15.859784946236559,1020,2011-03-28 09:30:00,2011-11-16 10:14:00,80,234
16247.0,1,114.56,7.16,182,2011-06-22 14:23:00,2011-06-22 14:23:00,16,1
16248.0,1,152.94,21.84857142857143,78,2011-10-09 11:32:00,2011-10-09 11:32:00,7,1
16249.0,5,1800.07,26.08797101449275,950,2011-04-14 13:50:00,2011-10-18 10:07:00,67,187
16250.0,2,389.44,16.226666666666667,208,2010-12-01 09:59:00,2011-03-23 15:07:00,22,113
16252.0,1,295.09,14.05190476190476,158,2010-12-08 16:15:00,2010-12-08 16:15:00,21,1
16253.0,3,3702.1,29.855645161290322,3329,2011-03-29 13:33:00,2011-11-08 11:23:00,115,224
16255.0,10,2630.52,9.60043795620438,1774,2010-12-09 14:25:00,2011-11-23 12:40:00,146,349
16256.0,2,772.23,55.159285714285716,585,2011-03-18 12:18:00,2011-03-27 12:14:00,13,9
16257.0,1,46.95,23.475,2,2011-06-16 10:11:00,2011-06-16 10:11:00,2,1
16258.0,5,5203.51,38.54451851851852,2994,2011-05-04 14:33:00,2011-10-25 13:30:00,111,174
16260.0,1,1035.45,57.525000000000006,311,2011-10-20 09:40:00,2011-10-20 09:40:00,18,1
16261.0,4,746.83,6.022822580645162,306,2011-04-07 19:05:00,2011-11-22 17:23:00,98,229
16262.0,1,31.65,10.549999999999999,5,2010-12-14 11:55:00,2010-12-14 11:55:00,3,1
16265.0,11,5470.85,21.04173076923077,2665,2010-12-10 10:21:00,2011-11-30 16:41:00,164,356
16266.0,7,861.89,14.129344262295081,398,2011-05-17 14:50:00,2011-09-27 12:08:00,44,133
16268.0,2,667.65,14.836666666666666,533,2011-09-29 18:30:00,2011-09-29 18:30:00,45,1
16270.0,1,1141.24,21.134074074074075,688,2010-12-21 14:26:00,2010-12-21 14:26:00,54,1
16271.0,6,1435.19,10.710373134328359,1039,2010-12-16 16:36:00,2011-12-07 12:45:00,90,356
16272.0,1,411.7,16.468,224,2011-08-15 10:53:00,2011-08-15 10:54:00,25,1
16274.0,1,357.95,5.342537313432835,155,2010-12-01 15:35:00,2010-12-01 15:35:00,64,1
16275.0,1,559.87,16.965757575757575,336,2011-05-27 12:41:00,2011-05-27 12:41:00,33,1
16276.0,1,810.6000000000001,135.10000000000002,420,2011-06-16 09:34:00,2011-06-16 09:34:00,6,1
16278.0,3,594.93,23.797199999999997,119,2011-08-31 17:12:00,2011-11-16 16:09:00,23,77
16279.0,4,1522.48,13.967706422018349,1056,2011-01-10 09:56:00,2011-11-18 15:00:00,104,313
16281.0,1,2062.06,121.29764705882353,934,2011-09-28 14:57:00,2011-09-28 14:57:00,17,1
16282.0,1,168.3,15.3,114,2011-01-04 11:42:00,2011-01-04 11:42:00,11,1
16283.0,7,1610.11,9.583988095238094,1250,2011-05-15 13:37:00,2011-12-04 12:08:00,117,203
16284.0,2,823.97,7.559357798165138,544,2011-10-20 13:54:00,2011-11-08 16:12:00,87,20
16287.0,1,142.5,17.8125,298,2011-06-23 09:08:00,2011-06-23 09:08:00,8,1
16292.0,2,323.59999999999997,17.03157894736842,194,2011-08-10 12:24:00,2011-08-14 14:30:00,17,5
16293.0,12,2261.2400000000002,18.843666666666667,986,2010-12-07 15:02:00,2011-12-01 09:13:00,102,359
16295.0,4,1328.55,16.817088607594936,841,2011-10-06 10:45:00,2011-11-30 08:17:00,70,55
16297.0,4,328.4,14.278260869565216,232,2011-03-16 08:29:00,2011-05-11 11:15:00,21,57
16298.0,3,598.2,22.15555555555556,198,2011-06-06 10:06:00,2011-11-17 11:59:00,22,165
16302.0,2,253.62,21.135,182,2011-08-05 09:44:00,2011-08-24 09:25:00,11,19
16303.0,4,5415.43,32.427724550898205,2697,2011-01-10 14:16:00,2011-11-14 10:49:00,119,308
16305.0,1,361.21999999999997,16.419090909090908,256,2011-07-24 12:18:00,2011-07-24 12:18:00,22,1
16306.0,9,662.27,15.051590909090908,503,2010-12-07 15:18:00,2011-05-10 12:12:00,36,154
16308.0,4,2560.0,640.0,8000,2011-03-23 14:46:00,2011-11-02 11:24:00,1,224
16309.0,3,726.47,16.51068181818182,469,2011-04-13 11:46:00,2011-09-09 12:26:00,39,150
16311.0,2,616.26,16.655675675675674,394,2011-10-21 13:13:00,2011-11-22 08:54:00,35,32
16313.0,2,274.15000000000003,17.134375000000002,165,2011-10-21 09:04:00,2011-12-06 13:02:00,16,47
16315.0,1,226.37,16.169285714285714,75,2011-01-13 11:57:00,2011-01-13 11:57:00,14,1
16316.0,12,3122.26,20.01448717948718,1502,2010-12-16 14:26:00,2011-10-06 13:48:00,121,294
16317.0,3,1341.65,19.444202898550724,890,2011-02-15 14:30:00,2011-08-12 12:46:00,64,178
16318.0,1,328.15,17.271052631578947,199,2011-11-04 13:05:00,2011-11-04 13:05:00,19,1
16319.0,1,404.40000000000003,134.8,72,2011-05-06 11:27:00,2011-05-06 11:27:00,3,1
16321.0,7,516.6,32.2875,192,2011-01-20 12:11:00,2011-09-28 14:55:00,7,252
16322.0,2,326.75,8.83108108108108,231,2011-11-03 14:33:00,2011-12-08 15:41:00,28,36
16323.0,1,207.50000000000003,207.50000000000003,50,2011-05-27 14:48:00,2011-05-27 14:48:00,1,1
16324.0,3,428.68,3.6328813559322035,282,2011-06-15 14:26:00,2011-08-03 12:58:00,100,49
16325.0,5,677.94,33.897000000000006,224,2011-04-08 09:20:00,2011-10-26 16:29:00,14,202
16326.0,15,3135.96,9.799875,729,2011-01-09 12:01:00,2011-12-04 10:11:00,158,329
16327.0,6,3844.22,12.050846394984326,2571,2010-12-05 12:43:00,2011-11-25 13:23:00,142,356
16330.0,4,261.61,6.380731707317073,149,2011-08-19 17:08:00,2011-11-22 12:24:00,39,95
16332.0,8,1603.2,10.410389610389611,809,2011-02-07 14:16:00,2011-11-11 14:22:00,125,278
16333.0,22,26626.8,591.7066666666667,32184,2011-02-03 10:50:00,2011-12-02 12:19:00,9,303
16337.0,1,151.05,15.105,87,2011-11-03 10:03:00,2011-11-03 10:03:00,10,1
16338.0,1,214.79999999999998,19.527272727272727,94,2011-07-05 13:56:00,2011-07-05 13:56:00,11,1
16339.0,1,109.95,5.4975000000000005,23,2011-02-28 13:41:00,2011-02-28 13:41:00,17,1
16340.0,1,549.07,3.5886928104575166,501,2011-08-24 14:53:00,2011-08-24 14:53:00,124,1
16341.0,6,1984.3600000000001,23.623333333333335,1408,2011-05-22 13:20:00,2011-11-15 09:12:00,60,177
16342.0,4,322.41,21.494000000000003,157,2011-06-13 10:10:00,2011-09-25 14:36:00,10,105
16343.0,2,370.47999999999996,7.882553191489361,195,2011-11-23 17:43:00,2011-11-23 17:45:00,29,1
16344.0,1,101.10000000000001,50.550000000000004,18,2011-07-04 15:50:00,2011-07-04 15:50:00,1,1
16345.0,1,575.41,15.14236842105263,289,2011-10-26 16:03:00,2011-10-26 16:03:00,35,1
16347.0,2,887.65,9.648369565217392,353,2011-11-03 13:01:00,2011-11-28 13:14:00,61,26
16348.0,7,1469.45,6.252978723404255,819,2011-04-13 15:49:00,2011-11-07 15:44:00,157,208
16349.0,1,53.5,5.944444444444445,9,2011-02-22 12:40:00,2011-02-22 12:40:00,9,1
16350.0,5,1132.47,18.8745,548,2010-12-09 14:43:00,2011-11-18 15:53:00,41,345
16351.0,1,153.9,19.2375,90,2011-01-11 10:26:00,2011-01-11 10:26:00,8,1
16352.0,2,494.44,17.658571428571427,300,2011-11-02 08:44:00,2011-11-22 10:32:00,28,21
16353.0,23,6675.71,71.0181914893617,2006,2010-12-05 12:09:00,2011-12-06 12:23:00,51,367
16354.0,2,395.8,10.148717948717948,150,2011-09-27 16:28:00,2011-10-07 14:28:00,38,10
16356.0,4,213.22,6.663125,94,2011-03-07 12:31:00,2011-05-26 11:51:00,20,80
16357.0,3,658.88,19.378823529411765,246,2011-05-10 10:35:00,2011-11-06 16:04:00,31,181
16358.0,5,2030.05,18.455,1303,2011-06-08 15:05:00,2011-12-08 15:09:00,82,184
16359.0,12,2041.47,29.163857142857143,1212,2011-01-12 10:49:00,2011-12-02 17:04:00,39,325
16360.0,8,3613.37,5.3850521609538005,2160,2011-09-12 13:50:00,2011-12-05 12:16:00,365,84
16361.0,4,896.66,8.459056603773584,421,2011-09-29 13:13:00,2011-11-30 12:32:00,87,62
16362.0,9,817.47,9.083,377,2011-09-09 14:47:00,2011-11-07 13:01:00,58,59
16363.0,1,109.36000000000001,21.872000000000003,52,2011-10-17 14:14:00,2011-10-17 14:14:00,5,1
16364.0,2,707.04,13.340377358490565,280,2011-07-25 14:35:00,2011-11-28 11:27:00,48,126
16365.0,9,1540.42,30.2043137254902,504,2010-12-07 17:19:00,2011-11-22 11:24:00,45,350
16366.0,1,327.3,18.183333333333334,256,2011-11-21 08:19:00,2011-11-21 08:19:00,18,1
16367.0,2,804.49,6.188384615384615,647,2010-12-12 12:01:00,2011-11-02 13:13:00,123,326
16368.0,2,497.43,6.545131578947369,260,2011-11-11 15:08:00,2011-12-07 13:12:00,58,26
16369.0,3,1553.66,13.166610169491527,1035,2011-05-27 09:39:00,2011-11-21 16:25:00,91,179
16370.0,4,1320.56,5.791929824561404,647,2011-04-28 16:40:00,2011-09-18 15:55:00,143,143
16372.0,2,367.93,3.7930927835051547,166,2011-11-06 12:50:00,2011-11-06 13:08:00,86,1
16374.0,2,473.03000000000003,4.261531531531531,240,2011-03-22 13:46:00,2011-10-04 15:21:00,101,197
16376.0,3,996.5,7.78515625,699,2011-11-22 16:47:00,2011-12-01 11:38:00,104,9
16377.0,1,676.2,135.24,1500,2011-03-17 15:41:00,2011-03-17 15:41:00,5,1
16378.0,3,362.95,15.780434782608696,267,2011-02-02 12:42:00,2011-04-06 15:07:00,22,64
16379.0,5,2182.9,20.026605504587156,1412,2011-09-22 09:33:00,2011-12-05 15:38:00,87,75
16380.0,1,1780.59,55.6434375,1524,2011-10-09 15:40:00,2011-10-09 15:40:00,28,1
16383.0,2,668.36,6.552549019607843,475,2011-03-16 13:00:00,2011-09-26 12:45:00,80,194
16384.0,2,584.5,17.71212121212121,260,2011-03-21 10:13:00,2011-09-11 11:19:00,33,175
16385.0,3,555.89,9.42186440677966,261,2010-12-08 12:56:00,2011-10-10 13:12:00,52,307
16386.0,2,317.2,3.6045454545454545,224,2011-03-31 12:19:00,2011-11-11 12:28:00,76,226
16387.0,1,94.36,23.59,44,2011-01-21 11:34:00,2011-01-21 11:34:00,4,1
16389.0,5,1401.87,40.05342857142857,1254,2011-03-01 15:47:00,2011-10-17 14:41:00,33,230
16392.0,1,221.19,4.915333333333333,203,2011-03-15 12:11:00,2011-03-15 12:11:00,41,1
16393.0,20,3151.37,8.802709497206704,1623,2010-12-05 13:10:00,2011-12-07 12:51:00,121,367
16394.0,9,1698.62,16.9862,2891,2011-02-23 10:58:00,2011-10-20 19:16:00,61,240
16395.0,5,1486.9,7.080476190476191,1476,2011-01-13 12:10:00,2011-10-10 12:50:00,150,271
16398.0,4,1780.45,20.70290697674419,771,2011-03-31 09:38:00,2011-07-18 10:14:00,75,110
16399.0,2,408.57,5.596849315068493,264,2011-04-18 13:46:00,2011-11-20 16:12:00,68,217
16400.0,1,303.93,10.480344827586206,172,2011-09-06 12:27:00,2011-09-06 12:27:00,28,1
16401.0,20,4135.4,20.885858585858585,3906,2011-01-16 10:56:00,2011-12-08 18:15:00,68,327
16402.0,2,299.6,4.993333333333334,149,2010-12-05 13:42:00,2011-03-20 12:25:00,55,105
16403.0,2,193.95,12.93,125,2011-01-31 13:39:00,2011-02-10 16:40:00,10,11
16404.0,1,443.05,19.26304347826087,157,2011-09-30 14:55:00,2011-09-30 14:55:00,23,1
16405.0,2,167.25,33.45,187,2011-02-02 17:08:00,2011-02-10 15:24:00,3,8
16406.0,1,164.32,2.608253968253968,123,2011-11-21 11:57:00,2011-11-21 11:57:00,55,1
16407.0,10,2126.93,12.365872093023254,1124,2011-01-31 14:02:00,2011-11-27 11:05:00,99,300
16409.0,5,2028.88,8.745172413793103,1306,2011-01-26 14:51:00,2011-11-03 16:45:00,145,282
16411.0,2,214.65,4.7700000000000005,132,2010-12-05 13:26:00,2011-11-20 13:23:00,41,350
16412.0,1,151.83,4.338,73,2011-10-17 12:35:00,2011-10-17 12:35:00,25,1
16413.0,1,262.2,8.458064516129031,148,2011-10-14 12:08:00,2011-10-14 12:08:00,30,1
16414.0,2,126.25,18.035714285714285,27,2011-03-04 13:27:00,2011-11-18 09:42:00,5,259
16415.0,1,210.35,3.89537037037037,187,2011-10-26 13:35:00,2011-10-26 13:35:00,45,1
16416.0,4,1075.81,14.737123287671231,689,2011-10-14 13:35:00,2011-11-13 12:50:00,60,30
16418.0,3,675.27,6.620294117647059,288,2011-04-27 16:54:00,2011-10-26 12:39:00,76,182
16419.0,7,984.98,18.94192307692308,437,2011-02-01 12:25:00,2011-08-19 12:33:00,36,200
16422.0,75,35563.11,89.1306015037594,34816,2010-12-05 15:35:00,2011-11-22 14:00:00,72,352
16423.0,1,346.12,19.22888888888889,230,2011-11-15 09:21:00,2011-11-15 09:21:00,18,1
16424.0,2,184.56,30.76,94,2011-01-06 13:56:00,2011-06-01 13:40:00,6,146
16425.0,1,302.7,14.414285714285715,199,2011-02-10 14:30:00,2011-02-10 14:30:00,21,1
16426.0,10,1908.25,5.129704301075269,1243,2011-03-08 15:45:00,2011-12-07 14:01:00,211,274
16427.0,2,241.06,26.784444444444446,156,2011-02-28 15:18:00,2011-03-21 17:10:00,8,22
16428.0,1,2.95,2.95,1,2011-09-19 16:31:00,2011-09-19 16:31:00,1,1
16429.0,1,284.55,142.275,9,2011-08-25 13:54:00,2011-08-25 13:54:00,2,1
16430.0,1,300.85,50.14166666666667,103,2011-10-13 14:47:00,2011-10-13 14:47:00,6,1
16431.0,3,642.81,7.744698795180722,453,2011-02-15 14:02:00,2011-05-10 14:09:00,51,85
16432.0,1,287.4,35.925,276,2011-10-06 13:59:00,2011-10-06 13:59:00,8,1
16433.0,1,184.26,10.838823529411764,106,2011-11-11 14:09:00,2011-11-11 14:09:00,17,1
16434.0,7,1522.25,13.965596330275229,767,2011-02-13 12:17:00,2011-11-10 14:28:00,88,271
16438.0,5,798.35,6.04810606060606,463,2011-09-18 13:31:00,2011-12-04 10:51:00,74,77
16440.0,5,3640.67,12.91017730496454,2018,2011-05-09 12:25:00,2011-12-02 12:02:00,186,207
16441.0,2,381.2,15.883333333333333,173,2011-02-21 17:35:00,2011-10-03 17:48:00,22,225
16442.0,3,616.79,3.5447701149425286,446,2010-12-14 10:46:00,2011-12-08 11:43:00,161,360
16444.0,5,670.57,7.7973255813953495,409,2011-03-20 12:11:00,2011-10-24 13:50:00,70,219
16445.0,1,230.51,3.658888888888889,111,2011-11-06 12:32:00,2011-11-06 12:32:00,62,1
16446.0,3,336942.1,84235.525,161992,2011-05-18 09:52:00,2011-12-09 09:27:00,3,205
16447.0,1,259.01,7.194722222222222,223,2011-07-27 12:45:00,2011-07-27 12:45:00,34,1
16448.0,1,188.89000000000001,9.444500000000001,78,2011-05-25 16:28:00,2011-05-25 16:28:00,19,1
16449.0,3,740.69,17.225348837209303,375,2011-03-04 12:15:00,2011-06-02 11:07:00,40,90
16450.0,1,311.92,28.35636363636364,200,2011-07-13 11:47:00,2011-07-13 11:47:00,11,1
16451.0,1,266.97,19.069285714285716,120,2011-09-13 09:17:00,2011-09-13 09:17:00,14,1
16454.0,3,21.950000000000003,7.316666666666667,4,2011-04-13 10:36:00,2011-10-26 11:40:00,2,197
16455.0,7,1841.18,18.59777777777778,988,2010-12-03 16:44:00,2011-10-07 12:17:00,69,308
16456.0,5,2158.37,19.444774774774775,1148,2010-12-01 14:11:00,2011-09-01 13:50:00,80,274
16457.0,1,208.36,23.151111111111113,140,2011-05-05 13:19:00,2011-05-05 13:19:00,9,1
16458.0,18,3482.7400000000002,17.241287128712873,2154,2010-12-14 11:51:00,2011-12-07 09:34:00,52,358
16460.0,3,814.72,6.034962962962963,879,2011-09-19 10:15:00,2011-11-11 13:46:00,128,54
16461.0,1,151.42,4.588484848484848,49,2011-06-15 12:07:00,2011-06-15 12:07:00,31,1
16462.0,4,170.0,42.5,20,2011-03-01 08:58:00,2011-10-06 18:16:00,1,220
16463.0,7,1461.1,17.18941176470588,1191,2011-05-19 14:45:00,2011-11-18 14:01:00,74,183
16464.0,3,1314.68,5.570677966101695,963,2011-07-20 13:53:00,2011-11-20 12:11:00,152,123
16466.0,7,1603.46,10.834189189189189,789,2011-02-20 11:39:00,2011-11-06 11:35:00,103,259
16468.0,1,74.9,37.45,31,2011-09-26 14:13:00,2011-09-26 14:13:00,2,1
16469.0,4,650.43,3.5737912087912087,273,2011-04-07 13:11:00,2011-11-16 12:25:00,148,223
16470.0,5,767.34,4.487368421052632,532,2010-12-16 11:10:00,2011-10-19 12:11:00,120,308
16471.0,1,223.95000000000002,17.22692307692308,141,2011-03-10 09:41:00,2011-03-10 09:41:00,13,1
16473.0,4,317.36,16.703157894736844,197,2011-01-07 10:55:00,2011-06-28 09:10:00,18,172
16474.0,11,1931.53,5.248722826086956,968,2011-07-17 14:51:00,2011-12-02 13:02:00,237,138
16475.0,4,544.3,19.439285714285713,319,2011-03-11 09:39:00,2011-09-12 14:37:00,23,186
16477.0,7,2494.46,17.085342465753424,1415,2010-12-03 12:48:00,2011-10-07 09:44:00,111,308
16478.0,3,331.0,19.470588235294116,224,2011-10-05 12:02:00,2011-11-14 15:51:00,15,41
16479.0,2,300.83,8.595142857142857,102,2011-11-29 13:04:00,2011-11-29 13:40:00,35,1
16480.0,1,769.29,14.514905660377357,455,2011-09-25 11:40:00,2011-09-25 11:40:00,51,1
16482.0,1,220.62,12.256666666666668,346,2011-11-24 12:33:00,2011-11-24 12:33:00,18,1
16483.0,1,139.35,7.334210526315789,44,2011-05-31 13:08:00,2011-05-31 13:08:00,19,1
16484.0,3,429.2,16.507692307692306,206,2011-06-02 10:39:00,2011-06-19 12:06:00,25,18
16485.0,1,363.65,8.658333333333333,235,2011-09-23 15:50:00,2011-09-23 15:50:00,41,1
16488.0,4,505.4,16.30322580645161,732,2011-07-14 11:46:00,2011-11-06 13:42:00,28,116
16491.0,1,731.5,18.756410256410255,478,2011-10-24 10:18:00,2011-10-24 10:18:00,39,1
16493.0,6,1373.6,22.154838709677417,1215,2011-01-14 08:16:00,2011-09-28 11:13:00,40,258
16494.0,1,826.53,16.5306,675,2011-02-16 12:49:00,2011-02-16 12:49:00,47,1
16495.0,3,684.41,7.055773195876288,337,2011-03-08 16:38:00,2011-12-06 13:20:00,78,273
16496.0,4,1636.82,16.87443298969072,1131,2011-01-27 09:42:00,2011-12-01 10:31:00,92,309
16497.0,6,2965.69,21.80654411764706,1396,2011-01-10 13:20:00,2011-10-21 10:55:00,128,284
16498.0,3,115.82000000000001,7.2387500000000005,48,2011-06-30 19:52:00,2011-07-01 15:07:00,15,1
16499.0,5,411.8,18.71818181818182,132,2010-12-09 14:48:00,2010-12-14 15:20:00,20,6
16500.0,6,400.86,36.441818181818185,123,2011-01-13 10:28:00,2011-12-05 12:04:00,8,327
16503.0,5,1442.43,16.77244186046512,571,2010-12-14 13:50:00,2011-08-25 11:46:00,71,254
16504.0,1,484.38,5.632325581395349,524,2011-11-14 15:18:00,2011-11-14 15:18:00,76,1
16505.0,1,777.6,194.4,576,2011-11-08 12:14:00,2011-11-08 12:14:00,4,1
16506.0,2,90.30000000000001,30.100000000000005,42,2011-10-30 15:50:00,2011-11-20 12:17:00,3,21
16509.0,1,363.7,27.976923076923075,64,2011-02-16 09:25:00,2011-02-16 09:25:00,13,1
16510.0,1,248.1,19.084615384615383,92,2010-12-02 13:39:00,2010-12-02 13:39:00,13,1
16511.0,3,950.26,5.6228402366863905,417,2011-03-18 11:24:00,2011-11-18 10:41:00,135,245
16513.0,4,874.59,24.988285714285716,407,2011-10-27 14:56:00,2011-12-05 10:18:00,33,39
16515.0,5,1627.13,14.399380530973453,833,2011-02-01 13:09:00,2011-10-18 13:10:00,89,260
16516.0,1,101.69999999999999,16.95,58,2011-11-09 14:59:00,2011-11-09 14:59:00,6,1
16517.0,1,162.7,9.570588235294117,96,2011-03-07 13:50:00,2011-03-07 13:50:00,17,1
16518.0,3,487.72,11.612380952380953,329,2011-02-28 16:36:00,2011-10-09 15:04:00,36,223
16519.0,2,215.07999999999998,16.544615384615383,54,2010-12-09 14:08:00,2011-11-14 15:41:00,13,341
16520.0,4,1056.52,6.7294267515923565,559,2010-12-09 13:08:00,2011-06-06 13:24:00,129,180
16523.0,28,9541.27,32.017684563758394,4297,2011-01-28 12:06:00,2011-12-08 09:06:00,151,314
16525.0,29,14159.33,70.79665,8301,2010-12-08 11:31:00,2011-12-07 15:07:00,75,365
16526.0,1,290.36,19.357333333333333,106,2011-06-21 12:02:00,2011-06-21 12:02:00,15,1
16527.0,1,228.06,16.29,106,2011-09-19 16:21:00,2011-09-19 16:21:00,14,1
16528.0,1,244.41,14.377058823529412,171,2011-12-06 12:45:00,2011-12-06 12:45:00,17,1
16529.0,1,455.25,15.175,198,2011-06-02 17:23:00,2011-06-02 17:23:00,30,1
16531.0,7,1244.59,16.163506493506492,915,2010-12-14 13:19:00,2011-11-17 16:29:00,68,339
16532.0,3,6748.8,1687.2,2016,2011-01-05 12:37:00,2011-11-22 11:08:00,2,321
16533.0,5,1164.18,6.431933701657459,710,2011-10-02 15:07:00,2011-11-20 13:08:00,112,49
16535.0,1,593.75,19.153225806451612,356,2011-12-04 15:18:00,2011-12-04 15:18:00,31,1
16536.0,2,558.92,9.980714285714285,252,2011-08-21 15:54:00,2011-08-24 13:20:00,49,3
16539.0,4,1388.81,30.862444444444442,477,2010-12-01 15:40:00,2011-12-07 08:41:00,36,371
16542.0,1,119.62,23.924,46,2011-10-17 10:47:00,2011-10-17 10:47:00,5,1
16545.0,1,339.3,113.10000000000001,78,2011-06-28 10:37:00,2011-06-28 10:37:00,3,1
16546.0,3,1670.23,53.8783870967742,1401,2010-12-02 12:07:00,2011-02-22 11:20:00,31,82
16549.0,10,4154.64,4.235107033639144,2365,2011-01-09 14:03:00,2011-11-29 15:06:00,445,325
16550.0,9,2331.69,8.933678160919541,1554,2010-12-06 13:17:00,2011-08-23 11:12:00,163,260
16551.0,3,922.12,28.81625,970,2011-01-07 10:24:00,2011-09-05 09:38:00,26,241
16552.0,2,379.73,22.337058823529414,219,2010-12-01 12:36:00,2011-04-11 10:04:00,17,131
16553.0,14,5775.07,67.15197674418604,4605,2010-12-08 13:07:00,2011-06-29 15:42:00,63,204
16554.0,7,1032.6499999999999,13.954729729729728,493,2011-01-12 12:40:00,2011-12-06 14:52:00,52,329
16555.0,2,285.89,16.81705882352941,175,2011-08-22 12:32:00,2011-11-04 14:31:00,15,75
16556.0,7,3313.79,16.008647342995168,1890,2010-12-14 13:32:00,2011-10-04 11:36:00,144,294
16557.0,2,281.85,25.622727272727275,111,2011-07-25 13:28:00,2011-11-15 14:04:00,11,114
16558.0,24,8419.94,17.763586497890298,5408,2010-12-08 12:01:00,2011-12-09 10:20:00,264,366
16560.0,3,890.11,15.346724137931036,510,2010-12-16 14:36:00,2011-11-18 17:05:00,53,338
16561.0,2,511.12,16.48774193548387,244,2011-10-11 09:53:00,2011-12-04 11:50:00,29,55
16563.0,1,1077.74,56.72315789473684,486,2011-10-17 11:51:00,2011-10-17 11:51:00,19,1
16565.0,1,173.7,57.9,46,2010-12-10 15:21:00,2010-12-10 15:21:00,3,1
16566.0,6,615.3100000000001,32.38473684210527,363,2011-02-20 10:29:00,2011-11-24 16:34:00,14,278
16567.0,2,865.6,24.731428571428573,996,2011-01-07 09:31:00,2011-05-29 13:57:00,34,143
16569.0,1,124.2,24.84,93,2011-12-06 15:32:00,2011-12-06 15:32:00,5,1
16570.0,15,3853.85,28.976315789473684,2174,2010-12-14 10:53:00,2011-12-01 08:56:00,70,352
16571.0,5,1558.16,14.699622641509436,1302,2011-03-03 09:41:00,2011-12-06 14:07:00,73,279
16572.0,4,1019.5,17.57758620689655,534,2011-03-09 12:04:00,2011-08-04 16:34:00,40,149
16573.0,4,678.8100000000001,14.756739130434784,366,2011-02-22 15:14:00,2011-09-27 11:17:00,40,217
16574.0,1,451.44,16.122857142857143,416,2011-09-29 13:39:00,2011-09-29 13:39:00,28,1
16579.0,1,30.599999999999998,30.599999999999998,12,2010-12-09 15:00:00,2010-12-09 15:00:00,1,1
16581.0,2,141.24,12.840000000000002,146,2011-06-10 10:05:00,2011-07-07 15:50:00,9,28
16582.0,1,313.62,52.27,164,2011-08-18 17:02:00,2011-08-18 17:02:00,6,1
16583.0,1,233.45,16.675,111,2010-12-01 12:03:00,2010-12-01 12:03:00,14,1
16584.0,3,964.13,31.100967741935484,657,2011-03-30 13:14:00,2011-09-20 13:45:00,25,175
16586.0,1,463.95,57.99375,95,2011-04-05 09:32:00,2011-04-05 09:32:00,8,1
16587.0,1,225.15,17.31923076923077,71,2011-04-21 15:51:00,2011-04-21 15:51:00,13,1
16589.0,3,459.24,13.916363636363636,368,2011-07-01 13:31:00,2011-09-29 14:50:00,31,91
16591.0,1,213.5,21.35,41,2011-10-02 10:43:00,2011-10-02 10:43:00,10,1
16592.0,19,4154.08,18.712072072072072,2940,2011-02-25 10:19:00,2011-12-05 13:49:00,142,284
16593.0,3,330.03,12.223333333333333,116,2011-01-16 12:11:00,2011-10-20 12:41:00,24,278
16594.0,1,181.09,3.416792452830189,64,2011-09-25 14:08:00,2011-09-25 14:08:00,53,1
16595.0,1,360.16,4.237176470588236,335,2011-10-09 13:15:00,2011-10-09 13:15:00,83,1
16596.0,2,250.15,20.845833333333335,97,2010-12-08 16:18:00,2011-11-24 10:02:00,12,351
16597.0,1,90.04,12.862857142857143,184,2011-12-05 15:44:00,2011-12-05 15:44:00,7,1
16598.0,2,149.4,13.581818181818182,76,2011-02-27 11:42:00,2011-03-07 13:42:00,10,9
16600.0,6,813.52,13.121290322580645,1145,2011-01-05 12:13:00,2011-12-05 16:00:00,50,335
16601.0,1,244.79999999999998,7.896774193548387,134,2011-10-30 11:09:00,2011-10-30 11:09:00,29,1
16602.0,2,561.43,17.5446875,355,2011-11-03 15:54:00,2011-11-08 16:18:00,29,6
16603.0,2,482.47,14.19029411764706,480,2011-09-09 13:02:00,2011-09-26 10:06:00,34,17
16607.0,16,3656.75,21.01580459770115,2896,2010-12-16 08:41:00,2011-11-22 10:24:00,140,342
16609.0,9,5535.96,19.771285714285714,2430,2011-04-01 10:11:00,2011-11-24 13:32:00,155,238
16610.0,1,75.66,12.61,66,2011-05-04 13:13:00,2011-05-04 13:13:00,6,1
16611.0,2,137.99,12.544545454545455,48,2011-04-20 16:41:00,2011-06-06 15:46:00,10,47
16612.0,4,1187.66,17.994848484848486,506,2011-02-01 10:38:00,2011-11-07 07:38:00,48,279
16613.0,1,618.59,20.619666666666667,293,2011-09-30 15:52:00,2011-09-30 15:52:00,30,1
16614.0,1,506.19,19.468846153846155,223,2011-06-10 11:36:00,2011-06-10 11:36:00,26,1
16616.0,2,500.42,15.164242424242424,370,2011-07-05 13:38:00,2011-11-24 16:31:00,31,143
16617.0,1,151.85,30.369999999999997,91,2011-04-18 10:35:00,2011-04-18 10:35:00,5,1
16618.0,6,2664.54,27.469484536082472,1364,2011-01-21 11:55:00,2011-11-08 13:52:00,79,292
16619.0,2,248.01,15.500625,137,2011-03-21 08:18:00,2011-03-31 12:20:00,14,11
16620.0,2,178.96,19.884444444444444,88,2011-03-24 10:37:00,2011-12-06 12:19:00,9,258
16621.0,4,813.48,28.05103448275862,302,2011-03-07 11:32:00,2011-10-19 11:38:00,22,227
16623.0,1,129.45,25.889999999999997,39,2011-04-08 10:09:00,2011-04-08 10:09:00,5,1
16624.0,2,810.5699999999999,16.886875,488,2011-05-26 14:20:00,2011-09-20 12:39:00,44,117
16625.0,1,333.08,14.481739130434782,164,2011-03-10 12:50:00,2011-03-10 12:50:00,23,1
16626.0,20,4446.55,24.16603260869565,2710,2011-03-18 12:27:00,2011-12-09 11:56:00,86,266
16627.0,1,322.8,16.14,162,2011-09-21 14:38:00,2011-09-21 14:38:00,20,1
16628.0,6,2193.06,18.4290756302521,1208,2011-04-19 08:55:00,2011-11-10 12:45:00,79,206
16629.0,2,417.73,6.52703125,493,2011-09-04 16:12:00,2011-09-27 10:34:00,58,23
16633.0,7,2888.05,18.876143790849675,1139,2011-04-19 14:36:00,2011-11-22 13:41:00,115,217
16634.0,2,217.9,24.211111111111112,82,2010-12-02 17:41:00,2011-05-01 12:09:00,9,150
16637.0,5,1184.35,16.449305555555554,963,2011-04-28 10:20:00,2011-11-07 13:17:00,66,194
16638.0,11,1684.97,17.736526315789472,1256,2010-12-06 10:19:00,2011-11-17 11:09:00,92,347
16639.0,4,1345.64,25.87769230769231,517,2011-04-18 09:31:00,2011-11-14 13:47:00,48,211
16641.0,1,231.10000000000002,19.258333333333336,256,2011-08-26 12:49:00,2011-08-26 12:49:00,12,1
16642.0,3,696.83,19.909428571428574,480,2011-05-16 12:35:00,2011-12-05 11:31:00,32,203
16643.0,1,487.51,18.055925925925926,269,2011-04-08 08:24:00,2011-04-08 08:24:00,27,1
16644.0,2,833.78,13.448064516129032,826,2011-05-11 12:53:00,2011-06-15 12:39:00,62,35
16647.0,2,214.06,15.290000000000001,146,2011-05-19 09:31:00,2011-06-23 11:47:00,12,36
16648.0,2,310.46,14.783809523809524,293,2011-10-28 08:58:00,2011-11-01 09:52:00,19,5
16650.0,1,518.42,21.60083333333333,372,2011-09-29 09:51:00,2011-09-29 09:51:00,24,1
16652.0,11,6893.68,56.04617886178862,3299,2011-03-11 13:13:00,2011-10-17 11:43:00,75,220
16653.0,3,1258.4,16.557894736842105,743,2011-09-29 13:38:00,2011-11-23 14:51:00,67,56
16654.0,5,607.57,19.59903225806452,284,2010-12-06 15:09:00,2011-07-21 15:23:00,29,228
16655.0,6,3794.52,14.538390804597702,2367,2011-01-12 10:16:00,2011-11-22 11:25:00,208,315
16656.0,21,8683.36,108.542,8915,2010-12-10 11:23:00,2011-11-17 14:43:00,14,343
16657.0,4,933.62,4.488557692307692,1229,2011-03-30 12:02:00,2011-11-30 11:48:00,158,245
16658.0,1,123.24,15.405,40,2010-12-06 13:47:00,2010-12-06 13:47:00,8,1
16659.0,1,39.12,19.56,72,2011-06-03 15:03:00,2011-06-03 15:03:00,2,1
16660.0,5,1724.85,101.46176470588235,691,2011-01-24 12:44:00,2011-11-23 14:53:00,16,304
16665.0,1,135.39999999999998,15.044444444444443,59,2010-12-12 14:03:00,2010-12-12 14:03:00,9,1
16666.0,1,118.98,3.718125,233,2011-11-20 14:01:00,2011-11-20 14:01:00,32,1
16667.0,2,570.13,10.757169811320754,237,2011-02-28 12:57:00,2011-10-02 15:26:00,52,217
16668.0,6,306.71999999999997,15.335999999999999,318,2011-02-28 12:46:00,2011-11-24 17:43:00,9,270
16669.0,4,1378.8700000000001,8.5644099378882,893,2011-09-22 14:13:00,2011-11-16 12:26:00,141,55
16670.0,17,4169.34,15.91351145038168,2588,2010-12-16 10:30:00,2011-11-23 09:34:00,179,342
16671.0,3,1692.27,282.045,875,2011-06-28 11:20:00,2011-11-11 13:40:00,3,137
16672.0,23,8176.29,69.88282051282052,2852,2011-03-18 10:15:00,2011-12-07 16:29:00,23,265
16674.0,2,319.61,3.261326530612245,188,2011-09-02 13:59:00,2011-10-16 11:31:00,89,44
16676.0,5,1625.52,17.668695652173913,641,2011-01-06 13:00:00,2011-11-06 12:01:00,75,304
16678.0,17,3206.15,18.85970588235294,2426,2011-03-02 09:24:00,2011-12-07 12:17:00,93,281
16679.0,1,129.75,43.25,29,2010-12-08 13:51:00,2010-12-08 13:51:00,3,1
16680.0,1,183.7,18.369999999999997,94,2011-10-27 17:35:00,2011-10-27 17:35:00,10,1
16681.0,6,1770.34,40.235,1407,2011-03-31 13:46:00,2011-09-28 11:11:00,18,181
16682.0,5,1028.0,34.266666666666666,1040,2011-06-05 11:02:00,2011-12-05 12:13:00,15,184
16684.0,31,67415.04,239.91117437722417,51120,2010-12-16 17:34:00,2011-12-05 14:06:00,120,354
16685.0,2,324.24,5.2296774193548385,396,2011-10-09 13:44:00,2011-10-09 13:58:00,60,1
16686.0,9,3082.18,5.241802721088435,2035,2010-12-19 14:41:00,2011-10-23 13:49:00,406,308
16688.0,4,1260.86,20.336451612903225,804,2011-10-10 12:23:00,2011-12-08 15:24:00,52,60
16689.0,3,541.9399999999999,33.871249999999996,492,2011-09-18 13:29:00,2011-09-25 11:39:00,13,7
16690.0,3,242.53,18.656153846153845,139,2011-05-22 10:53:00,2011-10-27 10:58:00,10,159
16692.0,2,1276.0,425.3333333333333,152,2011-02-23 15:41:00,2011-03-28 14:46:00,2,33
16693.0,2,482.01,8.0335,204,2011-03-13 11:06:00,2011-10-02 11:10:00,58,204
16696.0,4,657.9000000000001,65.79,146,2011-04-05 15:20:00,2011-07-27 14:23:00,7,113
16697.0,1,112.75,5.369047619047619,27,2011-04-12 17:12:00,2011-04-12 17:12:00,20,1
16698.0,2,1998.0,399.6,840,2011-03-31 13:33:00,2011-04-27 10:52:00,4,27
16700.0,17,5113.1,16.388141025641026,4029,2010-12-08 16:34:00,2011-12-01 11:00:00,159,358
16701.0,18,5646.33,36.66448051948052,6575,2010-12-13 11:51:00,2011-12-01 11:10:00,99,353
16705.0,29,14123.85,49.7318661971831,5494,2010-12-16 10:51:00,2011-12-09 12:08:00,135,359
16706.0,3,531.35,4.319918699186992,249,2011-08-17 15:53:00,2011-11-02 13:50:00,108,77
16708.0,1,656.63,24.31962962962963,285,2011-10-25 12:20:00,2011-10-25 12:20:00,27,1
16709.0,5,3029.87,38.35278481012658,851,2011-03-03 10:55:00,2011-09-16 10:56:00,64,198
16710.0,10,2483.04,6.1767164179104475,1836,2010-12-06 13:13:00,2011-11-20 14:50:00,268,350
16711.0,5,1651.03,75.04681818181818,833,2010-12-17 12:43:00,2011-12-06 16:32:00,18,355
16712.0,11,3645.43,8.155324384787471,1749,2011-03-08 15:07:00,2011-11-30 13:48:00,259,267
16713.0,21,7006.03,11.085490506329114,4288,2010-12-08 12:03:00,2011-11-21 12:36:00,339,349
16714.0,4,1411.53,15.01627659574468,612,2011-01-26 13:40:00,2011-05-05 11:09:00,77,99
16715.0,1,301.71999999999997,15.879999999999999,642,2011-09-22 18:15:00,2011-09-22 18:15:00,19,1
16716.0,3,1482.6000000000001,494.20000000000005,196,2011-02-01 15:35:00,2011-03-18 10:03:00,1,45
16717.0,9,4438.4,18.806779661016947,2164,2010-12-08 16:48:00,2011-11-30 17:42:00,178,358
16718.0,1,623.75,13.86111111111111,413,2010-12-05 13:03:00,2010-12-05 13:03:00,41,1
16719.0,8,1806.92,8.901083743842365,1206,2010-12-06 12:06:00,2011-11-25 09:27:00,108,354
16720.0,1,155.24,5.74962962962963,182,2011-11-13 16:22:00,2011-11-13 16:22:00,25,1
16721.0,1,292.47,7.904594594594595,172,2011-03-22 16:08:00,2011-03-22 16:08:00,37,1
16722.0,16,4750.41,20.83513157894737,5013,2010-12-06 12:59:00,2011-11-22 13:28:00,96,352
16723.0,2,589.15,13.701162790697675,399,2011-08-24 11:31:00,2011-09-09 13:01:00,37,17
16725.0,8,786.97,5.177434210526316,295,2010-12-03 16:02:00,2011-02-10 16:52:00,110,70
16726.0,5,1382.02,7.470378378378379,977,2010-12-13 13:28:00,2011-11-13 14:53:00,121,336
16727.0,1,272.82,5.9308695652173915,177,2010-12-10 13:48:00,2010-12-10 13:48:00,41,1
16728.0,4,1054.67,3.9207063197026026,677,2011-03-20 13:28:00,2011-10-24 14:36:00,218,219
16729.0,26,7403.56,11.083173652694612,5797,2011-04-12 14:22:00,2011-11-03 19:11:00,235,206
16730.0,4,783.43,9.326547619047618,1090,2011-01-24 14:01:00,2011-10-18 14:11:00,75,268
16732.0,1,603.75,21.5625,317,2011-11-08 09:54:00,2011-11-08 09:54:00,28,1
16734.0,3,650.51,12.27377358490566,346,2011-08-17 15:00:00,2011-10-18 13:44:00,44,62
16735.0,7,2331.91,18.218046875,1592,2011-01-09 12:53:00,2011-09-22 11:49:00,88,256
16737.0,1,417.59999999999997,417.59999999999997,288,2011-10-17 13:03:00,2011-10-17 13:03:00,1,1
16738.0,1,3.75,3.75,3,2011-02-15 09:46:00,2011-02-15 09:46:00,1,1
16739.0,2,333.45,20.840625,175,2011-06-16 09:17:00,2011-06-20 17:15:00,13,5
16742.0,2,929.8,232.45,191,2011-10-24 11:58:00,2011-10-24 12:02:00,4,1
16743.0,8,2284.34,11.835958549222799,2084,2010-12-16 12:15:00,2011-11-10 13:13:00,89,330
16744.0,7,1304.76,5.391570247933884,805,2011-06-19 15:13:00,2011-11-28 13:06:00,198,162
16745.0,18,7217.900000000001,20.16173184357542,6743,2011-02-01 11:31:00,2011-09-14 11:58:00,148,226
16746.0,19,6701.01,14.82524336283186,4668,2010-12-16 11:43:00,2011-12-05 12:33:00,234,355
16747.0,4,845.16,18.781333333333333,589,2011-10-03 10:18:00,2011-11-14 13:37:00,34,43
16748.0,5,1515.9,21.969565217391306,880,2011-01-09 13:50:00,2011-11-22 10:17:00,42,317
16750.0,5,623.93,6.567684210526315,214,2011-04-21 16:53:00,2011-10-26 12:48:00,74,188
16751.0,1,1764.72,70.5888,1031,2011-11-09 10:48:00,2011-11-09 10:48:00,24,1
16752.0,1,207.5,23.055555555555557,54,2010-12-02 12:18:00,2010-12-02 12:18:00,9,1
16753.0,1,223.92000000000002,6.5858823529411765,189,2011-10-12 13:14:00,2011-10-12 13:14:00,34,1
16754.0,1,2002.4,1001.2,4280,2010-12-02 17:38:00,2010-12-02 17:38:00,2,1
16755.0,5,1509.03,8.574034090909091,1070,2011-01-28 10:47:00,2011-08-17 13:21:00,134,202
16756.0,1,239.4,18.415384615384617,106,2011-05-09 09:33:00,2011-05-09 09:33:00,13,1
16757.0,1,106.83000000000001,15.261428571428572,81,2011-01-25 11:59:00,2011-01-25 11:59:00,7,1
16758.0,1,369.34000000000003,16.78818181818182,203,2011-10-05 14:47:00,2011-10-05 14:47:00,22,1
16759.0,4,806.74,18.76139534883721,610,2011-11-09 09:06:00,2011-12-02 12:42:00,40,24
16761.0,1,316.62,24.355384615384615,341,2011-09-04 11:15:00,2011-09-04 11:15:00,13,1
16762.0,3,1501.38,16.869438202247192,618,2011-07-18 12:52:00,2011-11-20 11:43:00,51,125
16763.0,2,628.8,26.2,320,2011-05-25 11:52:00,2011-06-07 14:24:00,23,14
16764.0,18,2840.25,3.9557799442896937,1271,2011-07-19 17:17:00,2011-12-06 11:41:00,209,140
16765.0,1,34.0,34.0,4,2011-02-18 15:41:00,2011-02-18 15:41:00,1,1
16766.0,2,1145.6,33.69411764705882,536,2011-03-11 13:34:00,2011-03-11 15:22:00,17,1
16767.0,11,5580.6,25.13783783783784,4435,2011-01-27 13:38:00,2011-11-09 09:42:00,148,286
16768.0,5,498.14,8.588620689655173,201,2011-03-13 10:25:00,2011-10-23 10:38:00,47,225
16769.0,1,380.39,9.50975,83,2011-03-24 13:41:00,2011-03-24 13:41:00,33,1
16770.0,6,795.3000000000001,5.447260273972603,476,2010-12-02 15:49:00,2011-10-13 12:21:00,116,315
16771.0,5,2246.81,8.811019607843138,1489,2011-01-05 13:57:00,2011-11-06 13:28:00,200,305
16773.0,1,171.59,6.599615384615385,171,2011-10-13 14:37:00,2011-10-13 14:37:00,23,1
16774.0,5,668.12,13.635102040816326,326,2011-06-14 12:45:00,2011-10-03 12:41:00,36,111
16775.0,11,1695.66,10.732025316455697,440,2010-12-07 15:15:00,2011-11-29 15:22:00,84,358
16776.0,1,388.28,5.1089473684210525,262,2011-10-10 13:04:00,2011-10-10 13:04:00,61,1
16777.0,2,226.35,4.527,64,2011-03-27 14:34:00,2011-09-20 13:41:00,45,177
16778.0,2,245.94,15.37125,194,2011-03-10 15:21:00,2011-09-26 13:48:00,16,200
16779.0,28,10805.39,31.411017441860462,5414,2010-12-08 09:56:00,2011-12-07 14:54:00,161,365
16780.0,2,425.19,7.0865,271,2011-03-25 17:34:00,2011-08-31 16:09:00,51,159
16781.0,2,327.85,17.25526315789474,115,2010-12-02 14:26:00,2010-12-09 15:18:00,17,8
16782.0,19,2317.55,11.764213197969545,721,2010-12-06 16:10:00,2011-11-29 13:20:00,103,358
16784.0,1,107.6,35.86666666666667,24,2011-11-20 12:20:00,2011-11-20 12:20:00,3,1
16788.0,2,597.48,3.854709677419355,311,2011-03-30 13:05:00,2011-08-08 14:53:00,138,132
16789.0,1,80.8,16.16,32,2011-12-01 15:12:00,2011-12-01 15:12:00,5,1
16790.0,8,1571.1200000000001,16.538105263157895,904,2011-11-02 11:23:00,2011-12-06 11:53:00,88,35
16791.0,8,1737.28,5.39527950310559,767,2011-01-11 15:42:00,2011-11-10 19:12:00,218,304
16792.0,2,110.38000000000001,9.198333333333334,44,2011-03-02 14:39:00,2011-03-02 14:41:00,11,1
16793.0,1,243.84,15.24,146,2011-10-13 15:08:00,2011-10-13 15:08:00,16,1
16794.0,12,1243.91,4.3341811846689895,941,2011-06-12 14:15:00,2011-12-08 17:54:00,142,180
16795.0,1,414.88,6.286060606060606,239,2010-12-09 14:08:00,2010-12-09 14:08:00,64,1
16796.0,1,305.62,16.97888888888889,186,2011-09-11 14:01:00,2011-09-11 14:01:00,18,1
16800.0,1,1201.49,7.326158536585366,540,2011-11-28 14:06:00,2011-11-28 14:06:00,148,1
16801.0,5,2371.63,19.600247933884297,685,2011-03-11 13:56:00,2011-06-29 15:33:00,72,111
16803.0,1,332.3,13.845833333333333,245,2011-10-05 14:28:00,2011-10-05 14:28:00,24,1
16804.0,3,536.99,8.949833333333334,246,2011-03-14 15:48:00,2011-11-16 16:43:00,59,248
16805.0,2,460.59,4.699897959183673,539,2010-12-14 13:35:00,2011-06-19 11:23:00,94,187
16806.0,4,801.49,7.781456310679611,378,2011-04-14 19:59:00,2011-08-28 15:27:00,68,136
16807.0,3,1121.59,16.740149253731342,778,2011-03-14 09:46:00,2011-07-20 12:00:00,57,129
16808.0,2,288.42,12.540000000000001,196,2011-03-10 19:05:00,2011-09-01 19:34:00,21,176
16809.0,6,916.64,6.1109333333333336,653,2011-03-22 13:13:00,2011-11-16 15:45:00,79,240
16810.0,2,343.44,21.465,116,2010-12-14 11:24:00,2011-05-31 15:32:00,16,169
16811.0,2,547.07,19.538214285714286,477,2011-11-22 17:19:00,2011-12-05 11:39:00,26,13
16812.0,1,479.35,31.956666666666667,81,2010-12-14 12:35:00,2010-12-14 12:35:00,15,1
16813.0,10,1692.98,3.7705567928730512,1525,2011-05-19 13:28:00,2011-12-01 14:03:00,248,197
16814.0,22,6517.6,20.05415384615385,2770,2010-12-05 11:45:00,2011-11-25 13:27:00,122,356
16816.0,4,417.06,14.895,274,2010-12-16 17:01:00,2011-08-28 14:16:00,28,255
16817.0,13,1762.55,18.55315789473684,882,2010-12-06 14:19:00,2011-12-07 11:03:00,76,366
16818.0,13,3389.46,17.74586387434555,2167,2011-05-18 11:42:00,2011-11-29 10:41:00,172,195
16820.0,1,497.61,19.138846153846153,307,2011-09-05 12:06:00,2011-09-05 12:06:00,26,1
16823.0,1,358.38,9.431052631578947,136,2011-04-26 15:00:00,2011-04-26 15:00:00,34,1
16824.0,2,460.64,17.716923076923077,236,2011-06-28 13:36:00,2011-11-24 12:38:00,23,149
16825.0,2,775.1800000000001,27.685000000000002,566,2011-06-07 09:44:00,2011-11-01 11:51:00,27,148
16826.0,1,341.7,15.531818181818181,158,2011-10-19 14:05:00,2011-10-19 14:05:00,22,1
16828.0,2,128.5,16.0625,59,2011-08-19 13:24:00,2011-09-07 15:10:00,8,20
16829.0,1,197.22,17.92909090909091,99,2011-07-06 10:48:00,2011-07-06 10:48:00,11,1
16830.0,1,325.91,14.170000000000002,264,2011-11-01 11:35:00,2011-11-01 11:35:00,23,1
16832.0,3,199.15,16.595833333333335,33,2011-05-06 14:12:00,2011-06-08 15:36:00,11,34
16833.0,4,1106.53,23.5431914893617,440,2011-01-09 13:02:00,2011-12-08 14:39:00,46,334
16834.0,1,413.46,17.2275,358,2011-04-26 09:37:00,2011-04-26 09:37:00,24,1
16835.0,2,180.85,18.085,61,2010-12-01 17:15:00,2011-08-03 13:50:00,10,245
16836.0,2,251.87,22.89727272727273,165,2011-08-15 12:38:00,2011-10-31 10:05:00,11,77
16837.0,12,3174.23,19.12186746987952,1564,2011-04-08 08:48:00,2011-11-08 14:27:00,123,215
16838.0,3,594.8000000000001,22.87692307692308,186,2011-02-24 15:01:00,2011-05-26 13:13:00,24,91
16839.0,39,17830.92,59.83530201342281,9480,2010-12-05 11:15:00,2011-12-01 09:03:00,117,361
16841.0,7,1965.02,16.795042735042735,2266,2011-02-25 12:40:00,2011-11-03 11:51:00,101,251
16842.0,4,1267.94,19.8115625,694,2011-02-10 14:51:00,2011-10-06 17:38:00,45,239
16843.0,17,10209.32,26.937519788918205,10164,2011-01-16 16:10:00,2011-10-28 09:06:00,226,285
16846.0,1,214.32,19.483636363636364,135,2011-10-20 13:55:00,2011-10-20 13:55:00,11,1
16847.0,1,193.44,16.12,78,2011-10-27 13:29:00,2011-10-27 13:29:00,12,1
16848.0,1,281.42,20.101428571428574,182,2011-10-18 08:42:00,2011-10-18 08:42:00,14,1
16849.0,1,124.57,15.57125,33,2011-06-06 09:16:00,2011-06-06 09:16:00,8,1
16850.0,1,332.41,17.495263157894737,249,2011-01-10 11:09:00,2011-01-10 11:09:00,19,1
16851.0,3,342.45,17.1225,271,2011-10-19 09:48:00,2011-12-05 13:32:00,17,48
16852.0,2,144.91000000000003,16.101111111111113,56,2011-06-16 15:49:00,2011-11-29 13:22:00,9,166
16855.0,2,328.4,17.28421052631579,164,2011-10-27 16:31:00,2011-11-16 12:03:00,19,20
16856.0,1,35.400000000000006,17.700000000000003,12,2011-11-25 08:59:00,2011-11-25 08:59:00,2,1
16858.0,2,405.49,31.191538461538464,99,2010-12-06 09:52:00,2010-12-08 14:52:00,9,3
16859.0,5,1022.48,14.20111111111111,998,2011-03-23 13:39:00,2011-08-25 14:12:00,50,156
16861.0,3,195.87,24.48375,147,2010-12-06 15:09:00,2011-10-11 09:05:00,8,309
16863.0,4,524.25,18.723214285714285,426,2010-12-08 08:58:00,2011-11-10 15:23:00,25,338
16866.0,3,207.73999999999998,18.885454545454543,60,2011-07-01 12:34:00,2011-07-22 10:06:00,10,21
16869.0,5,845.22,6.552093023255814,589,2011-06-17 13:01:00,2011-11-17 12:02:00,113,153
16871.0,7,2863.19,20.598489208633094,1256,2011-03-14 10:31:00,2011-11-17 19:27:00,131,249
16872.0,3,680.02,97.14571428571428,600,2011-06-08 14:32:00,2011-09-23 16:05:00,5,108
16873.0,10,7180.93,24.847508650519032,3855,2010-12-10 15:45:00,2011-12-05 12:05:00,179,360
16875.0,9,2167.59,17.62268292682927,1094,2011-01-04 10:37:00,2011-10-06 19:20:00,94,276
16877.0,6,853.72,5.369308176100629,463,2011-05-15 16:13:00,2011-11-27 13:47:00,111,196
16878.0,2,26.6,4.433333333333334,24,2011-09-16 17:39:00,2011-11-15 08:52:00,3,60
16880.0,7,1519.08,8.534157303370787,753,2011-06-03 16:45:00,2011-11-09 11:33:00,121,159
16881.0,1,432.0,432.0,600,2011-10-04 10:33:00,2011-10-04 10:33:00,1,1
16882.0,3,705.12,18.080000000000002,424,2011-01-26 17:43:00,2011-10-04 10:42:00,39,251
16883.0,2,276.73,7.282368421052632,104,2010-12-03 10:33:00,2011-06-05 12:51:00,33,185
16884.0,2,429.84000000000003,16.532307692307693,320,2011-11-02 10:16:00,2011-11-02 11:52:00,26,1
16885.0,3,471.51,4.668415841584158,184,2010-12-17 17:23:00,2011-11-24 13:40:00,82,342
16887.0,1,194.88,5.2670270270270265,157,2011-11-04 14:07:00,2011-11-04 14:07:00,35,1
16889.0,3,1578.67,11.693851851851852,925,2011-01-07 10:47:00,2011-05-29 11:05:00,112,143
16891.0,5,809.7,3.9886699507389163,283,2010-12-03 11:35:00,2011-12-08 11:15:00,166,370
16892.0,7,554.24,5.487524752475248,243,2011-01-20 13:19:00,2011-12-08 13:18:00,88,322
16893.0,1,145.93,3.242888888888889,62,2010-12-08 12:06:00,2010-12-08 12:06:00,44,1
16895.0,1,219.14,3.175942028985507,102,2011-10-06 12:15:00,2011-10-06 12:15:00,57,1
16897.0,3,366.53000000000003,8.330227272727273,88,2011-01-30 11:52:00,2011-02-13 15:45:00,37,15
16898.0,4,573.16,3.5163190184049076,452,2010-12-06 12:23:00,2011-11-13 15:44:00,151,343
16899.0,6,1281.56,10.25248,522,2010-12-14 13:11:00,2011-12-02 12:03:00,80,353
16900.0,5,1586.53,19.347926829268292,943,2011-10-07 13:17:00,2011-11-28 10:50:00,79,52
16902.0,1,1706.88,38.79272727272728,629,2011-08-15 14:17:00,2011-08-15 14:17:00,43,1
16903.0,1,373.24,6.220666666666667,262,2011-11-10 15:32:00,2011-11-10 15:32:00,50,1
16904.0,16,3754.27,5.287704225352113,2034,2010-12-07 13:29:00,2011-12-05 13:10:00,387,363
16905.0,8,3119.38,14.925263157894737,1409,2010-12-03 10:43:00,2011-12-04 14:01:00,117,367
16906.0,4,579.77,6.234086021505376,281,2011-04-05 12:30:00,2011-09-19 11:49:00,74,167
16907.0,5,981.65,6.500993377483444,298,2010-12-09 16:52:00,2011-11-10 18:04:00,89,337
16909.0,2,394.14,20.74421052631579,438,2011-09-28 16:45:00,2011-10-06 18:06:00,18,9
16910.0,8,1510.06,2.7606215722120657,886,2011-09-09 14:14:00,2011-12-05 12:51:00,318,87
16912.0,14,2622.09,24.972285714285714,1044,2011-01-20 15:42:00,2011-11-16 15:51:00,89,301
16913.0,1,113.44,14.18,82,2011-02-22 12:56:00,2011-02-22 12:56:00,8,1
16914.0,1,208.46,5.4857894736842105,121,2011-11-03 15:27:00,2011-11-03 15:27:00,25,1
16915.0,6,621.6800000000001,10.906666666666668,132,2011-03-01 09:52:00,2011-11-30 16:39:00,46,275
16916.0,2,576.26,4.029790209790209,440,2010-12-02 13:14:00,2011-11-16 12:08:00,129,349
16917.0,1,391.52,43.50222222222222,232,2011-03-08 11:55:00,2011-03-08 11:55:00,9,1
16918.0,7,1094.3,8.417692307692308,734,2011-01-26 17:37:00,2011-10-21 12:50:00,97,268
16919.0,11,2596.45,7.940214067278287,1413,2010-12-06 12:52:00,2011-07-06 13:35:00,141,213
16921.0,1,169.79,2.829833333333333,171,2011-10-09 16:22:00,2011-10-09 16:22:00,50,1
16923.0,26,7828.39,11.247686781609195,3651,2010-12-12 11:06:00,2011-11-27 13:00:00,316,351
16924.0,4,954.0,10.719101123595506,506,2011-09-16 12:54:00,2011-11-18 12:53:00,69,63
16926.0,1,230.25,16.446428571428573,35,2010-12-03 13:42:00,2010-12-03 13:42:00,14,1
16927.0,3,543.05,90.50833333333333,993,2010-12-13 11:57:00,2011-08-16 11:10:00,5,246
16928.0,19,2913.7,13.679342723004694,2134,2010-12-01 15:21:00,2011-09-20 15:10:00,72,293
16929.0,7,1295.39,16.823246753246753,929,2011-07-07 12:39:00,2011-12-06 08:37:00,51,152
16930.0,3,380.55,7.0472222222222225,341,2011-10-02 14:25:00,2011-11-13 16:13:00,47,43
16931.0,21,4604.22,5.127193763919822,3158,2010-12-05 11:40:00,2011-12-04 13:15:00,448,365
16932.0,1,161.94,3.0554716981132075,87,2011-10-17 14:12:00,2011-10-17 14:12:00,44,1
16933.0,5,596.38,12.171020408163265,295,2011-04-14 12:28:00,2011-12-08 12:54:00,44,239
16934.0,2,950.9300000000001,15.33758064516129,399,2011-10-16 12:25:00,2011-10-16 12:40:00,59,1
16936.0,1,262.68,4.608421052631579,173,2011-11-14 11:04:00,2011-11-14 11:04:00,56,1
16938.0,5,3569.6300000000006,14.750537190082646,4055,2011-02-04 09:34:00,2011-12-01 10:20:00,212,301
16940.0,3,3049.88,9.99960655737705,2169,2011-02-23 12:27:00,2011-10-18 13:15:00,226,238
16942.0,10,1947.07,6.880106007067138,815,2011-04-26 11:59:00,2011-11-27 12:40:00,159,216
16943.0,3,816.73,24.74939393939394,145,2011-01-25 14:00:00,2011-05-12 11:57:00,23,107
16945.0,19,4345.5,17.451807228915662,2725,2010-12-16 17:49:00,2011-11-18 11:39:00,137,337
16947.0,1,406.48,19.356190476190477,312,2011-04-18 09:38:00,2011-04-18 09:38:00,21,1
16948.0,3,435.02,22.89578947368421,1614,2011-01-18 10:58:00,2011-07-24 12:46:00,15,188
16949.0,7,1411.27,23.135573770491803,792,2011-01-27 12:11:00,2011-12-06 11:07:00,57,313
16950.0,3,1178.56,28.06095238095238,644,2010-12-07 15:20:00,2011-10-14 09:06:00,39,311
16951.0,4,1292.75,14.85919540229885,1330,2011-02-08 14:58:00,2011-08-08 13:25:00,73,181
16952.0,2,167.61,10.475625,92,2011-08-22 12:58:00,2011-08-22 13:03:00,16,1
16953.0,1,20.8,20.8,10,2011-11-09 15:54:00,2011-11-09 15:54:00,1,1
16954.0,9,2085.08,38.61259259259259,1054,2010-12-15 10:41:00,2011-12-09 09:46:00,40,359
16955.0,5,543.67,20.910384615384615,286,2010-12-01 13:31:00,2011-06-08 10:36:00,18,189
16956.0,2,325.14,18.063333333333333,116,2011-11-22 08:56:00,2011-11-30 14:28:00,16,9
16957.0,2,416.64,26.04,172,2011-03-03 09:25:00,2011-04-14 13:56:00,15,43
16959.0,1,117.35000000000001,16.764285714285716,49,2011-09-13 15:03:00,2011-09-13 15:03:00,7,1
16960.0,3,507.05,5.02029702970297,304,2011-04-01 11:54:00,2011-11-01 11:35:00,92,214
16961.0,1,234.17,16.72642857142857,125,2011-08-15 13:46:00,2011-08-15 13:46:00,14,1
16963.0,1,110.55000000000001,15.792857142857144,35,2011-06-05 13:48:00,2011-06-05 13:48:00,7,1
16965.0,1,201.19,7.738076923076923,291,2011-04-27 12:08:00,2011-04-27 12:08:00,26,1
16966.0,10,2161.47,69.72483870967741,1984,2011-04-13 14:17:00,2011-12-01 13:40:00,9,232
16967.0,1,319.02,15.19142857142857,333,2011-06-03 14:24:00,2011-06-03 14:24:00,21,1
16968.0,2,439.43,14.175161290322581,326,2011-08-24 10:51:00,2011-12-05 15:02:00,31,104
16969.0,3,650.41,15.48595238095238,816,2011-06-01 12:10:00,2011-10-31 13:12:00,42,153
16971.0,2,482.21,11.481190476190475,73,2011-11-01 15:06:00,2011-12-07 09:15:00,41,36
16976.0,1,251.51999999999998,125.75999999999999,88,2011-03-17 16:33:00,2011-03-17 16:33:00,2,1
16978.0,1,344.33,8.828974358974358,166,2011-09-23 12:50:00,2011-09-23 12:50:00,39,1
16979.0,8,1894.95,20.823626373626375,870,2011-02-15 09:20:00,2011-12-06 12:21:00,64,295
16980.0,2,1078.96,12.401839080459771,788,2011-02-21 12:58:00,2011-03-29 16:36:00,71,37
16982.0,1,384.06,17.457272727272727,182,2011-10-10 12:28:00,2011-10-10 12:28:00,22,1
16983.0,8,1942.3,13.035570469798657,1392,2010-12-05 12:34:00,2011-11-27 12:10:00,112,357
16984.0,5,4570.28,10.933684210526316,2438,2011-08-01 17:37:00,2011-09-22 18:21:00,354,53
16985.0,11,5466.62,45.17867768595041,1834,2010-12-16 10:38:00,2011-11-22 13:33:00,62,342
16986.0,2,1873.2,624.4,1040,2011-11-09 15:52:00,2011-11-10 11:55:00,3,1
16987.0,7,1625.05,12.597286821705426,402,2011-05-18 15:55:00,2011-12-06 17:26:00,74,203
16988.0,1,126.12,18.017142857142858,43,2011-12-04 16:02:00,2011-12-04 16:02:00,7,1
16989.0,6,1133.25,94.4375,1233,2011-07-12 09:11:00,2011-12-02 16:39:00,7,144
16990.0,1,179.0,179.0,100,2011-05-05 08:30:00,2011-05-05 08:30:00,1,1
16992.0,6,1626.76,17.12378947368421,863,2011-02-02 16:31:00,2011-11-29 11:50:00,85,300
16995.0,1,1.25,1.25,1,2010-12-02 17:09:00,2010-12-02 17:09:00,1,1
16996.0,9,1486.46,36.255121951219515,554,2010-12-16 09:48:00,2011-11-09 16:43:00,14,329
16997.0,3,702.0,58.5,360,2011-01-18 11:51:00,2011-02-24 17:28:00,7,38
16998.0,6,302.98,50.49666666666667,79,2011-02-08 15:42:00,2011-07-13 09:49:00,2,155
16999.0,2,484.82,21.07913043478261,294,2011-09-26 15:43:00,2011-11-16 13:53:00,21,51
17001.0,11,3989.57,23.606923076923078,2164,2010-12-16 09:35:00,2011-12-09 09:38:00,75,359
17002.0,4,1499.68,29.9936,680,2011-02-22 11:46:00,2011-09-27 16:48:00,41,218
17004.0,2,1412.94,32.11227272727273,819,2011-09-08 12:16:00,2011-10-24 14:25:00,38,47
17006.0,4,781.78,17.76772727272727,272,2011-09-25 12:15:00,2011-12-05 12:09:00,37,71
17007.0,7,902.4300000000001,17.026981132075473,607,2010-12-17 13:57:00,2011-10-20 10:47:00,50,307
17010.0,2,205.26000000000002,17.105,120,2011-11-21 14:49:00,2011-11-23 11:04:00,11,2
17011.0,1,270.9,18.06,186,2011-11-09 13:30:00,2011-11-09 13:30:00,15,1
17014.0,4,607.08,8.0944,250,2011-10-04 11:36:00,2011-12-01 14:09:00,63,59
17015.0,3,1842.56,8.491059907834101,1981,2011-06-07 13:19:00,2011-11-11 10:45:00,182,157
17017.0,27,8814.41,32.8895895522388,6733,2010-12-02 10:17:00,2011-12-07 09:32:00,88,370
17018.0,2,920.1,57.50625,176,2011-01-18 08:46:00,2011-10-30 11:42:00,15,286
17019.0,4,1272.61,5.4385042735042735,827,2010-12-06 12:55:00,2011-11-28 13:06:00,166,358
17022.0,1,71.0,10.142857142857142,108,2011-11-08 17:09:00,2011-11-08 17:09:00,7,1
17024.0,3,95.85,31.95,69,2011-07-05 09:31:00,2011-10-25 13:47:00,2,113
17025.0,3,357.77,39.75222222222222,235,2010-12-01 15:45:00,2011-10-10 09:06:00,8,313
17026.0,2,154.82999999999998,38.707499999999996,97,2010-12-05 12:47:00,2011-06-07 14:28:00,4,185
17027.0,7,931.99,6.012838709677419,427,2011-01-26 14:19:00,2011-09-22 12:24:00,110,239
17029.0,2,716.0,358.0,400,2011-04-17 10:57:00,2011-08-21 11:06:00,1,127
17030.0,1,146.87,13.351818181818182,146,2011-10-07 08:49:00,2011-10-07 08:49:00,11,1
17031.0,2,380.35,17.288636363636364,235,2011-07-08 09:38:00,2011-11-28 10:23:00,19,144
17033.0,3,1030.14,36.79071428571429,750,2010-12-15 13:21:00,2011-09-14 14:34:00,24,274
17034.0,4,756.47,23.6396875,414,2011-02-25 10:10:00,2011-11-23 15:14:00,28,272
17035.0,3,478.73,14.9603125,257,2011-02-01 12:27:00,2011-04-08 11:23:00,27,66
17037.0,2,1281.42,16.641818181818184,660,2011-09-13 12:49:00,2011-09-22 17:20:00,75,10
17038.0,1,112.4,5.109090909090909,28,2011-11-09 13:50:00,2011-11-09 13:50:00,22,1
17040.0,1,449.73,29.982000000000003,181,2011-07-25 10:19:00,2011-07-25 10:19:00,15,1
17041.0,4,1097.3700000000001,15.455915492957748,955,2010-12-14 11:43:00,2011-11-13 11:21:00,59,334
17042.0,5,1044.3799999999999,10.656938775510202,994,2011-04-06 14:53:00,2011-12-07 12:26:00,74,245
17043.0,4,1735.18,17.01156862745098,998,2011-03-18 14:53:00,2011-11-07 15:33:00,100,235
17044.0,3,999.53,99.953,521,2010-12-15 16:34:00,2011-12-01 08:54:00,8,351
17045.0,3,339.44,15.42909090909091,106,2011-04-06 12:08:00,2011-08-18 17:09:00,20,135
17046.0,1,642.02,29.182727272727274,510,2011-07-05 14:24:00,2011-07-05 14:24:00,22,1
17047.0,3,1100.9,16.93692307692308,533,2011-05-18 16:50:00,2011-09-15 13:27:00,59,120
17048.0,6,986.38,20.549583333333334,496,2011-01-12 16:51:00,2011-08-16 14:51:00,41,216
17049.0,11,5725.18,17.780062111801243,2683,2011-03-09 08:33:00,2011-12-07 10:48:00,201,274
17050.0,6,3228.84,10.217848101265822,1614,2011-02-13 12:41:00,2011-09-04 13:48:00,169,204
17051.0,1,247.14000000000001,5.747441860465116,184,2011-05-29 14:13:00,2011-05-29 14:13:00,40,1
17052.0,1,413.75,4.497282608695652,261,2011-11-11 14:50:00,2011-11-11 14:50:00,72,1
17053.0,2,500.58,35.755714285714284,123,2011-08-01 10:23:00,2011-08-03 10:55:00,13,3
17054.0,6,1358.83,16.176547619047618,806,2011-04-08 13:14:00,2011-11-11 12:56:00,64,217
17058.0,3,1179.89,19.030483870967743,592,2011-04-14 09:18:00,2011-09-19 10:13:00,51,159
17059.0,5,3095.04,5.9981395348837205,1855,2010-12-05 12:35:00,2011-11-10 12:27:00,292,340
17060.0,1,234.24,46.848,216,2011-03-18 13:27:00,2011-03-18 13:27:00,5,1
17061.0,12,5348.33,52.95376237623762,1568,2011-04-21 13:29:00,2011-09-27 11:24:00,57,159
17062.0,5,542.27,7.637605633802816,432,2010-12-05 11:59:00,2011-01-30 11:01:00,53,56
17063.0,11,1500.69,18.30109756097561,777,2011-02-23 13:44:00,2011-12-01 08:46:00,66,281
17064.0,3,859.35,13.860483870967743,318,2011-01-16 16:10:00,2011-10-12 10:18:00,53,269
17065.0,1,112.35,112.35,1,2011-07-19 14:45:00,2011-07-19 14:45:00,1,1
17068.0,22,4572.9400000000005,15.397104377104379,2174,2010-12-06 13:58:00,2011-11-27 13:14:00,116,356
17069.0,13,2764.18,17.949220779220777,1530,2010-12-01 16:49:00,2011-11-11 17:13:00,111,346
17070.0,1,312.14,4.8771875,133,2011-08-17 17:01:00,2011-08-17 17:01:00,62,1
17071.0,14,2472.58,16.706621621621622,1212,2011-02-03 08:18:00,2011-12-01 09:06:00,102,302
17073.0,4,1446.09,8.310862068965516,759,2011-08-22 14:37:00,2011-11-22 11:47:00,142,92
17075.0,5,854.47,10.680875,295,2011-01-26 13:20:00,2011-11-22 11:58:00,62,300
17076.0,3,841.0799999999999,33.6432,295,2010-12-10 10:08:00,2011-11-03 17:53:00,17,329
17078.0,2,378.2,13.507142857142856,788,2011-11-03 18:49:00,2011-11-03 19:17:00,28,1
17079.0,1,118.80000000000001,59.400000000000006,24,2011-09-22 15:34:00,2011-09-22 15:34:00,2,1
17080.0,3,289.74,32.193333333333335,168,2011-03-15 12:05:00,2011-11-17 12:59:00,8,248
17081.0,2,290.16,4.53375,78,2011-10-24 13:08:00,2011-11-14 12:56:00,55,21
17082.0,2,2003.85,24.738888888888887,1049,2011-01-25 14:36:00,2011-11-06 15:17:00,75,286
17083.0,3,1405.78,27.034230769230767,772,2011-02-09 11:38:00,2011-08-22 15:43:00,24,195
17084.0,2,2949.75,18.208333333333332,1816,2011-11-04 14:49:00,2011-11-04 14:54:00,146,1
17085.0,6,1578.25,8.350529100529101,788,2010-12-12 12:24:00,2011-08-08 14:15:00,116,240
17086.0,6,2050.08,21.355,1859,2011-10-07 11:22:00,2011-12-02 13:54:00,76,57
17088.0,4,1991.01,17.313130434782607,868,2011-03-31 09:48:00,2011-11-11 14:23:00,96,226
17090.0,8,2046.05,31.96953125,922,2010-12-20 13:52:00,2011-12-05 13:44:00,45,350
17091.0,10,3852.71,19.458131313131314,1749,2010-12-07 09:55:00,2011-12-07 10:43:00,119,366
17092.0,4,1777.78,14.22224,1131,2011-03-07 14:51:00,2011-10-20 19:51:00,99,228
17094.0,2,333.8,22.253333333333334,156,2011-01-21 13:09:00,2011-01-25 17:24:00,14,5
17095.0,6,1560.12,20.2612987012987,623,2011-01-09 11:05:00,2011-11-17 16:40:00,70,313
17096.0,7,1051.58,20.222692307692306,346,2011-03-23 12:05:00,2011-11-30 15:05:00,46,253
17097.0,9,970.92,4.55830985915493,461,2010-12-09 14:55:00,2011-12-07 17:05:00,153,364
17100.0,2,971.74,14.949846153846154,800,2011-11-21 16:36:00,2011-11-21 16:36:00,65,1
17101.0,4,1621.73,38.61261904761905,815,2011-06-14 14:49:00,2011-11-29 13:57:00,28,168
17102.0,1,25.5,25.5,2,2011-03-23 10:08:00,2011-03-23 10:08:00,1,1
17105.0,2,665.78,7.397555555555555,693,2011-02-06 14:46:00,2011-07-03 15:53:00,80,148
17107.0,7,11250.43,26.72311163895487,5137,2011-03-06 15:17:00,2011-11-07 08:41:00,269,246
17109.0,8,900.4,7.441322314049587,605,2011-04-21 15:46:00,2011-11-10 16:59:00,107,204
17110.0,1,163.29999999999998,13.608333333333333,50,2011-06-27 12:58:00,2011-06-27 12:58:00,12,1
17111.0,1,248.61,8.287,302,2011-10-23 15:59:00,2011-10-23 15:59:00,29,1
17114.0,10,870.02,6.444592592592593,228,2011-01-09 11:39:00,2011-12-04 12:17:00,85,330
17115.0,5,868.1,20.188372093023258,376,2011-04-20 14:46:00,2011-12-01 14:30:00,33,225
17117.0,1,116.19999999999999,12.91111111111111,68,2011-02-24 13:54:00,2011-02-24 13:54:00,9,1
17118.0,1,157.02,15.702000000000002,154,2011-01-26 12:19:00,2011-01-26 12:19:00,10,1
17119.0,3,620.21,16.321315789473687,341,2011-10-11 11:03:00,2011-12-06 14:40:00,35,57
17120.0,1,307.46,17.08111111111111,120,2011-04-20 15:21:00,2011-04-20 15:21:00,18,1
17122.0,1,138.32,19.759999999999998,80,2011-08-12 14:33:00,2011-08-12 14:33:00,7,1
17123.0,1,345.29999999999995,38.36666666666666,246,2011-07-01 10:47:00,2011-07-01 10:47:00,9,1
17124.0,1,298.89,9.3403125,130,2011-06-07 14:02:00,2011-06-07 14:02:00,31,1
17125.0,1,259.35,6.483750000000001,291,2011-10-20 14:41:00,2011-10-20 14:41:00,34,1
17126.0,7,1017.65,3.8841603053435114,794,2010-12-12 11:19:00,2011-07-10 13:52:00,189,211
17128.0,1,157.09,11.220714285714285,76,2011-01-09 12:02:00,2011-01-09 12:02:00,14,1
17131.0,5,2463.17,18.38186567164179,983,2011-09-25 12:42:00,2011-12-04 12:52:00,78,71
17133.0,7,4892.240000000001,181.1940740740741,2730,2011-03-18 13:47:00,2011-11-24 12:27:00,13,251
17134.0,2,425.0,17.708333333333332,102,2011-03-20 11:56:00,2011-08-25 09:53:00,21,158
17135.0,7,1139.73,21.917884615384615,1224,2010-12-03 09:31:00,2011-11-23 16:48:00,34,356
17138.0,1,380.5,15.854166666666666,126,2011-03-09 11:54:00,2011-03-09 11:54:00,24,1
17139.0,15,10751.37,22.076735112936348,5201,2011-02-24 09:32:00,2011-11-24 10:12:00,309,274
17140.0,1,465.32,23.266,302,2011-04-06 13:33:00,2011-04-06 13:33:00,16,1
17142.0,1,579.0,38.6,81,2011-04-14 18:22:00,2011-04-14 18:22:00,15,1
17144.0,2,984.57,20.511875,483,2011-09-16 12:50:00,2011-12-08 17:57:00,42,84
17146.0,3,749.78,21.422285714285714,212,2010-12-16 12:20:00,2011-08-26 12:44:00,33,254
17147.0,6,1749.54,20.582823529411765,886,2011-02-01 09:36:00,2011-11-17 12:32:00,70,290
17148.0,1,124.88,13.875555555555556,82,2011-10-19 09:59:00,2011-10-19 09:59:00,9,1
17152.0,4,1875.5,117.21875,557,2011-03-21 16:20:00,2011-05-29 12:19:00,9,69
17153.0,1,213.78,15.27,104,2011-11-15 13:42:00,2011-11-15 13:42:00,14,1
17154.0,1,329.34,14.319130434782608,490,2011-09-25 13:42:00,2011-09-25 13:42:00,23,1
17155.0,2,251.70000000000002,12.585,242,2011-06-15 10:22:00,2011-11-22 12:38:00,19,161
17157.0,3,331.45,22.096666666666668,175,2011-06-16 15:08:00,2011-12-02 09:10:00,11,169
17158.0,3,1266.97,18.91,778,2010-12-14 13:03:00,2011-11-07 15:15:00,53,329
17159.0,4,1543.03,15.127745098039215,1112,2011-06-21 09:49:00,2011-11-18 10:52:00,96,151
17160.0,6,3518.03,15.362576419213974,2856,2011-04-12 12:00:00,2011-11-08 14:05:00,111,211
17162.0,11,1723.71,16.416285714285713,1002,2011-02-07 12:27:00,2011-11-11 11:34:00,81,277
17163.0,2,293.1,58.620000000000005,66,2011-09-22 15:54:00,2011-11-18 08:57:00,3,57
17164.0,8,2468.3,17.022758620689658,1502,2011-03-11 14:26:00,2011-11-07 09:14:00,92,241
17165.0,1,158.68,15.868,100,2011-02-28 16:39:00,2011-02-28 16:39:00,10,1
17166.0,3,223.19,15.942142857142857,81,2011-05-20 08:18:00,2011-11-01 09:46:00,11,166
17169.0,4,854.68,14.244666666666665,533,2011-06-09 13:16:00,2011-10-20 19:15:00,51,134
17171.0,1,224.91,14.056875,185,2011-02-23 16:37:00,2011-02-23 16:37:00,16,1
17172.0,2,322.26,20.14125,481,2011-09-22 09:36:00,2011-09-26 12:04:00,16,5
17173.0,9,3777.55,43.42011494252874,1123,2011-07-31 15:26:00,2011-12-04 14:40:00,36,126
17174.0,1,59.9,14.975,41,2011-05-06 11:47:00,2011-05-06 11:47:00,4,1
17175.0,5,1456.44,22.756875,867,2011-02-16 14:56:00,2011-10-26 15:31:00,42,253
17176.0,1,306.13,20.408666666666665,170,2011-05-22 12:41:00,2011-05-22 12:41:00,15,1
17179.0,3,711.79,8.897375,290,2010-12-13 14:24:00,2011-06-14 16:48:00,56,184
17180.0,6,811.68,6.196030534351145,686,2011-01-27 18:05:00,2011-10-14 15:46:00,91,260
17181.0,2,239.92000000000002,10.431304347826087,241,2010-12-01 12:38:00,2011-10-13 14:48:00,23,317
17183.0,8,3407.71,44.83828947368421,1328,2011-08-26 15:25:00,2011-12-02 10:07:00,42,98
17186.0,2,144.0,72.0,200,2011-10-10 12:52:00,2011-10-24 10:20:00,1,14
17187.0,1,203.95,20.395,144,2011-04-27 12:39:00,2011-04-27 12:39:00,10,1
17188.0,9,2672.88,30.0323595505618,1355,2010-12-12 12:56:00,2011-11-28 13:53:00,71,352
17189.0,2,384.40000000000003,6.301639344262296,227,2010-12-15 17:28:00,2011-08-25 19:39:00,52,254
17190.0,3,639.74,31.987000000000002,162,2011-05-16 15:29:00,2011-10-12 11:33:00,19,149
17191.0,7,2095.13,8.840210970464135,1167,2010-12-06 14:36:00,2011-11-11 16:58:00,163,341
17193.0,9,1724.14,49.26114285714286,1270,2011-06-16 10:04:00,2011-11-04 12:47:00,17,142
17194.0,2,262.62,9.055862068965517,119,2010-12-14 12:06:00,2011-03-11 12:05:00,26,87
17197.0,1,1013.01,34.93137931034483,191,2011-11-10 10:32:00,2011-11-10 10:32:00,29,1
17198.0,3,692.22,7.210625,357,2010-12-03 14:54:00,2011-11-16 10:39:00,89,348
17201.0,1,342.63,8.56575,268,2011-10-17 11:55:00,2011-10-17 11:55:00,38,1
17203.0,6,3563.85,23.446381578947367,2850,2011-10-10 14:37:00,2011-11-04 12:27:00,116,25
17204.0,9,1776.21,26.510597014925374,703,2010-12-20 12:01:00,2011-06-23 13:54:00,47,186
17205.0,1,384.08,29.544615384615383,884,2011-10-17 12:46:00,2011-10-17 12:46:00,13,1
17206.0,1,204.24,29.177142857142858,76,2011-10-17 13:25:00,2011-10-17 13:25:00,7,1
17211.0,9,2334.77,10.961361502347417,1336,2010-12-05 12:44:00,2011-11-13 12:03:00,150,343
17212.0,1,226.85,56.7125,147,2011-03-31 19:42:00,2011-03-31 19:42:00,4,1
17213.0,11,2821.38,17.203536585365853,1185,2010-12-08 13:03:00,2011-10-30 14:53:00,85,327
17214.0,7,1154.1200000000001,11.097307692307693,277,2010-12-15 15:14:00,2011-10-10 13:17:00,79,299
17217.0,1,113.5,12.61111111111111,24,2011-04-19 17:19:00,2011-04-19 17:19:00,9,1
17218.0,10,1960.72,7.155912408759124,958,2010-12-06 15:25:00,2011-12-05 13:52:00,146,364
17219.0,1,114.23,4.5692,89,2011-11-08 11:25:00,2011-11-08 11:25:00,24,1
17220.0,14,3198.25,6.775953389830509,1905,2010-12-10 14:54:00,2011-11-15 13:47:00,303,340
17221.0,2,335.13,5.319523809523809,288,2011-11-03 17:39:00,2011-12-02 13:35:00,59,29
17222.0,1,354.15,12.648214285714285,128,2011-10-05 13:58:00,2011-10-05 13:58:00,27,1
17223.0,2,426.79,8.71,112,2010-12-06 14:08:00,2011-02-02 15:57:00,43,59
17226.0,1,393.49,18.73761904761905,406,2011-02-04 11:52:00,2011-02-04 11:52:00,21,1
17227.0,6,939.32,19.985531914893617,741,2010-12-06 11:16:00,2011-11-21 10:51:00,28,350
17228.0,8,1906.09,9.16389423076923,1532,2010-12-02 16:00:00,2011-11-24 10:24:00,140,357
17229.0,2,318.76,6.782127659574468,185,2011-07-20 12:38:00,2011-09-04 13:56:00,39,47
17230.0,11,3810.15,52.193835616438356,1749,2010-12-15 11:22:00,2011-03-20 16:12:00,51,96
17231.0,14,3220.82,5.898937728937729,1748,2010-12-13 13:09:00,2011-11-27 15:18:00,294,350
17232.0,2,421.52,11.708888888888888,203,2011-11-25 12:24:00,2011-12-07 12:21:00,30,12
17233.0,1,190.88,7.6352,131,2011-11-04 14:06:00,2011-11-04 14:06:00,25,1
17234.0,1,149.89000000000001,10.706428571428573,55,2011-06-10 11:20:00,2011-06-10 11:20:00,14,1
17235.0,2,550.06,18.96758620689655,224,2010-12-02 13:38:00,2011-11-14 15:51:00,24,348
17236.0,6,916.13,8.725047619047618,474,2010-12-12 11:49:00,2011-11-27 12:00:00,88,351
17237.0,2,314.69,16.562631578947368,105,2011-11-17 12:55:00,2011-11-28 15:02:00,18,12
17238.0,17,3744.65,6.615989399293286,1822,2010-12-03 15:05:00,2011-12-07 11:35:00,297,369
17239.0,2,385.05,24.065625,151,2010-12-22 13:20:00,2011-01-31 09:41:00,15,40
17242.0,2,1135.04,28.375999999999998,611,2011-06-12 13:04:00,2011-08-23 14:55:00,30,73
17243.0,30,8725.15,21.437714987714987,3378,2010-12-05 10:03:00,2011-12-08 13:26:00,180,369
17244.0,1,954.9,30.80322580645161,616,2011-10-17 15:19:00,2011-10-17 15:19:00,31,1
17245.0,1,171.45,19.049999999999997,75,2011-05-19 10:43:00,2011-05-19 10:43:00,9,1
17247.0,1,282.19,5.130727272727273,106,2011-11-24 15:21:00,2011-11-24 15:21:00,53,1
17248.0,1,318.65,4.618115942028985,213,2011-08-11 13:34:00,2011-08-11 13:34:00,68,1
17250.0,2,384.52,6.7459649122807015,168,2011-03-23 16:45:00,2011-12-06 12:15:00,55,258
17251.0,1,283.28000000000003,7.263589743589744,110,2010-12-12 11:06:00,2010-12-12 11:06:00,37,1
17252.0,2,353.86,4.067356321839081,193,2011-06-06 16:41:00,2011-08-15 09:45:00,86,70
17253.0,1,178.26,9.903333333333332,43,2011-11-21 12:59:00,2011-11-21 12:59:00,18,1
17254.0,2,272.44,2.4325,252,2011-11-24 14:09:00,2011-12-05 12:46:00,100,11
17255.0,2,298.41,3.825769230769231,232,2011-02-13 15:18:00,2011-10-30 12:18:00,69,259
17256.0,2,240.0,15.0,141,2011-01-31 14:53:00,2011-08-24 13:30:00,12,205
17259.0,2,603.37,4.865887096774194,410,2010-12-06 12:55:00,2011-07-14 15:01:00,104,221
17262.0,5,1253.3600000000001,104.44666666666667,367,2010-12-08 13:30:00,2011-10-18 12:56:00,9,314
17263.0,1,63.440000000000005,2.7582608695652175,36,2011-05-15 14:32:00,2011-05-15 14:32:00,23,1
17265.0,2,562.9,4.432283464566929,394,2011-06-12 12:00:00,2011-07-24 10:49:00,106,42
17266.0,3,310.64,3.883,161,2011-07-15 11:57:00,2011-12-07 14:12:00,60,146
17267.0,2,317.62,8.358421052631579,159,2011-08-04 17:19:00,2011-08-04 17:22:00,37,1
17268.0,4,763.64,127.27333333333333,844,2011-04-08 13:20:00,2011-08-24 10:06:00,3,138
17272.0,5,2152.73,18.55801724137931,1780,2011-03-22 12:05:00,2011-10-28 16:37:00,70,221
17274.0,1,111.97999999999999,4.147407407407407,79,2011-11-04 13:16:00,2011-11-04 13:16:00,24,1
17277.0,2,1065.3500000000001,15.43985507246377,430,2011-01-21 12:37:00,2011-04-26 12:47:00,67,96
17278.0,1,246.04,16.402666666666665,179,2011-04-12 13:10:00,2011-04-12 13:10:00,15,1
17279.0,1,187.82999999999998,20.869999999999997,48,2011-10-13 11:58:00,2011-10-13 11:58:00,8,1
17282.0,3,1703.41,18.121382978723407,1877,2011-02-13 11:36:00,2011-08-01 14:29:00,79,170
17284.0,7,1663.48,5.658095238095238,1366,2011-01-07 14:31:00,2011-10-10 14:38:00,229,277
17286.0,1,153.92,3.420444444444444,118,2011-11-18 12:47:00,2011-11-18 12:47:00,44,1
17287.0,7,1064.11,8.581532258064515,559,2010-12-02 12:22:00,2011-11-13 13:27:00,88,347
17288.0,7,1419.73,9.998098591549295,1203,2010-12-16 13:33:00,2011-11-30 16:09:00,118,350
17289.0,4,952.66,8.505892857142857,521,2011-06-12 13:51:00,2011-11-08 12:01:00,86,149
17290.0,2,525.24,5.149411764705882,404,2011-11-23 15:53:00,2011-12-06 12:38:00,92,13
17291.0,1,550.8000000000001,550.8000000000001,72,2011-02-04 13:04:00,2011-02-04 13:04:00,1,1
17293.0,9,1875.1100000000001,13.889703703703704,1140,2010-12-13 14:55:00,2011-12-01 14:37:00,93,353
17295.0,3,556.95,8.071739130434784,294,2011-10-06 12:22:00,2011-11-11 10:49:00,53,36
17297.0,1,131.78,2.583921568627451,67,2011-11-22 14:43:00,2011-11-22 14:43:00,49,1
17298.0,2,498.42,16.614,387,2011-08-07 12:21:00,2011-08-30 16:43:00,30,24
17299.0,4,669.11,11.738771929824562,678,2011-06-19 16:04:00,2011-11-28 12:01:00,50,162
17301.0,1,197.63,2.994393939393939,149,2011-11-18 13:43:00,2011-11-18 13:43:00,59,1
17302.0,6,1151.33,14.213950617283949,577,2011-02-07 10:14:00,2011-11-25 09:36:00,68,291
17303.0,1,250.04,4.717735849056604,144,2010-12-13 13:32:00,2010-12-13 13:32:00,53,1
17306.0,21,8661.89,125.53463768115941,11512,2010-12-21 13:34:00,2011-11-29 12:14:00,13,343
17307.0,1,152.64000000000001,152.64000000000001,144,2010-12-09 15:24:00,2010-12-09 15:24:00,1,1
17309.0,1,82.75,6.895833333333333,41,2011-09-05 15:20:00,2011-09-05 15:20:00,11,1
17311.0,2,1384.85,25.179090909090906,1005,2011-01-27 10:56:00,2011-09-22 14:11:00,55,239
17312.0,3,644.3,46.021428571428565,372,2011-07-03 13:12:00,2011-07-24 11:52:00,11,21
17313.0,2,2369.55,84.62678571428572,1422,2011-11-08 15:45:00,2011-11-22 09:23:00,24,14
17314.0,11,2541.08,18.68441176470588,1908,2011-01-31 11:25:00,2011-11-15 09:41:00,120,288
17315.0,43,6380.06,13.100739219712526,3920,2010-12-17 12:19:00,2011-12-09 11:58:00,259,357
17317.0,5,2676.66,243.33272727272725,1218,2011-09-11 12:45:00,2011-10-24 17:26:00,8,44
17320.0,3,1200.6200000000001,16.446849315068494,634,2010-12-06 15:38:00,2011-08-31 13:31:00,57,268
17321.0,2,700.86,6.550093457943925,373,2011-10-03 11:34:00,2011-12-01 13:41:00,94,60
17323.0,9,933.15,4.574264705882353,782,2011-02-20 14:38:00,2011-11-24 17:29:00,125,278
17324.0,4,990.23,19.8046,844,2010-12-08 12:45:00,2011-11-22 10:34:00,43,349
17325.0,1,96.8,16.133333333333333,60,2011-03-04 13:09:00,2011-03-04 13:09:00,6,1
17329.0,2,523.11,15.851818181818182,142,2011-01-28 15:29:00,2011-11-25 14:24:00,29,301
17330.0,2,363.9,60.65,120,2011-10-03 11:26:00,2011-11-17 08:56:00,5,45
17331.0,1,175.2,175.2,16,2011-08-08 11:55:00,2011-08-08 11:55:00,1,1
17333.0,1,494.25,17.651785714285715,375,2011-09-15 10:11:00,2011-09-15 10:11:00,28,1
17334.0,3,307.44,25.62,316,2011-02-04 09:03:00,2011-02-11 16:34:00,11,8
17337.0,7,2111.42,3.852956204379562,1298,2011-02-02 17:06:00,2011-07-11 14:56:00,421,159
17338.0,10,6675.68,8.818599735799207,3133,2010-12-13 12:57:00,2011-11-22 14:23:00,390,345
17339.0,2,243.36,27.040000000000003,152,2010-12-09 14:44:00,2011-09-06 13:29:00,9,271
17340.0,16,12815.4,30.224999999999998,6032,2010-12-08 15:56:00,2011-11-30 17:12:00,231,358
17341.0,3,781.36,4.2697267759562845,489,2010-12-08 12:46:00,2011-07-06 12:33:00,147,210
17343.0,1,193.64,11.390588235294118,56,2010-12-19 15:07:00,2010-12-19 15:07:00,17,1
17344.0,1,160.57,5.0178125,66,2011-10-24 12:56:00,2011-10-24 12:56:00,31,1
17345.0,4,537.74,6.180919540229885,346,2011-05-27 12:26:00,2011-11-24 15:03:00,70,182
17346.0,16,2741.54,5.450377733598409,1675,2010-12-01 14:34:00,2011-12-06 12:18:00,299,370
17347.0,1,228.96,228.96,216,2011-09-14 13:12:00,2011-09-14 13:12:00,1,1
17348.0,5,1159.52,5.393116279069767,1401,2011-02-15 10:49:00,2011-11-25 11:25:00,180,284
17349.0,1,110.75,12.305555555555555,112,2011-06-13 14:29:00,2011-06-13 14:29:00,8,1
17350.0,5,1315.95,18.277083333333334,831,2011-10-19 16:05:00,2011-12-01 15:47:00,66,43
17351.0,3,587.15,21.746296296296297,113,2011-03-11 16:05:00,2011-11-03 18:45:00,22,238
17353.0,2,1740.0,217.5,1200,2011-07-08 16:17:00,2011-08-02 17:19:00,5,26
17354.0,1,1393.06,87.06625,1006,2011-10-20 10:34:00,2011-10-20 10:34:00,15,1
17356.0,1,178.22,9.38,166,2011-02-01 11:07:00,2011-02-01 11:07:00,19,1
17357.0,2,388.14,8.625333333333334,153,2011-11-15 16:29:00,2011-11-15 16:30:00,41,1
17358.0,2,365.85,6.200847457627119,202,2010-12-19 14:16:00,2011-02-09 16:57:00,55,53
17359.0,1,127.86,8.524,161,2011-11-28 14:37:00,2011-11-28 14:37:00,13,1
17360.0,3,585.79,4.43780303030303,335,2011-06-08 17:09:00,2011-11-22 13:11:00,113,167
17361.0,3,488.2,16.834482758620688,157,2011-02-21 09:55:00,2011-10-21 15:43:00,26,243
17362.0,2,312.23,8.920857142857143,191,2011-02-03 10:26:00,2011-04-14 14:43:00,30,71
17364.0,12,4506.63,10.885579710144928,2722,2011-01-12 16:57:00,2011-12-09 09:00:00,288,331
17365.0,8,4801.56,10.259743589743591,4777,2011-01-11 12:11:00,2011-11-27 12:13:00,278,321
17367.0,1,168.4,4.952941176470588,150,2011-04-15 14:21:00,2011-04-15 14:21:00,33,1
17368.0,9,2475.82,19.34234375,2102,2011-01-06 11:57:00,2011-11-16 15:26:00,93,315
17370.0,4,446.18,13.520606060606061,540,2011-06-23 11:50:00,2011-09-28 10:14:00,31,97
17371.0,3,423.89,4.872298850574713,152,2010-12-13 15:20:00,2011-11-22 13:30:00,83,344
17372.0,8,1342.68,5.30703557312253,749,2010-12-12 12:00:00,2011-10-30 11:37:00,215,322
17373.0,4,646.92,11.349473684210526,408,2011-01-31 11:46:00,2011-10-30 15:28:00,47,273
17374.0,2,495.77,17.706071428571427,85,2011-03-03 12:53:00,2011-05-05 09:05:00,24,63
17375.0,4,427.7,6.023943661971831,373,2010-12-13 15:16:00,2011-06-02 17:30:00,65,172
17376.0,2,203.2,8.466666666666667,86,2011-02-01 14:12:00,2011-09-30 12:36:00,23,241
17377.0,21,4275.92,10.205059665871122,2077,2010-12-01 12:35:00,2011-11-16 11:17:00,191,350
17379.0,1,404.66,4.875421686746988,663,2011-11-28 13:56:00,2011-11-28 13:56:00,71,1
17381.0,30,20278.79,184.35263636363638,25652,2010-12-02 12:58:00,2011-12-01 11:59:00,40,364
17382.0,1,65.4,32.7,25,2011-10-05 13:05:00,2011-10-05 13:05:00,2,1
17383.0,1,199.29,3.9076470588235295,150,2011-12-05 17:36:00,2011-12-05 17:36:00,49,1
17384.0,2,336.4,22.426666666666666,88,2011-05-04 16:07:00,2011-11-20 15:48:00,12,200
17385.0,1,261.11,5.555531914893617,201,2011-11-25 11:02:00,2011-11-25 11:02:00,42,1
17386.0,6,2686.42,95.94357142857143,1902,2011-06-27 12:11:00,2011-12-02 11:28:00,23,158
17387.0,2,784.11,10.052692307692308,542,2011-11-06 11:25:00,2011-11-20 11:00:00,71,14
17388.0,4,1259.56,83.97066666666666,1068,2011-02-25 12:28:00,2011-09-23 10:31:00,13,210
17389.0,43,32367.28,144.49678571428572,7794,2011-01-04 17:12:00,2011-12-09 09:38:00,48,339
17391.0,2,508.8,169.6,480,2011-06-28 12:21:00,2011-06-29 09:58:00,2,1
17392.0,2,457.91,7.385645161290323,320,2010-12-16 19:04:00,2011-02-06 12:48:00,53,52
17394.0,1,203.86999999999998,50.967499999999994,241,2011-05-04 13:22:00,2011-05-04 13:22:00,4,1
17396.0,8,7330.8,271.5111111111111,2005,2010-12-03 09:45:00,2011-10-31 14:12:00,24,333
17397.0,2,696.41,7.569673913043478,254,2011-11-17 13:58:00,2011-11-17 14:08:00,88,1
17398.0,3,653.38,17.19421052631579,310,2011-03-29 13:04:00,2011-08-17 09:48:00,30,141
17400.0,5,2129.96,9.99981220657277,1097,2010-12-21 17:16:00,2011-08-05 15:38:00,175,227
17402.0,13,2633.85,44.641525423728815,701,2010-12-05 13:53:00,2011-12-05 10:15:00,33,365
17403.0,1,281.62,8.533939393939393,117,2011-11-03 15:18:00,2011-11-03 15:18:00,32,1
17404.0,18,33512.82,166.73044776119403,33172,2010-12-14 13:27:00,2011-12-05 16:26:00,111,357
17405.0,5,1095.6000000000001,11.655319148936172,747,2011-07-12 14:17:00,2011-12-08 17:12:00,77,150
17406.0,5,2472.12,21.311379310344826,790,2010-12-08 10:35:00,2011-01-13 12:52:00,99,37
17408.0,1,32.65,16.325,3,2011-06-29 12:53:00,2011-06-29 12:53:00,2,1
17409.0,2,771.85,59.37307692307692,105,2011-04-05 16:42:00,2011-06-08 10:36:00,13,64
17410.0,5,1214.72,18.98,616,2011-05-08 15:21:00,2011-11-23 15:46:00,57,200
17411.0,4,808.94,18.812558139534886,314,2010-12-09 11:42:00,2011-11-27 14:25:00,41,354
17412.0,7,1258.06,19.061515151515152,738,2010-12-02 16:29:00,2011-12-07 11:36:00,48,370
17414.0,2,778.0,129.66666666666666,2100,2011-06-08 11:43:00,2011-10-27 12:13:00,5,142
17415.0,1,507.84,36.27428571428571,114,2011-09-21 12:50:00,2011-09-21 12:50:00,14,1
17416.0,9,6948.5,25.64022140221402,4338,2011-03-03 13:45:00,2011-11-10 12:47:00,186,252
17418.0,2,463.46000000000004,15.448666666666668,289,2011-01-20 11:39:00,2011-10-28 13:00:00,29,282
17419.0,14,4252.17,20.443125000000002,1880,2010-12-07 15:03:00,2011-11-28 13:47:00,155,356
17420.0,3,598.83,19.961000000000002,265,2010-12-01 09:56:00,2011-10-20 14:52:00,28,324
17422.0,10,2105.61,15.597111111111111,2311,2011-02-16 14:44:00,2011-11-23 13:27:00,93,280
17423.0,4,733.19,26.185357142857146,497,2011-05-06 09:14:00,2011-10-25 16:49:00,26,173
17425.0,2,759.17,17.655116279069766,407,2011-10-10 11:37:00,2011-11-20 15:30:00,42,42
17426.0,7,5052.26,18.574485294117647,3106,2011-03-02 16:34:00,2011-12-05 16:12:00,179,278
17427.0,1,100.8,50.4,34,2011-09-29 11:29:00,2011-09-29 11:29:00,2,1
17428.0,33,17435.25,50.83163265306123,9513,2010-12-06 09:37:00,2011-12-09 09:45:00,255,369
17429.0,4,537.72,12.802857142857144,632,2011-05-05 09:53:00,2011-08-11 10:13:00,36,99
17430.0,2,265.76,18.982857142857142,190,2010-12-09 13:05:00,2011-11-07 09:24:00,14,333
17431.0,1,403.3,9.37906976744186,292,2011-01-30 14:36:00,2011-01-30 14:36:00,41,1
17432.0,2,365.76,7.62,207,2011-11-02 17:30:00,2011-11-21 17:33:00,44,20
17433.0,1,303.15999999999997,5.6140740740740736,185,2011-09-12 14:24:00,2011-09-12 14:24:00,53,1
17434.0,9,2414.2200000000003,17.49434782608696,1701,2011-09-15 13:54:00,2011-12-07 13:16:00,100,83
17436.0,2,216.29999999999998,24.03333333333333,90,2011-04-27 11:33:00,2011-12-08 12:30:00,7,226
17438.0,2,398.6,20.978947368421053,106,2011-03-31 10:26:00,2011-04-06 17:16:00,17,7
17440.0,5,195.74,24.4675,260,2011-04-06 12:05:00,2011-07-15 10:36:00,3,100
17442.0,10,2286.86,16.334714285714288,1502,2010-12-09 15:13:00,2011-11-10 14:54:00,97,336
17443.0,1,534.24,534.24,504,2011-05-04 10:47:00,2011-05-04 10:47:00,1,1
17444.0,3,2940.04,21.778074074074073,2119,2011-06-20 09:04:00,2011-07-15 12:05:00,132,26
17446.0,2,120.9,13.433333333333334,198,2011-02-02 14:40:00,2011-06-16 10:42:00,6,134
17447.0,2,541.53,15.042499999999999,443,2011-09-29 10:10:00,2011-10-30 14:18:00,33,32
17448.0,1,4287.63,4287.63,1,2011-07-18 12:26:00,2011-07-18 12:26:00,1,1
17449.0,8,2536.86,9.092688172043012,1129,2010-12-15 10:57:00,2011-12-07 16:56:00,178,358
17450.0,55,201619.41,574.4142735042735,70957,2010-12-07 09:23:00,2011-12-01 13:29:00,127,360
17451.0,10,1793.8500000000001,16.764953271028038,1228,2011-08-26 11:54:00,2011-12-08 15:02:00,83,105
17453.0,2,486.71999999999997,25.616842105263157,219,2011-10-06 17:02:00,2011-11-22 09:42:00,19,47
17454.0,4,517.53,8.484098360655738,243,2010-12-15 10:54:00,2011-05-31 13:58:00,57,168
17455.0,1,131.7,16.4625,66,2011-05-20 12:31:00,2011-05-20 12:31:00,8,1
17456.0,1,249.86,14.69764705882353,222,2010-12-09 15:23:00,2010-12-09 15:23:00,17,1
17457.0,5,1737.7,91.4578947368421,826,2011-01-04 14:33:00,2011-08-05 12:48:00,14,213
17458.0,1,316.5,5.861111111111111,170,2011-11-24 13:01:00,2011-11-24 13:01:00,52,1
17459.0,2,657.3,5.921621621621621,537,2011-10-10 17:00:00,2011-10-27 13:25:00,88,17
17460.0,8,792.23,21.411621621621624,296,2010-12-01 16:24:00,2011-09-22 10:58:00,18,295
17461.0,3,757.46,6.823963963963965,799,2011-11-10 12:01:00,2011-11-17 10:21:00,104,7
17462.0,3,688.44,24.587142857142858,230,2011-02-28 17:01:00,2011-10-19 13:36:00,25,233
17463.0,6,1911.46,8.72812785388128,1100,2011-01-30 15:48:00,2011-11-23 13:40:00,162,297
17464.0,1,289.96000000000004,32.21777777777778,220,2011-07-04 13:19:00,2011-07-04 13:19:00,9,1
17466.0,2,763.28,18.61658536585366,306,2011-09-22 09:16:00,2011-11-29 13:15:00,41,69
17468.0,2,137.0,27.4,116,2011-11-25 12:52:00,2011-11-29 15:33:00,5,5
17469.0,6,1898.88,21.098666666666666,796,2011-05-19 08:55:00,2011-11-23 13:15:00,61,189
17470.0,5,1125.07,14.423974358974359,1675,2010-12-07 09:57:00,2011-10-26 12:42:00,67,324
17472.0,3,710.29,3.9242541436464085,462,2011-02-13 14:40:00,2011-06-01 14:57:00,142,109
17475.0,1,194.37,13.883571428571429,178,2011-09-21 14:55:00,2011-09-21 14:55:00,14,1
17480.0,2,517.13,16.681612903225805,340,2011-09-23 11:39:00,2011-09-27 10:21:00,29,4
17481.0,5,1261.84,15.202891566265059,1062,2011-09-07 09:57:00,2011-12-06 12:28:00,69,91
17483.0,3,414.04,19.716190476190476,191,2011-06-09 19:40:00,2011-10-05 13:10:00,18,118
17486.0,1,396.87,16.53625,191,2011-03-23 14:00:00,2011-03-23 14:00:00,24,1
17489.0,2,376.64,12.987586206896552,428,2011-05-11 11:34:00,2011-10-12 08:56:00,28,154
17490.0,11,2257.7599999999998,26.25302325581395,1247,2011-06-16 09:15:00,2011-12-09 09:08:00,64,176
17491.0,11,3575.82,32.50745454545455,2014,2010-12-07 12:18:00,2011-12-08 16:18:00,72,367
17492.0,1,374.57,31.214166666666667,155,2011-04-05 15:21:00,2011-04-05 15:21:00,12,1
17495.0,2,497.56,18.42814814814815,229,2011-11-01 12:06:00,2011-12-02 12:08:00,21,32
17496.0,1,271.05,27.105,79,2010-12-16 08:39:00,2010-12-16 08:39:00,10,1
17498.0,1,272.22,16.01294117647059,394,2011-09-25 12:25:00,2011-09-25 12:25:00,17,1
17499.0,1,622.88,15.572,711,2011-02-23 09:14:00,2011-02-23 09:14:00,40,1
17500.0,3,1138.0,227.6,17,2011-11-10 09:08:00,2011-11-22 14:25:00,3,13
17501.0,2,288.6,16.033333333333335,160,2011-05-03 09:46:00,2011-05-03 09:47:00,18,1
17502.0,4,689.1,24.610714285714288,376,2011-11-10 16:39:00,2011-11-30 13:13:00,25,20
17503.0,2,558.96,14.709473684210527,486,2011-11-01 11:12:00,2011-12-07 09:18:00,36,36
17504.0,10,3248.7799999999997,23.205571428571428,1872,2011-01-21 11:09:00,2011-05-17 12:59:00,112,117
17505.0,2,1145.84,22.035384615384615,556,2011-05-18 09:01:00,2011-07-01 12:50:00,48,45
17506.0,2,310.11,19.381875,142,2011-09-25 11:39:00,2011-09-30 12:54:00,14,6
17507.0,2,605.58,6.881590909090909,359,2011-02-03 18:08:00,2011-03-23 11:48:00,79,48
17508.0,1,387.31,17.605,289,2011-03-04 08:10:00,2011-03-04 08:10:00,22,1
17509.0,11,6129.54,16.61121951219512,3538,2011-10-07 13:14:00,2011-10-13 12:16:00,75,6
17510.0,1,308.48,15.424000000000001,214,2011-11-15 10:00:00,2011-11-15 10:00:00,20,1
17511.0,46,93999.38,87.3600185873606,66086,2010-12-01 10:19:00,2011-12-07 10:12:00,467,371
17512.0,11,2929.94,27.640943396226415,2754,2011-02-11 12:22:00,2011-11-11 12:11:00,61,273
17513.0,1,513.2,85.53333333333335,254,2011-09-28 16:42:00,2011-09-28 16:42:00,6,1
17514.0,1,208.65,5.2162500000000005,135,2011-08-03 15:45:00,2011-08-03 15:45:00,40,1
17515.0,4,639.02,7.345057471264368,243,2011-01-25 14:33:00,2011-11-08 14:04:00,49,287
17516.0,5,768.08,5.606423357664234,416,2011-02-27 12:41:00,2011-11-24 16:51:00,113,271
17517.0,1,153.94,13.994545454545454,102,2011-02-04 11:48:00,2011-02-04 11:48:00,11,1
17519.0,7,1848.97,22.276746987951807,1239,2010-12-06 15:18:00,2011-11-22 16:43:00,60,352
17520.0,1,546.81,18.226999999999997,365,2011-10-17 12:04:00,2011-10-17 12:04:00,30,1
17521.0,4,724.4599999999999,15.749130434782607,520,2011-05-24 15:14:00,2011-11-15 14:00:00,38,175
17522.0,5,1070.71,14.667260273972603,1034,2011-05-05 16:31:00,2011-12-08 12:31:00,59,217
17523.0,4,652.74,19.78,872,2011-11-20 13:40:00,2011-11-28 13:20:00,25,8
17524.0,1,145.0,24.166666666666668,90,2010-12-13 14:32:00,2010-12-13 14:32:00,6,1
17525.0,1,422.70000000000005,46.96666666666667,82,2010-12-15 12:05:00,2010-12-15 12:05:00,9,1
17526.0,8,1685.1,73.26521739130435,363,2010-12-09 12:20:00,2011-12-08 18:56:00,17,365
17527.0,6,989.88,20.201632653061225,513,2011-05-05 13:43:00,2011-10-17 12:32:00,45,165
17528.0,11,3716.9,14.295769230769231,2146,2011-09-29 13:04:00,2011-12-08 13:27:00,183,71
17530.0,10,2385.0,6.053299492385787,1526,2010-12-09 20:01:00,2011-12-08 18:42:00,306,364
17531.0,2,299.95,19.996666666666666,137,2011-06-02 19:17:00,2011-08-11 10:19:00,15,70
17534.0,1,223.36,24.817777777777778,103,2011-10-17 12:47:00,2011-10-17 12:47:00,9,1
17535.0,1,164.4,12.646153846153847,136,2011-03-04 15:20:00,2011-03-04 15:20:00,13,1
17536.0,1,76.5,25.5,6,2011-06-15 13:23:00,2011-06-15 13:23:00,3,1
17537.0,2,897.62,11.968266666666667,700,2011-02-09 13:37:00,2011-11-10 10:56:00,74,274
17538.0,1,98.42,10.935555555555556,134,2011-11-14 12:12:00,2011-11-14 12:12:00,9,1
17540.0,3,587.4,22.592307692307692,195,2011-01-27 14:35:00,2011-12-01 09:00:00,20,308
17542.0,1,170.75,6.83,134,2011-03-15 11:45:00,2011-03-15 11:45:00,24,1
17545.0,3,645.96,4.454896551724138,341,2011-10-27 13:48:00,2011-10-27 14:04:00,122,1
17547.0,1,11.8,5.9,4,2010-12-02 14:29:00,2010-12-02 14:29:00,2,1
17548.0,3,348.08,20.475294117647056,248,2010-12-01 10:24:00,2011-05-06 10:00:00,12,156
17549.0,2,148.86,24.810000000000002,210,2011-10-19 10:05:00,2011-11-16 09:59:00,5,28
17550.0,3,267.16,6.360952380952382,86,2011-04-10 15:19:00,2011-05-26 14:09:00,42,46
17551.0,1,306.84,7.1358139534883716,150,2010-12-15 14:12:00,2010-12-15 14:12:00,39,1
17552.0,6,950.86,18.644313725490196,730,2010-12-02 18:45:00,2011-10-28 12:14:00,45,330
17553.0,1,1487.6,743.8,1048,2011-08-02 10:00:00,2011-08-02 10:00:00,2,1
17554.0,5,1952.45,22.18693181818182,1763,2011-07-14 20:01:00,2011-12-08 14:15:00,58,147
17555.0,2,483.26,4.559056603773585,349,2011-01-09 12:31:00,2011-11-20 12:22:00,101,315
17556.0,1,157.9,26.316666666666666,101,2011-05-18 10:48:00,2011-05-18 10:48:00,6,1
17557.0,3,541.46,15.92529411764706,306,2011-09-19 14:23:00,2011-11-25 12:57:00,27,67
17560.0,5,865.35,32.050000000000004,651,2011-02-02 11:14:00,2011-09-06 09:18:00,22,216
17561.0,1,167.62,3.643913043478261,146,2011-11-20 12:53:00,2011-11-20 12:53:00,44,1
17562.0,8,1137.38,17.7715625,821,2011-06-19 13:06:00,2011-11-25 14:21:00,48,160
17564.0,3,454.01,9.265510204081632,146,2011-09-20 14:00:00,2011-11-15 13:27:00,38,56
17566.0,2,901.21,5.929013157894737,518,2011-11-14 13:42:00,2011-12-01 19:54:00,113,18
17567.0,10,4650.4,26.273446327683615,2836,2010-12-02 15:18:00,2011-12-02 15:48:00,110,366
17569.0,1,344.14,11.866896551724137,159,2011-01-11 14:15:00,2011-01-11 14:15:00,29,1
17571.0,4,1498.51,5.0117391304347825,905,2011-02-14 15:15:00,2011-10-20 15:57:00,247,249
17572.0,4,226.75000000000003,18.895833333333336,95,2010-12-01 12:51:00,2011-09-29 17:53:00,7,303
17573.0,4,398.3,15.319230769230769,314,2011-09-07 10:36:00,2011-11-10 13:01:00,24,65
17574.0,1,185.65,23.20625,77,2011-04-11 09:47:00,2011-04-11 09:47:00,8,1
17576.0,22,3787.58,9.082925659472421,2034,2010-12-09 16:57:00,2011-12-01 18:12:00,245,358
17578.0,2,162.18,27.03,186,2011-05-05 18:38:00,2011-06-02 11:42:00,5,28
17579.0,4,457.6,8.8,260,2011-06-13 14:12:00,2011-12-05 12:28:00,46,175
17580.0,3,215.72,4.793777777777778,88,2010-12-16 15:27:00,2011-04-01 12:41:00,43,106
17581.0,31,11353.97,25.119402654867255,5993,2010-12-02 14:47:00,2011-12-09 12:21:00,231,372
17582.0,1,175.27,6.043793103448277,123,2011-04-17 13:18:00,2011-04-17 13:18:00,28,1
17584.0,3,1257.3,34.925,470,2011-08-04 14:12:00,2011-12-02 17:12:00,30,121
17585.0,4,1133.07,5.294719626168224,1671,2011-01-05 15:09:00,2011-08-22 13:30:00,176,229
17588.0,3,1240.2,53.92173913043479,676,2011-04-21 10:31:00,2011-08-31 13:37:00,19,133
17589.0,4,2404.17,9.502648221343874,1631,2011-04-13 13:47:00,2011-10-10 16:58:00,172,181
17590.0,3,1479.22,7.359303482587065,828,2011-10-30 14:05:00,2011-12-07 12:55:00,162,38
17591.0,8,2236.92,13.394730538922156,1010,2010-12-07 15:39:00,2011-09-27 13:42:00,81,294
17593.0,6,3943.12,18.340093023255815,3107,2010-12-22 10:29:00,2011-12-06 10:30:00,190,350
17594.0,2,993.18,19.863599999999998,550,2011-03-30 10:32:00,2011-09-15 16:34:00,42,170
17595.0,2,388.79,4.68421686746988,229,2011-11-02 16:19:00,2011-11-27 16:08:00,68,25
17596.0,7,2827.93,10.473814814814814,4400,2010-12-06 12:34:00,2011-11-16 14:11:00,168,346
17597.0,1,2044.3700000000001,37.17036363636364,1176,2011-05-10 11:54:00,2011-05-10 11:54:00,55,1
17600.0,1,161.67000000000002,12.436153846153847,144,2011-11-22 09:43:00,2011-11-22 09:43:00,13,1
17601.0,1,116.00999999999999,12.889999999999999,103,2011-04-14 18:02:00,2011-04-14 18:02:00,9,1
17602.0,8,5155.17,9.124194690265487,4167,2011-01-19 16:18:00,2011-12-07 13:53:00,335,322
17603.0,5,1954.74,130.316,179,2011-03-17 14:39:00,2011-10-20 19:19:00,12,218
17604.0,2,309.36,4.91047619047619,169,2011-01-31 15:09:00,2011-05-06 13:43:00,57,95
17608.0,2,193.42,3.2783050847457624,232,2011-11-06 13:00:00,2011-11-06 13:06:00,54,1
17609.0,6,1120.52,4.708067226890757,725,2011-01-16 16:23:00,2011-10-30 12:28:00,199,287
17611.0,19,4020.57,6.90819587628866,2568,2010-12-13 13:52:00,2011-12-06 09:46:00,440,358
17612.0,10,2104.14,14.817887323943662,1829,2011-02-15 10:40:00,2011-10-17 14:59:00,117,245
17613.0,17,4608.93,14.44805642633229,2522,2011-02-07 11:20:00,2011-11-17 10:51:00,211,283
17614.0,1,390.07,3.9007,238,2011-10-13 16:01:00,2011-10-13 16:01:00,97,1
17615.0,3,329.6,23.542857142857144,140,2011-05-01 15:33:00,2011-08-01 14:06:00,13,92
17616.0,3,571.1999999999999,190.39999999999998,224,2010-12-07 10:04:00,2011-06-19 10:11:00,1,195
17618.0,3,971.58,12.456153846153846,331,2010-12-12 16:05:00,2011-12-04 11:50:00,56,357
17619.0,1,218.52,2.837922077922078,127,2011-01-31 14:18:00,2011-01-31 14:18:00,71,1
17620.0,1,81.44,20.36,60,2011-10-11 12:08:00,2011-10-11 12:08:00,4,1
17621.0,4,1423.7,52.729629629629635,518,2010-12-20 13:31:00,2011-11-18 17:11:00,25,334
17623.0,1,527.0500000000001,15.971212121212123,265,2011-11-07 11:32:00,2011-11-07 11:32:00,33,1
17624.0,2,843.48,16.869600000000002,554,2011-05-05 17:59:00,2011-11-25 10:52:00,49,204
17625.0,4,2047.0,6.498412698412698,1198,2011-03-27 12:21:00,2011-11-21 13:36:00,223,240
17628.0,1,75.75,15.15,79,2011-09-19 15:21:00,2011-09-19 15:21:00,5,1
17629.0,9,1844.12,14.871935483870967,1637,2010-12-15 09:58:00,2011-12-04 10:56:00,106,355
17630.0,2,503.59999999999997,19.369230769230768,158,2011-04-21 14:03:00,2011-06-23 11:58:00,24,63
17631.0,3,528.33,13.546923076923077,334,2011-04-21 13:22:00,2011-12-08 09:47:00,39,231
17633.0,6,1407.34,19.546388888888888,658,2010-12-15 16:42:00,2011-11-08 13:25:00,60,328
17634.0,9,2361.9700000000003,7.952760942760944,840,2011-01-06 12:45:00,2011-11-03 13:09:00,209,302
17636.0,2,305.19,12.71625,188,2011-11-20 14:40:00,2011-12-01 08:29:00,20,11
17637.0,2,547.0600000000001,15.630285714285716,280,2011-08-16 13:25:00,2011-11-08 12:51:00,35,84
17639.0,1,108.5,15.5,49,2011-03-08 15:22:00,2011-03-08 15:22:00,7,1
17640.0,1,621.66,124.332,250,2011-09-14 09:13:00,2011-09-14 09:13:00,5,1
17642.0,2,712.29,17.80725,474,2011-06-16 12:55:00,2011-08-12 09:11:00,34,57
17643.0,1,101.55,12.69375,71,2010-12-01 14:38:00,2010-12-01 14:38:00,8,1
17644.0,17,3022.3,17.883431952662722,1845,2011-01-21 17:18:00,2011-12-08 13:43:00,103,321
17646.0,4,1021.12,18.90962962962963,326,2010-12-09 14:28:00,2011-05-04 13:17:00,46,146
17647.0,1,133.06,19.00857142857143,30,2011-10-05 15:38:00,2011-10-05 15:38:00,7,1
17648.0,5,1805.45,19.62445652173913,488,2011-04-04 10:29:00,2011-10-10 09:41:00,81,189
17649.0,2,875.24,16.513962264150944,400,2011-07-24 15:53:00,2011-07-28 10:50:00,52,4
17650.0,1,166.08,20.76,150,2011-11-18 14:52:00,2011-11-18 14:52:00,8,1
17651.0,14,4003.33,16.750334728033472,3124,2011-06-15 15:57:00,2011-11-28 10:29:00,149,166
17652.0,18,4998.31,18.51225925925926,2539,2011-03-03 14:05:00,2011-11-14 12:55:00,118,256
17653.0,5,1239.24,24.7848,1417,2011-08-11 15:24:00,2011-11-10 14:26:00,44,91
17654.0,1,117.55,5.343181818181818,41,2011-03-07 13:17:00,2011-03-07 13:17:00,22,1
17655.0,8,2706.14,29.098279569892473,1276,2010-12-08 16:45:00,2011-11-29 11:34:00,66,356
17656.0,5,1674.69,20.423048780487804,1399,2011-08-03 10:45:00,2011-09-27 13:04:00,67,56
17658.0,3,704.96,30.6504347826087,710,2011-05-12 15:23:00,2011-11-29 11:47:00,17,201
17659.0,14,3044.17,18.907888198757764,1564,2010-12-02 16:46:00,2011-12-06 09:29:00,127,369
17660.0,1,196.0,4.355555555555555,130,2011-07-21 13:37:00,2011-07-21 13:37:00,37,1
17663.0,9,1817.55,20.195,801,2011-02-25 14:11:00,2011-11-14 08:56:00,63,262
17664.0,2,604.64,14.061395348837209,604,2011-05-11 14:17:00,2011-11-21 11:29:00,41,194
17666.0,2,728.16,40.45333333333333,596,2011-10-05 11:06:00,2011-12-06 09:06:00,14,62
17667.0,5,2075.31,17.737692307692306,1037,2011-02-14 09:24:00,2011-10-04 14:32:00,85,233
17668.0,2,347.75,23.183333333333334,93,2011-11-01 14:45:00,2011-12-08 13:25:00,14,37
17669.0,7,3406.7200000000003,50.09882352941177,1916,2011-04-04 10:11:00,2011-10-28 08:53:00,45,207
17670.0,1,205.7,18.7,110,2011-04-26 09:12:00,2011-04-26 09:12:00,11,1
17671.0,6,1861.34,30.513770491803278,885,2010-12-09 14:27:00,2011-11-24 12:21:00,40,350
17672.0,4,3249.7200000000003,28.2584347826087,1708,2011-02-03 13:29:00,2011-10-27 10:56:00,105,266
17673.0,7,1636.02,7.175526315789473,1489,2011-01-23 15:16:00,2011-12-08 13:06:00,118,319
17674.0,2,551.04,20.40888888888889,672,2010-12-06 10:20:00,2011-09-26 13:35:00,19,295
17675.0,41,20650.46,28.64141470180305,8442,2010-12-07 13:22:00,2011-12-08 18:03:00,240,367
17676.0,7,1392.0900000000001,17.621392405063293,933,2010-12-08 13:49:00,2011-12-05 15:16:00,50,363
17677.0,43,16507.24,51.424423676012466,9825,2010-12-06 08:42:00,2011-12-08 09:56:00,179,368
17678.0,1,298.11,18.631875,207,2011-03-21 11:52:00,2011-03-21 11:52:00,16,1
17679.0,2,1992.1100000000001,66.40366666666667,729,2011-09-15 10:35:00,2011-10-18 07:43:00,29,33
17680.0,1,184.4,16.763636363636365,96,2011-11-16 12:42:00,2011-11-16 12:42:00,11,1
17682.0,7,2489.33,20.91873949579832,1369,2010-12-06 13:35:00,2011-11-29 15:59:00,48,359
17684.0,1,239.41,15.960666666666667,145,2011-10-27 11:10:00,2011-10-27 11:10:00,15,1
17685.0,7,3191.53,24.550230769230772,1956,2010-12-02 14:42:00,2011-11-23 11:36:00,88,356
17686.0,7,5739.46,20.06804195804196,2478,2011-02-10 10:18:00,2011-12-02 15:39:00,205,296
17690.0,16,4767.45,18.47848837209302,1779,2010-12-01 16:15:00,2011-11-09 15:17:00,186,343
17691.0,2,290.40000000000003,15.28421052631579,134,2010-12-06 11:10:00,2010-12-16 17:20:00,18,11
17692.0,5,748.4399999999999,15.924255319148935,678,2010-12-15 13:37:00,2011-08-04 14:01:00,34,233
17693.0,3,213.92,11.884444444444444,233,2011-07-25 15:48:00,2011-07-26 17:12:00,16,2
17694.0,1,283.12,18.874666666666666,184,2011-07-21 12:00:00,2011-07-21 12:00:00,15,1
17695.0,2,765.34,21.866857142857143,779,2011-06-21 12:35:00,2011-07-31 10:40:00,30,40
17696.0,14,2370.37,18.812460317460317,1782,2010-12-10 09:51:00,2011-11-01 13:43:00,79,327
17697.0,1,338.95,17.839473684210525,93,2011-04-17 15:40:00,2011-04-17 15:40:00,19,1
17698.0,1,154.95,19.36875,93,2011-03-24 11:34:00,2011-03-24 11:34:00,8,1
17700.0,6,2560.39,17.536917808219176,1271,2010-12-09 15:33:00,2011-11-23 11:51:00,118,349
17701.0,1,417.95,17.414583333333333,109,2011-04-01 12:25:00,2011-04-01 12:25:00,24,1
17702.0,6,1929.02,24.11275,1386,2010-12-09 13:40:00,2011-11-09 16:03:00,62,336
17703.0,3,798.74,14.522545454545455,590,2011-07-24 13:30:00,2011-11-04 15:51:00,47,104
17704.0,2,885.19,28.554516129032258,343,2011-04-14 09:28:00,2011-06-24 09:40:00,27,72
17705.0,10,1865.92,17.277037037037037,969,2011-02-11 10:57:00,2011-12-06 13:45:00,63,299
17706.0,22,10911.61,27.624329113924052,3965,2010-12-08 11:02:00,2011-12-05 13:34:00,270,363
17707.0,2,152.4,30.48,144,2011-01-07 13:30:00,2011-06-07 15:03:00,3,152
17708.0,2,267.08,7.630857142857143,91,2011-01-19 10:09:00,2011-06-05 10:12:00,28,138
17709.0,1,137.45,19.635714285714283,17,2011-06-23 11:55:00,2011-06-23 11:55:00,7,1
17711.0,2,385.1,16.743478260869566,246,2011-02-23 11:32:00,2011-11-29 11:40:00,22,280
17712.0,1,522.91,18.031379310344825,215,2011-10-26 12:28:00,2011-10-26 12:28:00,29,1
17714.0,1,153.0,15.3,92,2011-01-23 10:32:00,2011-01-23 10:32:00,10,1
17715.0,1,326.4,326.4,384,2011-05-23 12:32:00,2011-05-23 12:32:00,1,1
17716.0,12,5806.19,22.859015748031496,3140,2011-03-17 10:38:00,2011-11-17 12:00:00,172,246
17718.0,1,139.35,23.224999999999998,83,2011-04-21 13:39:00,2011-04-21 13:39:00,6,1
17719.0,18,5424.28,19.51179856115108,2477,2011-03-29 11:29:00,2011-11-02 10:36:00,111,218
17720.0,4,1195.94,23.9188,576,2010-12-07 10:43:00,2011-11-13 15:04:00,39,342
17722.0,6,2467.44,20.562,1618,2010-12-08 12:41:00,2011-09-04 15:22:00,112,271
17723.0,6,3276.4000000000005,327.64000000000004,792,2011-05-09 14:44:00,2011-08-04 18:37:00,4,88
17724.0,4,1070.3500000000001,23.785555555555558,311,2011-07-24 13:26:00,2011-10-13 10:53:00,38,81
17725.0,14,3507.0299999999997,17.712272727272726,2183,2011-03-17 19:47:00,2011-11-23 16:34:00,115,251
17727.0,2,1077.95,16.088805970149256,651,2011-11-24 17:06:00,2011-11-30 15:21:00,66,6
17728.0,5,3236.34,19.149940828402368,1474,2011-09-14 11:39:00,2011-12-06 08:52:00,154,83
17730.0,15,5308.13,24.127863636363635,3585,2011-01-17 14:49:00,2011-12-06 15:43:00,127,324
17731.0,5,1602.02,19.30144578313253,594,2011-06-09 14:18:00,2011-09-21 15:02:00,54,105
17732.0,1,303.97,16.887222222222224,93,2010-12-02 09:29:00,2010-12-02 09:29:00,18,1
17733.0,2,692.19,19.776857142857143,463,2011-03-23 09:54:00,2011-11-01 08:16:00,33,223
17734.0,3,700.63,16.293720930232556,422,2011-04-20 10:04:00,2011-10-17 12:33:00,40,181
17735.0,19,13110.02,19.000028985507246,8439,2010-12-07 10:32:00,2011-12-07 16:47:00,319,366
17736.0,4,417.39,16.053461538461537,239,2011-08-18 14:33:00,2011-11-30 15:36:00,24,105
17737.0,2,168.24,16.824,108,2011-10-12 14:42:00,2011-11-30 15:16:00,8,50
17738.0,5,1894.75,19.13888888888889,1031,2011-03-02 16:26:00,2011-11-20 15:05:00,89,263
17739.0,8,2796.65,58.26354166666667,866,2010-12-14 14:26:00,2011-11-28 09:12:00,29,349
17742.0,2,355.11,23.674,89,2011-01-11 10:04:00,2011-08-18 15:28:00,13,220
17744.0,7,2353.72,17.18043795620438,3448,2010-12-16 14:17:00,2011-12-06 12:11:00,111,355
17746.0,2,121.7,15.2125,32,2011-04-13 14:31:00,2011-04-19 11:26:00,6,6
17747.0,2,78.15,39.075,13,2011-08-19 08:13:00,2011-08-31 13:29:00,1,13
17749.0,2,674.52,19.272,320,2011-03-28 13:39:00,2011-06-14 15:45:00,33,79
17750.0,9,1797.57,9.313834196891191,3957,2011-06-28 15:44:00,2011-12-04 14:09:00,101,159
17752.0,1,80.64,80.64,192,2010-12-15 16:19:00,2010-12-15 16:19:00,1,1
17754.0,6,1804.6,19.404301075268815,1918,2011-03-24 13:54:00,2011-12-09 11:20:00,82,260
17757.0,31,5625.09,7.580983827493261,3324,2010-12-02 17:17:00,2011-12-08 15:31:00,275,371
17758.0,8,3456.7000000000003,8.390048543689321,2091,2011-04-03 15:22:00,2011-11-20 14:45:00,310,231
17759.0,3,834.99,8.789368421052632,708,2011-06-23 13:35:00,2011-11-22 16:02:00,82,153
17760.0,2,287.59,11.503599999999999,239,2010-12-01 15:08:00,2011-11-18 10:56:00,25,352
17761.0,1,712.78,37.514736842105265,398,2011-11-07 10:23:00,2011-11-07 10:23:00,19,1
17763.0,1,15.0,15.0,12,2011-03-21 14:25:00,2011-03-21 14:25:00,1,1
17764.0,2,818.8199999999999,10.917599999999998,395,2011-05-12 16:11:00,2011-10-20 11:03:00,71,161
17765.0,3,371.88,6.524210526315789,144,2011-03-28 11:58:00,2011-07-04 12:41:00,51,99
17767.0,1,271.2,12.914285714285715,128,2011-11-24 14:42:00,2011-11-24 14:42:00,21,1
17768.0,3,2273.1800000000003,21.649333333333335,1186,2011-06-26 13:46:00,2011-12-01 13:22:00,77,158
17769.0,12,4035.33,12.892428115015974,1867,2011-01-23 11:15:00,2011-11-27 11:18:00,200,309
17770.0,5,1143.27,30.086052631578948,365,2011-03-02 13:35:00,2011-05-25 12:34:00,33,84
17771.0,2,245.81,4.552037037037037,287,2011-01-20 14:13:00,2011-10-14 11:43:00,51,267
17772.0,2,182.77,3.448490566037736,58,2011-11-29 10:57:00,2011-11-29 11:05:00,50,1
17774.0,5,1235.36,7.868535031847133,513,2011-02-07 13:13:00,2011-09-04 12:49:00,124,209
17775.0,1,56.4,18.8,72,2011-03-30 10:50:00,2011-03-30 10:50:00,3,1
17777.0,3,665.86,3.4322680412371134,507,2011-08-31 14:35:00,2011-11-15 12:02:00,141,76
17779.0,5,674.97,8.035357142857142,400,2011-07-19 12:19:00,2011-11-18 14:15:00,73,123
17781.0,2,188.02,15.668333333333335,34,2011-03-31 19:54:00,2011-07-03 16:00:00,12,94
17783.0,2,283.47,4.23089552238806,354,2011-04-06 10:07:00,2011-09-28 16:07:00,67,176
17785.0,1,131.94,10.149230769230769,67,2011-10-17 13:43:00,2011-10-17 13:43:00,13,1
17786.0,2,278.74,3.871388888888889,200,2011-01-26 14:35:00,2011-09-15 12:51:00,57,232
17787.0,4,1865.19,13.919328358208956,910,2010-12-03 13:43:00,2011-07-10 11:24:00,94,219
17788.0,2,1117.9,223.58,211,2011-08-02 10:38:00,2011-09-27 10:09:00,3,56
17789.0,1,225.9,16.135714285714286,74,2011-03-03 13:14:00,2011-03-03 13:14:00,14,1
17790.0,14,1965.55,10.345,836,2010-12-10 10:47:00,2011-11-13 11:30:00,121,339
17791.0,1,106.1,10.61,46,2011-11-10 12:09:00,2011-11-10 12:09:00,10,1
17793.0,1,323.04,5.5696551724137935,232,2011-11-14 14:24:00,2011-11-14 14:24:00,49,1
17795.0,2,350.39,7.617173913043478,341,2011-03-20 12:02:00,2011-06-13 12:36:00,43,86
17796.0,4,697.9,8.510975609756096,178,2010-12-05 12:23:00,2011-10-30 15:38:00,63,330
17797.0,3,780.43,7.0309009009009005,498,2011-06-10 11:29:00,2011-11-17 13:21:00,102,161
17799.0,11,3085.7799999999997,7.526292682926829,1761,2010-12-13 13:10:00,2011-11-17 15:16:00,280,340
17800.0,9,1199.01,11.528942307692308,736,2011-01-09 13:50:00,2011-11-02 12:57:00,51,297
17802.0,4,1318.24,8.967619047619047,761,2010-12-02 13:44:00,2011-09-18 14:56:00,105,291
17805.0,1,512.31,51.230999999999995,478,2011-09-27 11:49:00,2011-09-27 11:49:00,10,1
17806.0,1,546.04,12.698604651162789,727,2011-11-28 14:12:00,2011-11-28 14:12:00,43,1
17809.0,15,6196.2,96.815625,2099,2010-12-01 09:41:00,2011-11-23 13:00:00,47,358
17811.0,51,7997.75,9.171731651376147,4226,2011-01-10 10:58:00,2011-12-05 13:46:00,359,330
17812.0,4,732.16,5.192624113475177,350,2010-12-06 15:27:00,2011-11-27 11:47:00,113,356
17813.0,7,1827.16,4.833756613756614,803,2011-09-29 15:57:00,2011-11-25 16:13:00,297,58
17816.0,4,36.56,2.150588235294118,30,2010-12-09 14:10:00,2011-11-03 11:34:00,16,329
17817.0,3,387.68,11.747878787878788,67,2011-03-07 17:30:00,2011-12-05 14:39:00,32,273
17819.0,8,3748.6699999999996,76.50346938775509,1035,2010-12-03 14:26:00,2011-09-29 10:52:00,36,300
17820.0,2,24.05,4.8100000000000005,5,2010-12-15 17:04:00,2011-06-01 15:14:00,5,168
17824.0,1,298.4,22.95384615384615,408,2011-10-19 14:14:00,2011-10-19 14:14:00,13,1
17827.0,5,1995.46,9.070272727272727,1247,2010-12-10 10:18:00,2011-12-04 15:00:00,190,360
17828.0,9,2040.21,24.880609756097563,693,2011-06-08 08:31:00,2011-12-01 09:34:00,54,177
17829.0,1,889.24,29.641333333333332,496,2011-02-14 12:46:00,2011-02-14 12:46:00,30,1
17830.0,3,398.7,17.33478260869565,92,2011-02-24 10:15:00,2011-12-08 12:28:00,18,288
17831.0,1,35.400000000000006,17.700000000000003,12,2011-11-06 15:09:00,2011-11-06 15:09:00,2,1
17832.0,1,155.37,2.547049180327869,208,2011-10-21 11:43:00,2011-10-21 11:43:00,61,1
17835.0,3,350.64,5.7481967213114755,348,2011-11-16 16:30:00,2011-12-07 11:48:00,45,21
17836.0,1,110.21000000000001,4.592083333333334,88,2011-10-23 16:13:00,2011-10-23 16:13:00,23,1
17837.0,10,1626.23,9.45482558139535,521,2011-06-29 16:44:00,2011-10-28 16:15:00,110,121
17838.0,6,3245.9,23.692700729927008,2337,2010-12-02 15:55:00,2011-11-13 11:38:00,96,346
17839.0,1,338.8,6.05,285,2011-10-28 17:27:00,2011-10-28 17:27:00,50,1
17841.0,169,41642.36,5.216379807090067,23277,2010-12-01 14:30:00,2011-12-08 12:07:00,1331,372
17843.0,1,205.48,5.553513513513513,113,2011-02-09 15:33:00,2011-02-09 15:33:00,36,1
17844.0,1,51.559999999999995,10.312,52,2011-08-25 11:27:00,2011-08-25 11:27:00,5,1
17846.0,1,2033.1,2033.1,1,2011-09-15 15:20:00,2011-09-15 15:20:00,1,1
17848.0,9,901.1999999999999,17.670588235294115,398,2010-12-16 18:38:00,2011-09-19 16:49:00,41,277
17849.0,4,605.8000000000001,23.300000000000004,114,2011-01-10 11:59:00,2011-05-05 13:46:00,14,116
17850.0,35,5493.79,17.608301282051283,1773,2010-12-01 08:26:00,2011-02-10 14:38:00,24,72
17852.0,2,114.34,4.764166666666667,53,2011-11-28 12:31:00,2011-11-28 12:36:00,21,1
17854.0,2,311.26,20.750666666666667,84,2011-04-26 16:53:00,2011-06-07 16:21:00,15,42
17855.0,1,208.97,12.292352941176471,197,2010-12-02 09:44:00,2010-12-02 09:44:00,17,1
17856.0,6,1442.27,84.83941176470589,858,2011-03-03 11:40:00,2011-12-08 09:40:00,12,280
17857.0,25,26994.74,482.0489285714286,19426,2010-12-09 11:35:00,2011-12-06 13:41:00,19,363
17858.0,12,5155.66,25.9078391959799,2706,2010-12-05 13:08:00,2011-12-04 11:56:00,101,364
17859.0,1,148.21,5.9284,127,2011-02-08 10:32:00,2011-02-08 10:32:00,23,1
17860.0,1,252.8,4.358620689655172,104,2010-12-06 12:41:00,2010-12-06 12:41:00,49,1
17861.0,9,2142.4,9.607174887892377,2008,2011-01-24 11:34:00,2011-12-06 16:21:00,172,317
17862.0,1,330.9,30.08181818181818,100,2011-01-20 12:23:00,2011-01-20 12:23:00,11,1
17863.0,6,3160.0,21.35135135135135,2638,2010-12-05 13:21:00,2011-10-11 13:45:00,110,311
17864.0,3,597.5,5.857843137254902,810,2011-03-09 11:44:00,2011-11-27 11:15:00,70,263
17865.0,27,10894.1,28.00539845758355,5816,2010-12-10 14:53:00,2011-11-09 12:08:00,191,334
17866.0,2,333.6,33.36,175,2011-07-20 11:07:00,2011-07-20 11:09:00,9,1
17867.0,8,1771.45,21.869753086419752,831,2011-02-24 12:25:00,2011-11-09 14:15:00,62,259
17869.0,5,428.18,10.7045,111,2010-12-06 17:16:00,2011-08-24 16:16:00,37,261
17870.0,13,1899.3,6.783214285714285,1402,2010-12-08 08:12:00,2011-12-07 15:07:00,214,365
17871.0,1,155.9,15.59,182,2011-05-19 11:32:00,2011-05-19 11:32:00,10,1
17873.0,6,1953.96,42.477391304347826,1095,2010-12-01 14:54:00,2011-09-20 16:41:00,24,294
17874.0,7,708.66,15.07787234042553,233,2011-03-29 11:25:00,2011-06-07 12:54:00,37,71
17877.0,1,237.61,19.800833333333333,98,2011-06-22 13:00:00,2011-06-22 13:00:00,12,1
17878.0,1,379.45,14.59423076923077,401,2011-10-27 11:24:00,2011-10-27 11:24:00,26,1
17879.0,1,178.51999999999998,29.75333333333333,45,2011-06-19 12:36:00,2011-06-19 12:36:00,6,1
17880.0,1,458.92,17.65076923076923,314,2010-12-10 10:21:00,2010-12-10 10:21:00,26,1
17881.0,1,133.35000000000002,16.668750000000003,32,2011-02-08 17:16:00,2011-02-08 17:16:00,8,1
17883.0,4,671.77,4.632896551724138,379,2011-04-07 19:16:00,2011-12-06 17:49:00,133,243
17884.0,4,717.45,6.1320512820512825,854,2010-12-03 12:11:00,2011-12-06 11:33:00,107,368
17885.0,1,190.19,2.97171875,167,2011-11-27 14:40:00,2011-11-27 14:40:00,50,1
17886.0,3,899.61,8.253302752293578,481,2011-04-04 12:34:00,2011-11-08 10:09:00,93,218
17887.0,1,111.35,11.135,30,2011-08-02 17:29:00,2011-08-02 17:29:00,10,1
17888.0,10,926.32,11.43604938271605,1529,2010-12-17 13:56:00,2011-11-21 10:18:00,60,339
17889.0,2,203.87,9.708095238095238,79,2011-01-21 17:14:00,2011-05-11 16:26:00,20,110
17890.0,2,602.09,6.405212765957447,416,2010-12-13 15:12:00,2011-01-21 11:19:00,88,39
17891.0,1,203.85999999999999,5.995882352941176,393,2011-06-30 20:08:00,2011-06-30 20:08:00,34,1
17892.0,3,244.1,8.717857142857143,109,2011-07-07 12:56:00,2011-10-14 16:49:00,27,100
17893.0,1,112.25,7.015625,161,2011-04-28 13:50:00,2011-04-28 13:50:00,15,1
17894.0,8,1119.81,5.802124352331606,405,2010-12-08 14:50:00,2011-09-29 09:23:00,127,295
17895.0,1,98.0,6.125,130,2011-10-26 17:00:00,2011-10-26 17:00:00,15,1
17896.0,1,256.32,128.16,288,2011-11-16 13:59:00,2011-11-16 13:59:00,2,1
17897.0,4,592.1,5.148695652173913,235,2010-12-01 12:31:00,2011-06-20 11:23:00,100,201
17898.0,2,152.06,5.430714285714286,190,2011-05-16 17:13:00,2011-09-15 14:56:00,27,122
17899.0,1,155.8,4.86875,171,2011-07-03 14:58:00,2011-07-03 14:58:00,29,1
17900.0,4,209.39999999999998,19.036363636363635,145,2011-06-02 14:28:00,2011-06-28 12:09:00,4,26
17901.0,1,110.38,5.809473684210526,24,2011-11-10 17:29:00,2011-11-10 17:29:00,19,1
17904.0,2,204.42,5.241538461538461,64,2011-11-18 12:57:00,2011-11-18 13:57:00,33,1
17905.0,4,800.24,23.536470588235293,407,2010-12-01 13:21:00,2011-09-29 17:33:00,33,303
17906.0,1,72.9,6.075,26,2011-04-06 17:25:00,2011-04-06 17:25:00,12,1
17908.0,1,243.28,4.19448275862069,173,2010-12-01 11:45:00,2010-12-01 11:45:00,51,1
17911.0,1,366.23,9.390512820512821,223,2011-11-30 14:52:00,2011-11-30 14:52:00,39,1
17912.0,6,326.41,8.160250000000001,187,2010-12-10 11:11:00,2011-02-02 14:25:00,35,55
17913.0,2,411.6,6.976271186440679,289,2010-12-19 11:35:00,2011-10-12 10:45:00,55,297
17914.0,1,336.43,4.205375,473,2011-12-06 11:58:00,2011-12-06 11:58:00,72,1
17917.0,3,341.28,3.63063829787234,187,2010-12-12 12:08:00,2011-10-25 13:20:00,77,318
17919.0,1,1304.04,56.697391304347825,756,2011-09-12 13:41:00,2011-09-12 13:41:00,23,1
17920.0,17,4204.1,6.040373563218392,2516,2010-12-01 11:49:00,2011-12-05 14:29:00,407,370
17921.0,4,826.52,5.700137931034483,430,2011-03-18 13:19:00,2011-10-06 18:56:00,114,203
17923.0,1,207.50000000000003,207.50000000000003,50,2011-03-02 15:15:00,2011-03-02 15:15:00,1,1
17924.0,13,3030.67,79.75447368421052,1179,2010-12-01 10:51:00,2011-12-08 19:28:00,27,373
17925.0,1,244.08,244.08,72,2010-12-02 10:10:00,2010-12-02 10:10:00,1,1
17926.0,2,397.29,18.91857142857143,306,2011-05-20 09:24:00,2011-07-29 14:39:00,17,71
17928.0,2,212.54,9.240869565217391,140,2011-04-07 18:03:00,2011-10-25 13:52:00,23,201
17929.0,5,851.5,141.91666666666666,109,2011-02-04 11:40:00,2011-11-28 16:01:00,4,298
17930.0,5,1740.48,44.62769230769231,1594,2011-04-14 15:46:00,2011-11-04 10:23:00,26,204
17931.0,2,408.36,6.282461538461539,249,2011-03-29 12:31:00,2011-07-28 18:33:00,63,122
17932.0,3,1331.57,14.795222222222222,789,2011-05-12 13:58:00,2011-11-10 19:49:00,84,183
17934.0,2,704.25,33.535714285714285,478,2011-10-12 10:50:00,2011-10-19 11:16:00,21,8
17935.0,2,145.79,5.027241379310345,82,2011-07-21 11:23:00,2011-07-24 13:18:00,28,4
17936.0,1,389.84,5.062857142857142,262,2011-12-04 13:32:00,2011-12-04 13:32:00,68,1
17937.0,7,4301.22,100.02837209302326,1754,2010-12-12 14:43:00,2011-12-01 11:45:00,19,354
17939.0,1,99.14,8.261666666666667,40,2011-07-03 12:27:00,2011-07-03 12:27:00,12,1
17940.0,14,6229.3,270.8391304347826,9759,2011-02-10 09:29:00,2011-10-21 13:27:00,8,254
17941.0,1,304.56,152.28,252,2011-08-01 08:30:00,2011-08-01 08:30:00,2,1
17942.0,1,77.50000000000001,38.75000000000001,38,2011-12-02 10:45:00,2011-12-02 10:45:00,2,1
17946.0,2,149.57999999999998,7.478999999999999,75,2011-03-25 14:34:00,2011-04-20 17:00:00,18,27
17947.0,1,176.68,19.63111111111111,168,2011-11-02 13:05:00,2011-11-02 13:05:00,9,1
17948.0,1,358.56000000000006,358.56000000000006,144,2011-07-15 12:58:00,2011-07-15 12:58:00,1,1
17949.0,52,64270.12,813.5458227848102,33521,2010-12-03 13:12:00,2011-12-08 18:46:00,29,371
17950.0,4,492.28000000000003,6.8372222222222225,390,2010-12-09 15:16:00,2011-09-28 15:18:00,63,294
17951.0,4,1026.24,48.86857142857143,622,2010-12-01 12:40:00,2011-10-31 12:30:00,18,334
17954.0,16,2370.07,4.84676891615542,2239,2010-12-03 14:18:00,2011-12-04 14:15:00,327,366
17955.0,4,557.3,29.331578947368417,273,2011-05-04 12:29:00,2011-05-25 12:00:00,14,21
17956.0,1,12.75,12.75,1,2011-04-04 13:47:00,2011-04-04 13:47:00,1,1
17957.0,1,111.68,3.6025806451612907,287,2011-10-04 14:58:00,2011-10-04 14:58:00,31,1
17958.0,1,508.4599999999999,72.63714285714285,84,2011-08-15 12:19:00,2011-08-15 12:19:00,7,1
17960.0,1,73.78,2.8376923076923077,41,2011-06-21 14:15:00,2011-06-21 14:15:00,26,1
17961.0,39,1296.44,5.206586345381527,560,2010-12-02 19:18:00,2011-11-18 16:55:00,211,351
17962.0,1,102.83,2.938,128,2011-07-20 14:16:00,2011-07-20 14:16:00,33,1
17964.0,2,471.7,4.535576923076923,301,2010-12-02 13:32:00,2011-11-08 10:44:00,84,341
17965.0,14,2622.57,7.971337386018238,1556,2010-12-05 15:54:00,2011-11-02 09:31:00,274,332
17966.0,5,1098.43,16.15338235294118,2571,2011-03-23 17:25:00,2011-11-02 10:26:00,53,224
17967.0,1,123.07,2.5639583333333333,80,2010-12-03 11:19:00,2010-12-03 11:19:00,41,1
17968.0,1,277.35,3.2629411764705885,160,2010-12-01 12:23:00,2010-12-01 12:23:00,74,1
17969.0,2,228.2,16.3,152,2010-12-13 15:34:00,2011-06-26 13:00:00,14,195
17970.0,1,582.59,18.793225806451613,525,2011-05-12 20:03:00,2011-05-12 20:03:00,27,1
17972.0,1,136.04,4.388387096774193,37,2011-04-12 12:16:00,2011-04-12 12:16:00,30,1
17973.0,1,337.04,22.469333333333335,176,2011-10-19 10:34:00,2011-10-19 10:34:00,15,1
17974.0,3,740.79,4.138491620111732,519,2011-05-04 11:50:00,2011-11-15 11:37:00,143,195
17975.0,14,4584.01,15.434377104377106,1584,2010-12-08 11:38:00,2011-11-24 13:27:00,189,352
17976.0,1,353.19,5.433692307692308,106,2010-12-02 13:49:00,2010-12-02 13:49:00,56,1
17977.0,1,288.14,13.72095238095238,342,2011-11-10 13:28:00,2011-11-10 13:28:00,19,1
17978.0,1,300.91999999999996,25.076666666666664,499,2010-12-09 14:05:00,2010-12-09 14:05:00,12,1
17979.0,5,777.61,5.289863945578231,399,2011-03-25 11:34:00,2011-11-04 12:05:00,116,225
17980.0,3,811.45,27.048333333333336,682,2010-12-15 15:50:00,2011-06-27 12:01:00,23,194
17984.0,1,152.68,3.1808333333333336,98,2011-07-17 15:59:00,2011-07-17 15:59:00,48,1
17985.0,1,634.95,27.606521739130436,183,2011-11-17 14:24:00,2011-11-17 14:24:00,20,1
17986.0,1,20.8,20.8,10,2011-10-14 14:22:00,2011-10-14 14:22:00,1,1
17987.0,1,198.57,15.274615384615384,261,2011-06-07 14:22:00,2011-06-07 14:22:00,13,1
17988.0,8,211.07,5.412051282051282,44,2011-01-17 11:59:00,2011-11-28 11:00:00,37,315
17990.0,3,630.84,21.753103448275862,414,2010-12-13 12:10:00,2011-04-17 11:44:00,27,125
17991.0,2,93.35,18.669999999999998,25,2011-04-27 16:39:00,2011-04-28 15:58:00,4,1
17994.0,6,727.29,8.658214285714285,521,2011-02-22 11:02:00,2011-08-10 11:43:00,63,170
17995.0,1,76.1,38.05,133,2011-03-03 12:30:00,2011-03-03 12:30:00,2,1
17997.0,12,2430.04,13.500222222222222,2518,2011-06-28 17:28:00,2011-09-26 16:13:00,134,90
17999.0,2,382.06,4.108172043010753,221,2010-12-08 15:17:00,2011-11-02 15:56:00,87,330
18001.0,2,417.23,7.193620689655173,363,2011-09-14 11:21:00,2011-11-27 16:02:00,56,75
18004.0,1,169.47,4.23675,78,2010-12-12 13:47:00,2010-12-12 13:47:00,32,1
18005.0,2,249.72,4.162,93,2011-10-23 14:40:00,2011-12-06 11:51:00,52,44
18006.0,1,444.68,20.212727272727275,220,2011-11-16 16:52:00,2011-11-16 16:52:00,21,1
18008.0,9,2116.19,70.53966666666666,1581,2011-01-25 12:26:00,2011-09-30 15:17:00,24,249
18009.0,2,262.44,7.952727272727273,128,2011-04-18 13:36:00,2011-04-18 13:52:00,31,1
18010.0,1,174.8,12.485714285714286,60,2011-03-28 12:27:00,2011-03-28 12:27:00,14,1
18011.0,1,102.78999999999999,3.671071428571428,71,2010-12-01 17:35:00,2010-12-01 17:35:00,28,1
18013.0,2,187.29,6.041612903225806,285,2011-07-07 14:08:00,2011-07-07 14:11:00,31,1
18014.0,1,166.42,5.200625,68,2011-11-11 15:28:00,2011-11-11 15:28:00,29,1
18015.0,1,120.03,2.6093478260869567,157,2011-12-05 14:49:00,2011-12-05 14:49:00,46,1
18016.0,5,1483.56,12.061463414634146,1029,2010-12-10 17:14:00,2011-11-07 13:25:00,90,332
18017.0,3,523.0,174.33333333333334,300,2011-02-02 13:57:00,2011-09-19 16:15:00,1,230
18018.0,2,122.14,4.211724137931035,55,2011-05-24 13:22:00,2011-08-23 17:37:00,29,92
18019.0,1,38.45,7.69,7,2011-10-19 12:10:00,2011-10-19 12:10:00,5,1
18022.0,1,668.11,3.497958115183246,736,2011-11-04 12:45:00,2011-11-04 12:45:00,141,1
18024.0,3,542.78,24.671818181818182,220,2011-07-10 12:28:00,2011-07-10 12:40:00,21,1
18027.0,1,115.31,5.490952380952381,78,2011-09-02 10:38:00,2011-09-02 10:38:00,21,1
18030.0,3,240.6,24.06,68,2011-10-28 13:55:00,2011-12-05 16:37:00,8,39
18032.0,1,73.5,14.7,42,2011-01-09 15:32:00,2011-01-09 15:32:00,5,1
18033.0,1,97.97,2.881470588235294,253,2011-10-05 17:28:00,2011-10-05 17:28:00,32,1
18034.0,2,422.88,3.775714285714286,561,2011-11-18 12:08:00,2011-11-18 12:22:00,99,1
18035.0,3,730.4,13.781132075471698,611,2011-10-27 17:48:00,2011-11-04 12:39:00,44,8
18036.0,3,405.62,4.225208333333334,234,2011-04-08 11:26:00,2011-11-07 14:40:00,77,214
18037.0,6,70.02,3.685263157894737,20,2010-12-12 16:20:00,2011-07-08 13:39:00,19,208
18040.0,2,357.20000000000005,18.8,148,2011-04-08 08:27:00,2011-11-20 14:20:00,18,227
18041.0,22,4205.64,8.872658227848103,3828,2010-12-02 11:21:00,2011-11-28 11:39:00,285,362
18042.0,1,165.04999999999998,23.578571428571426,33,2011-10-17 11:49:00,2011-10-17 11:49:00,7,1
18043.0,3,559.51,4.624049586776859,282,2010-12-08 12:35:00,2011-11-15 12:48:00,106,343
18044.0,11,2091.55,16.340234375,1034,2010-12-14 12:25:00,2011-12-05 14:26:00,88,357
18045.0,1,189.4,4.029787234042553,142,2011-10-25 13:07:00,2011-10-25 13:07:00,43,1
18048.0,2,172.29000000000002,24.612857142857145,127,2011-05-20 14:54:00,2011-05-20 14:58:00,6,1
18050.0,1,74.4,14.88,40,2010-12-15 14:25:00,2010-12-15 14:25:00,5,1
18053.0,2,302.96999999999997,14.427142857142856,303,2011-09-30 09:05:00,2011-10-04 17:31:00,20,5
18055.0,11,6816.24,18.777520661157023,2460,2010-12-05 10:52:00,2011-12-02 14:25:00,223,363
18056.0,1,363.65,19.139473684210525,211,2011-02-24 14:27:00,2011-02-24 14:27:00,19,1
18058.0,1,170.16,56.72,88,2011-11-30 08:38:00,2011-11-30 08:38:00,3,1
18059.0,4,318.15999999999997,15.150476190476189,268,2011-10-03 09:30:00,2011-11-30 17:02:00,17,59
18061.0,10,2119.41,46.0741304347826,955,2010-12-08 13:03:00,2011-11-18 11:20:00,18,345
18062.0,3,720.52,26.685925925925925,396,2011-01-06 10:03:00,2011-06-19 14:47:00,23,165
18064.0,2,814.0,116.28571428571429,384,2011-04-18 15:08:00,2011-07-29 16:39:00,7,103
18065.0,15,2405.58,17.43173913043478,1030,2010-12-10 12:44:00,2011-12-04 10:30:00,110,359
18066.0,1,318.0,31.8,108,2011-09-25 15:30:00,2011-09-25 15:30:00,10,1
18067.0,1,396.33,10.711621621621621,189,2011-10-30 15:58:00,2011-10-30 15:58:00,36,1
18068.0,1,101.69999999999999,101.69999999999999,6,2011-02-23 14:50:00,2011-02-23 14:50:00,1,1
18069.0,7,2051.52,4.346440677966101,1314,2011-01-16 14:48:00,2011-11-13 16:05:00,334,302
18071.0,2,453.0,18.12,260,2010-12-09 10:33:00,2011-03-27 11:59:00,23,109
18072.0,2,494.88,13.746666666666666,530,2011-06-07 10:44:00,2011-07-07 17:22:00,20,31
18073.0,13,3890.6000000000004,51.1921052631579,3118,2011-05-26 19:38:00,2011-08-17 14:02:00,23,83
18074.0,1,489.6,37.66153846153846,190,2010-12-01 09:53:00,2010-12-01 09:53:00,13,1
18075.0,14,2684.78,17.547581699346406,1491,2010-12-14 10:48:00,2011-11-16 15:21:00,97,338
18077.0,11,2633.0099999999998,11.599162995594712,1878,2010-12-08 10:21:00,2011-12-01 13:32:00,101,359
18078.0,2,336.13,11.590689655172413,145,2011-03-25 15:08:00,2011-05-06 14:32:00,27,42
18079.0,4,3651.97,28.75566929133858,7432,2011-04-15 12:14:00,2011-10-25 15:27:00,99,194
18080.0,2,1231.5,615.75,642,2011-04-11 10:10:00,2011-11-21 08:02:00,2,224
18081.0,3,343.45,20.20294117647059,195,2011-07-29 11:56:00,2011-11-03 16:30:00,14,98
18082.0,1,703.37,9.635205479452054,621,2011-11-14 12:45:00,2011-11-14 12:45:00,62,1
18084.0,2,93.42999999999999,46.714999999999996,313,2011-02-11 16:30:00,2011-11-23 13:57:00,2,285
18085.0,2,689.95,23.79137931034483,265,2010-12-01 12:08:00,2011-01-13 15:17:00,25,44
18086.0,1,101.34,14.477142857142857,106,2011-03-10 13:34:00,2011-03-10 13:34:00,7,1
18087.0,4,4341.32,620.1885714285714,4243,2011-02-11 11:24:00,2011-09-02 15:12:00,7,204
18088.0,1,167.67000000000002,4.299230769230769,109,2011-10-09 13:41:00,2011-10-09 13:41:00,35,1
18092.0,12,9070.76,100.78622222222222,4254,2010-12-09 10:00:00,2011-12-07 13:14:00,28,364
18093.0,5,2129.62,56.042631578947365,1403,2011-02-10 12:15:00,2011-09-07 15:43:00,31,210
18094.0,7,3017.3,43.104285714285716,2518,2011-02-21 08:50:00,2011-09-19 09:28:00,39,211
18095.0,2,580.0500000000001,27.621428571428574,419,2011-01-11 12:37:00,2011-01-31 12:50:00,20,21
18096.0,3,911.15,4.277699530516432,825,2011-10-07 11:55:00,2011-11-28 12:44:00,157,53
18097.0,7,2702.75,24.795871559633028,1687,2010-12-20 14:49:00,2011-12-02 11:16:00,66,347
18099.0,1,168.31,8.858421052631579,149,2011-08-04 15:52:00,2011-08-04 15:52:00,19,1
18101.0,2,223.65,5.454878048780488,88,2011-07-19 13:05:00,2011-11-28 13:37:00,37,133
18102.0,62,262876.11,607.1041801385682,64126,2010-12-07 16:42:00,2011-12-09 11:50:00,151,367
18104.0,1,754.64,19.858947368421052,362,2011-11-02 14:07:00,2011-11-02 14:07:00,38,1
18105.0,1,113.48000000000002,6.304444444444446,46,2011-11-02 12:04:00,2011-11-02 12:04:00,18,1
18106.0,1,430.7,11.043589743589743,128,2011-01-14 12:23:00,2011-01-14 12:23:00,33,1
18108.0,2,277.35,14.597368421052632,86,2011-03-30 13:56:00,2011-04-05 08:25:00,17,6
18109.0,31,8180.62,18.018986784140967,4255,2010-12-05 10:58:00,2011-12-08 11:36:00,120,369
18110.0,2,266.55,5.439795918367347,93,2011-11-20 12:34:00,2011-11-20 12:59:00,33,1
18112.0,2,352.69,13.565,255,2011-06-26 13:56:00,2011-11-27 14:43:00,26,155
18113.0,1,76.32000000000001,76.32000000000001,72,2010-12-06 12:31:00,2010-12-06 12:31:00,1,1
18114.0,1,220.1,7.860714285714286,55,2011-02-22 13:20:00,2011-02-22 13:20:00,28,1
18116.0,8,1418.03,3.7514021164021165,848,2010-12-10 12:14:00,2011-10-03 11:00:00,230,297
18117.0,1,320.72,4.334054054054055,618,2011-11-14 12:47:00,2011-11-14 12:47:00,68,1
18118.0,31,5711.87,4.448496884735202,2887,2010-12-05 12:13:00,2011-11-29 11:32:00,424,359
18119.0,1,181.12,6.037333333333334,125,2010-12-07 11:59:00,2010-12-07 11:59:00,29,1
18120.0,1,111.15,6.538235294117648,31,2011-05-09 13:45:00,2011-05-09 13:45:00,17,1
18121.0,2,673.1,21.034375,450,2011-07-08 12:14:00,2011-07-13 12:53:00,28,6
18122.0,6,1826.21,5.0170604395604395,1234,2011-07-12 11:37:00,2011-12-01 13:08:00,239,143
18123.0,2,589.4399999999999,16.37333333333333,594,2011-11-08 13:31:00,2011-11-15 14:23:00,31,8
18125.0,5,1144.6399999999999,5.810355329949238,805,2011-01-27 15:02:00,2011-11-10 12:29:00,164,287
18126.0,1,206.82999999999998,3.693392857142857,144,2011-10-10 12:19:00,2011-10-10 12:19:00,52,1
18127.0,3,348.73,7.419787234042554,188,2011-07-29 10:06:00,2011-11-20 14:05:00,41,115
18129.0,1,112.55000000000001,8.039285714285715,48,2011-04-10 14:16:00,2011-04-10 14:16:00,13,1
18130.0,4,1073.04,15.113239436619718,831,2011-10-13 15:58:00,2011-12-01 08:41:00,58,49
18133.0,2,1147.5,573.75,2700,2011-05-11 14:14:00,2011-05-12 15:19:00,2,2
18135.0,5,681.9100000000001,34.0955,349,2011-06-02 14:04:00,2011-11-10 19:32:00,11,162
18136.0,4,806.83,20.687948717948718,385,2011-01-24 12:08:00,2011-10-07 15:40:00,34,257
18138.0,1,152.65,19.08125,38,2011-02-17 14:51:00,2011-02-17 14:51:00,8,1
18139.0,8,8483.46,52.36703703703703,5653,2011-11-21 14:06:00,2011-11-22 16:18:00,36,2
18141.0,1,35.400000000000006,35.400000000000006,12,2010-12-14 11:09:00,2010-12-14 11:09:00,1,1
18142.0,4,1024.14,56.896666666666675,1279,2011-05-08 12:31:00,2011-07-11 13:34:00,9,65
18143.0,2,1000.16,16.396065573770493,570,2011-07-21 10:44:00,2011-08-15 12:07:00,59,26
18144.0,12,2888.75,67.18023255813954,1343,2010-12-01 13:45:00,2011-12-02 12:46:00,27,366
18145.0,4,2861.55,12.94819004524887,2625,2011-01-31 12:10:00,2011-11-27 11:22:00,174,300
18146.0,2,160.35000000000002,16.035000000000004,153,2011-05-03 16:35:00,2011-07-22 12:08:00,10,80
18147.0,2,179.33999999999997,25.619999999999997,203,2011-08-23 12:22:00,2011-10-25 11:46:00,7,63
18149.0,3,612.0799999999999,38.254999999999995,310,2011-03-11 12:44:00,2011-10-20 12:04:00,11,223
18150.0,3,566.58,15.312972972972974,332,2011-05-22 10:47:00,2011-11-07 16:49:00,29,170
18151.0,2,653.35,17.193421052631578,355,2011-02-23 08:29:00,2011-07-28 11:35:00,38,156
18154.0,2,399.19,19.009047619047617,255,2011-10-27 10:40:00,2011-12-06 16:41:00,15,41
18155.0,4,395.42,14.122142857142858,274,2011-02-21 10:36:00,2011-09-25 13:32:00,19,217
18156.0,2,734.94,5.2495714285714286,301,2010-12-05 12:29:00,2011-11-27 12:24:00,100,357
18158.0,3,455.05,13.001428571428571,355,2011-09-12 09:03:00,2011-11-30 16:19:00,24,80
18159.0,1,530.15,23.05,139,2011-02-11 14:26:00,2011-02-11 14:26:00,23,1
18160.0,2,638.0600000000001,16.36051282051282,294,2011-05-23 13:41:00,2011-10-13 15:50:00,37,144
18161.0,6,1624.59,20.056666666666665,814,2011-01-24 11:56:00,2011-11-29 15:38:00,49,310
18164.0,2,404.6,16.184,185,2011-11-02 12:56:00,2011-11-08 17:49:00,24,7
18165.0,1,302.46000000000004,30.246000000000002,254,2011-06-15 13:23:00,2011-06-15 13:23:00,10,1
18167.0,6,1414.21,32.888604651162794,405,2011-08-26 11:40:00,2011-12-06 09:49:00,25,102
18168.0,9,1206.24,8.616,603,2010-12-02 17:14:00,2011-06-16 19:21:00,101,197
18169.0,1,202.65,22.516666666666666,61,2011-10-10 12:18:00,2011-10-10 12:18:00,9,1
18170.0,3,980.31,25.797631578947367,409,2011-05-06 15:13:00,2011-11-06 14:35:00,29,184
18171.0,7,1254.1100000000001,22.39482142857143,485,2011-01-10 09:55:00,2011-10-12 09:13:00,43,275
18172.0,25,7633.19,38.74715736040609,3198,2011-02-18 16:52:00,2011-11-25 11:12:00,101,280
18173.0,4,2106.84,67.9625806451613,1220,2011-03-10 11:56:00,2011-09-14 11:26:00,23,188
18174.0,1,104.0,104.0,50,2011-12-02 16:56:00,2011-12-02 16:56:00,1,1
18176.0,2,504.05,15.274242424242425,287,2010-12-16 15:45:00,2010-12-21 12:33:00,30,5
18177.0,7,1368.67,18.248933333333333,715,2011-03-29 08:46:00,2011-11-08 14:44:00,53,225
18178.0,6,1608.21,16.244545454545456,987,2010-12-10 12:42:00,2011-08-18 06:34:00,80,251
18179.0,6,1793.17,19.924111111111113,1360,2011-01-07 14:22:00,2011-11-30 16:23:00,86,328
18180.0,6,1843.75,15.493697478991596,1721,2011-07-20 08:59:00,2011-12-05 08:39:00,108,138
18181.0,1,382.8,8.700000000000001,146,2011-11-15 15:08:00,2011-11-15 15:08:00,40,1
18183.0,6,663.62,15.082272727272727,380,2011-03-10 10:08:00,2011-05-05 17:47:00,36,57
18184.0,1,49.8,49.8,60,2011-11-24 15:28:00,2011-11-24 15:28:00,1,1
18185.0,1,304.25,17.897058823529413,183,2011-04-04 13:42:00,2011-04-04 13:42:00,17,1
18188.0,4,2003.5900000000001,27.82763888888889,1169,2011-02-22 14:43:00,2011-11-24 16:46:00,63,276
18189.0,3,1096.14,15.88608695652174,568,2011-03-17 09:49:00,2011-09-23 12:40:00,65,191
18190.0,3,294.41,18.400625,141,2011-01-13 10:35:00,2011-05-31 14:48:00,14,139
18191.0,1,207.79999999999998,29.685714285714283,140,2011-03-23 12:08:00,2011-03-23 12:08:00,7,1
18192.0,1,957.97,21.288222222222224,339,2011-09-29 09:53:00,2011-09-29 09:53:00,45,1
18193.0,3,274.56,15.253333333333334,128,2010-12-08 14:20:00,2011-07-12 10:56:00,17,216
18194.0,2,1051.68,116.85333333333334,816,2011-09-18 13:29:00,2011-10-06 19:54:00,7,19
18196.0,2,689.13,4.887446808510639,433,2011-02-22 16:13:00,2011-09-05 16:22:00,131,196
18198.0,21,5768.06,34.74734939759036,4309,2011-01-07 13:39:00,2011-12-05 14:49:00,81,333
18200.0,1,163.8,5.11875,111,2011-08-25 18:45:00,2011-08-25 18:45:00,29,1
18202.0,3,1396.99,20.543970588235293,581,2011-02-01 13:36:00,2011-05-24 12:12:00,55,112
18203.0,1,160.42000000000002,8.443157894736842,43,2011-07-05 13:07:00,2011-07-05 13:07:00,19,1
18204.0,4,2008.1,9.94108910891089,1202,2011-05-31 15:26:00,2011-09-29 16:44:00,159,122
18205.0,2,517.36,16.1675,192,2011-09-26 12:02:00,2011-11-03 13:22:00,30,39
18209.0,1,139.10000000000002,17.387500000000003,58,2011-11-11 12:07:00,2011-11-11 12:07:00,8,1
18210.0,6,2621.38,19.562537313432838,1398,2011-03-17 16:58:00,2011-12-08 11:02:00,109,266
18211.0,5,600.07,14.287380952380953,359,2011-03-06 12:09:00,2011-11-14 08:10:00,37,253
18212.0,1,248.42,5.7772093023255815,101,2011-01-17 16:14:00,2011-01-17 16:14:00,30,1
18213.0,1,232.48000000000002,15.498666666666669,232,2011-04-17 10:21:00,2011-04-17 10:21:00,15,1
18215.0,1,299.34000000000003,23.02615384615385,118,2011-09-11 16:05:00,2011-09-11 16:05:00,13,1
18216.0,1,481.75,18.528846153846153,200,2011-11-08 16:55:00,2011-11-08 16:55:00,26,1
18217.0,2,621.75,20.056451612903224,491,2011-09-30 10:44:00,2011-11-10 13:18:00,27,42
18218.0,4,697.78,29.074166666666667,622,2011-03-03 12:24:00,2011-05-17 14:16:00,17,76
18219.0,11,2119.77,18.432782608695653,887,2010-12-06 10:05:00,2011-12-07 11:43:00,58,367
18220.0,2,312.78000000000003,78.19500000000001,294,2011-04-27 09:03:00,2011-05-04 11:23:00,2,8
18221.0,6,1049.91,16.15246153846154,793,2011-05-12 14:13:00,2011-11-17 14:40:00,59,190
18222.0,1,443.0,23.31578947368421,335,2011-09-08 10:45:00,2011-09-08 10:45:00,19,1
18223.0,27,6653.85,22.253678929765886,3006,2010-12-16 16:42:00,2011-12-08 11:51:00,119,357
18224.0,1,158.95000000000002,15.895000000000001,69,2011-03-21 10:30:00,2011-03-21 10:30:00,10,1
18225.0,17,5657.22,19.780489510489513,3282,2010-12-03 10:11:00,2011-12-06 13:27:00,151,369
18226.0,14,5264.0,21.485714285714284,3473,2011-01-06 09:00:00,2011-11-01 09:57:00,141,300
18227.0,1,93.75,18.75,21,2011-05-06 12:23:00,2011-05-06 12:23:00,5,1
18228.0,3,790.6,24.70625,240,2011-09-21 10:48:00,2011-10-20 19:21:00,23,30
18229.0,20,7276.900000000001,44.37134146341464,2488,2010-12-01 16:25:00,2011-11-28 09:48:00,66,362
18230.0,10,2903.8,32.62696629213483,1334,2010-12-09 14:47:00,2011-11-30 13:22:00,32,356
18231.0,6,2100.37,16.669603174603175,834,2011-02-24 09:08:00,2011-05-31 14:18:00,106,97
18232.0,5,603.47,15.08675,305,2011-05-26 16:30:00,2011-09-19 11:49:00,31,116
18233.0,1,440.0,440.0,4,2011-01-18 08:44:00,2011-01-18 08:44:00,1,1
18235.0,3,1796.48,17.273846153846154,1578,2011-05-06 13:35:00,2011-09-29 08:27:00,100,146
18236.0,6,882.24,18.004897959183673,403,2011-04-13 09:52:00,2011-11-10 08:06:00,42,211
18237.0,5,987.1,16.181967213114753,622,2011-07-28 13:05:00,2011-12-07 12:49:00,40,132
18239.0,5,1561.6100000000001,17.745568181818182,795,2010-12-02 17:48:00,2011-05-05 12:38:00,80,154
18240.0,1,422.58,70.42999999999999,126,2011-10-24 13:06:00,2011-10-24 13:06:00,6,1
18241.0,18,2088.09,19.88657142857143,1055,2011-05-06 09:22:00,2011-11-30 12:10:00,60,209
18242.0,4,2232.4900000000002,28.62166666666667,1017,2011-05-10 11:20:00,2011-09-28 13:43:00,72,142
18245.0,8,2626.56,14.839322033898306,1795,2010-12-19 14:58:00,2011-12-02 14:48:00,155,348
18246.0,2,596.1,149.025,166,2011-04-20 13:55:00,2011-11-16 11:49:00,3,210
18248.0,4,825.02,16.837142857142858,521,2011-06-06 13:18:00,2011-08-18 06:14:00,39,73
18249.0,1,95.34,11.9175,128,2011-11-22 15:07:00,2011-11-22 15:07:00,8,1
18250.0,2,355.62,16.164545454545454,200,2011-02-02 13:16:00,2011-02-11 13:59:00,21,10
18251.0,1,4314.72,269.67,7824,2011-09-13 15:03:00,2011-09-13 15:03:00,16,1
18252.0,2,526.67,5.374183673469387,239,2011-06-21 11:47:00,2011-10-20 12:43:00,90,122
18255.0,1,103.3,17.216666666666665,74,2011-09-11 13:16:00,2011-09-11 13:16:00,6,1
18256.0,1,50.1,12.525,70,2010-12-20 08:27:00,2010-12-20 08:27:00,4,1
18257.0,12,2409.88,19.592520325203253,1072,2011-02-16 15:13:00,2011-10-31 14:48:00,98,257
18259.0,3,2338.6000000000004,55.68095238095239,714,2010-12-08 13:38:00,2011-11-15 12:34:00,27,342
18260.0,8,2691.4,19.224285714285713,1487,2010-12-16 18:23:00,2011-06-20 12:37:00,86,186
18261.0,2,324.24,15.440000000000001,146,2011-09-05 09:34:00,2011-10-27 15:36:00,19,53
18262.0,1,149.48,11.498461538461537,182,2011-07-22 16:04:00,2011-07-22 16:04:00,13,1
18263.0,4,1215.24,19.600645161290323,1469,2011-04-01 11:48:00,2011-11-16 16:19:00,59,230
18265.0,2,801.51,17.424130434782608,311,2011-07-04 15:26:00,2011-09-28 14:10:00,44,86
18268.0,2,51.0,25.5,4,2011-07-28 11:16:00,2011-07-28 19:13:00,1,1
18269.0,2,198.3,24.7875,82,2010-12-08 13:53:00,2010-12-16 15:39:00,7,9
18270.0,3,327.35,25.180769230769233,105,2011-03-18 12:41:00,2011-11-01 13:57:00,12,229
18272.0,7,3092.38,18.190470588235296,2056,2011-04-07 09:35:00,2011-12-07 12:43:00,99,245
18273.0,3,204.0,68.0,80,2011-03-27 11:22:00,2011-12-07 13:16:00,1,256
18274.0,2,351.84,15.992727272727272,176,2011-11-09 17:03:00,2011-11-22 10:18:00,11,13
18276.0,3,348.36,21.7725,188,2011-10-27 10:54:00,2011-11-18 17:01:00,14,23
18277.0,2,123.13,13.681111111111111,69,2011-01-25 12:34:00,2011-10-12 15:22:00,9,261
18278.0,1,173.9,19.322222222222223,66,2011-09-27 11:58:00,2011-09-27 11:58:00,9,1
18280.0,1,180.60000000000002,18.060000000000002,45,2011-03-07 09:52:00,2011-03-07 09:52:00,10,1
18281.0,1,80.82,11.545714285714284,54,2011-06-12 10:53:00,2011-06-12 10:53:00,7,1
18282.0,3,179.5,13.807692307692308,108,2011-08-05 13:35:00,2011-12-02 11:43:00,12,119
18283.0,16,2094.88,2.771005291005291,1397,2011-01-06 14:14:00,2011-12-06 12:02:00,263,334
18287.0,3,1837.28,26.24685714285714,1586,2011-05-22 10:39:00,2011-10-28 09:29:00,59,159
