StockCode,Description,TotalAmount_sum,TotalAmount_mean,TotalAmount_count,Quantity_sum,Quantity_mean,UnitPrice_mean,UnitPrice_std,CustomerID_nunique,InvoiceNo_nunique,Revenue_per_Customer,Avg_Quantity_per_Transaction,Revenue_Category,Popularity_Category
10002,INFLATABLE POLITICAL GLOBE ,699.55,14.28,49,823,16.8,0.85,0.0,40,49,17.49,16.8,High,Popular
10080,GROOVY CACTUS INFLATABLE,114.41,5.45,21,291,13.86,0.41,0.1,19,21,6.02,13.86,Medium,Occasional
10120,DOGGY RUBBER,40.53,1.35,30,193,6.43,0.21,0.0,25,29,1.62,6.66,Low,Occasional
10123C,HEARTS WRAPPING TAPE ,3.25,1.08,3,5,1.67,0.65,0.0,3,3,1.08,1.67,Low,Niche
10124A,SPOTS ON RED BOOKCOVER TAPE,6.72,1.34,5,16,3.2,0.42,0.0,5,5,1.34,3.2,Low,Niche
10124G,ARMY CAMO BOOKCOVER TAPE,7.14,1.78,4,17,4.25,0.42,0.0,4,4,1.78,4.25,Low,Niche
10125,MINI FUNKY DESIGN TAPES,930.3,14.54,64,1226,19.16,0.78,0.16,49,61,18.99,20.1,High,Popular
10133,COLOURING PENCILS BROWN TUBE,1147.81,9.18,125,2394,19.15,0.53,0.19,101,123,11.36,19.46,High,Popular
10135,COLOURING PENCILS BROWN TUBE,1787.94,14.66,122,1939,15.89,1.2,0.51,92,118,19.43,16.43,High,Popular
11001,ASSTD DESIGN RACING CAR PEN,2190.05,31.74,69,1437,20.83,1.83,0.5,45,67,48.67,21.45,Premium,Popular
15030,FAN BLACK FRAME ,41.47,3.19,13,143,11.0,0.29,0.0,11,12,3.77,11.92,Low,Occasional
15034,PAPER POCKET TRAVELING FAN ,805.35,8.48,95,7804,82.15,0.14,0.02,70,95,11.5,82.15,High,Popular
15036,ASSORTED COLOURS SILK FAN,16550.12,50.3,329,22620,68.75,0.8,0.05,194,328,85.31,68.96,Premium,Best-Seller
15039,SANDALWOOD FAN,1155.25,15.61,74,1585,21.42,0.84,0.06,58,73,19.92,21.71,High,Popular
15044A,PINK PAPER PARASOL ,1251.23,15.64,80,429,5.36,3.02,0.45,53,79,23.61,5.43,High,Popular
15044B,BLUE PAPER PARASOL ,868.6,17.73,49,308,6.29,2.93,0.08,37,49,23.48,6.29,High,Popular
15044C,PURPLE PAPER PARASOL,790.45,12.55,63,275,4.37,2.94,0.07,43,62,18.38,4.44,High,Popular
15044D,RED PAPER PARASOL,1741.24,22.91,76,632,8.32,2.96,0.35,54,75,32.25,8.43,High,Popular
15056BL,EDWARDIAN PARASOL BLACK,15871.17,53.62,296,2909,9.83,5.89,0.66,142,296,111.77,9.83,Premium,Best-Seller
15056N,EDWARDIAN PARASOL NATURAL,20962.76,54.03,388,3871,9.98,5.86,0.5,184,384,113.93,10.08,Premium,Best-Seller
15056P,EDWARDIAN PARASOL PINK,4312.36,30.58,141,779,5.52,5.93,0.61,89,139,48.45,5.6,Premium,Best-Seller
15058A,BLUE POLKADOT GARDEN PARASOL,1141.95,20.76,55,153,2.78,7.78,0.43,41,55,27.85,2.78,High,Popular
15058B,PINK POLKADOT GARDEN PARASOL,903.6,21.01,43,120,2.79,7.84,0.35,32,43,28.24,2.79,High,Occasional
15058C,ICE CREAM DESIGN GARDEN PARASOL,894.35,29.81,30,193,6.43,6.35,1.99,26,30,34.4,6.43,High,Occasional
15060B,FAIRY CAKE DESIGN UMBRELLA,1486.62,15.49,96,412,4.29,3.82,0.67,68,96,21.86,4.29,High,Popular
16008,SMALL FOLDING SCISSOR(POINTED EDGE),360.71,5.15,70,2892,41.31,0.14,0.04,54,70,6.68,41.31,Medium,Popular
16010,FOLDING CAMPING SCISSOR W/KNIF & S,3.6,1.2,3,30,10.0,0.12,0.0,3,3,1.2,10.0,Low,Niche
16011,ANIMAL STICKERS,372.33,7.92,47,1773,37.72,0.21,0.0,38,46,9.8,38.54,Medium,Popular
16012,FOOD/DRINK SPONGE STICKERS,256.2,7.12,36,1220,33.89,0.21,0.0,32,34,8.01,35.88,Medium,Occasional
16014,SMALL CHINESE STYLE SCISSOR,4335.76,80.29,54,13328,246.81,0.4,0.04,34,54,127.52,246.81,Premium,Popular
16015,MEDIUM CHINESE STYLE SCISSOR,289.98,12.08,24,662,27.58,0.49,0.04,19,24,15.26,27.58,Medium,Occasional
16016,LARGE CHINESE STYLE SCISSOR,1053.45,16.21,65,1273,19.58,0.85,0.02,41,65,25.69,19.58,High,Popular
16020C,CLEAR STATIONERY BOX SET ,5.1,2.55,2,6,3.0,0.85,0.0,1,2,5.1,3.0,Low,Niche
16033,MINI HIGHLIGHTER PENS,100.8,25.2,4,840,210.0,0.12,0.0,4,4,25.2,210.0,Low,Niche
16043,POP ART PUSH DOWN RUBBER ,11.76,5.88,2,98,49.0,0.12,0.0,2,2,5.88,49.0,Low,Niche
16045,POPART WOODEN PENCILS ASST,380.0,5.51,69,8900,128.99,0.04,0.02,61,68,6.23,130.88,Medium,Popular
16046,TEATIME PEN CASE & PENS,56.95,3.56,16,67,4.19,0.85,0.0,13,13,4.38,5.15,Low,Occasional
16048,TEATIME ROUND PENCIL SHARPENER ,186.84,3.81,49,1437,29.33,0.13,0.06,41,47,4.56,30.57,Medium,Popular
16049,TEATIME GEL PENS ASST,82.08,16.42,5,504,100.8,0.24,0.16,5,5,16.42,100.8,Low,Niche
16052,TEATIME PUSH DOWN RUBBER,105.29,17.55,6,467,77.83,0.3,0.13,5,6,21.06,77.83,Low,Niche
16054,POPART RECT PENCIL SHARPENER ASST,153.48,4.51,34,1274,37.47,0.13,0.05,29,34,5.29,37.47,Medium,Occasional
16151A,FLOWERS HANDBAG blue and orange,61.25,20.42,3,49,16.33,1.25,0.0,3,3,20.42,16.33,Low,Niche
16156L,WRAP CAROUSEL,157.5,11.25,14,375,26.79,0.42,0.0,13,14,12.12,26.79,Medium,Occasional
16156L,"WRAP, CAROUSEL",42.0,10.5,4,100,25.0,0.42,0.0,4,4,10.5,25.0,Low,Niche
16156S,WRAP PINK FAIRY CAKES ,2331.0,13.96,167,5800,34.73,0.42,0.02,135,167,17.27,34.73,Premium,Best-Seller
16161G,WRAP BAD HAIR DAY,70.0,3.18,22,700,31.82,0.1,0.0,22,22,3.18,31.82,Low,Occasional
16161M,WRAP  PINK FLOCK,10.5,10.5,1,25,25.0,0.42,,1,1,10.5,25.0,Low,Niche
16161P,WRAP ENGLISH ROSE ,2990.92,12.01,249,7226,29.02,0.42,0.01,188,248,15.91,29.14,Premium,Best-Seller
16161U,WRAP SUKI AND FRIENDS,1687.5,12.59,134,4075,30.41,0.42,0.01,104,134,16.23,30.41,High,Best-Seller
16162L,THE KING GIFT BAG,11.05,1.84,6,17,2.83,0.65,0.0,5,6,2.21,2.83,Low,Niche
16162M,THE KING GIFT BAG 25x24x12cm,10.92,1.56,7,26,3.71,0.42,0.0,6,7,1.82,3.71,Low,Niche
16168M,FUNKY MONKEY GIFT BAG MEDIUM,138.18,6.91,20,329,16.45,0.42,0.0,19,20,7.27,16.45,Medium,Occasional
16169E,WRAP 50'S  CHRISTMAS,1944.96,12.8,152,4688,30.84,0.42,0.01,143,151,13.6,31.05,High,Best-Seller
16169K,WRAP FOLK ART,84.0,10.5,8,200,25.0,0.42,0.0,8,8,10.5,25.0,Low,Niche
16169M,WRAP DAISY CARPET ,277.2,10.66,26,660,25.38,0.42,0.0,24,25,11.55,26.4,Medium,Occasional
16169N,WRAP BLUE RUSSIAN FOLKART,10.5,10.5,1,25,25.0,0.42,,1,1,10.5,25.0,Low,Niche
16169P,WRAP GREEN RUSSIAN FOLKART ,21.0,10.5,2,50,25.0,0.42,0.0,2,2,10.5,25.0,Low,Niche
16202A,PASTEL PINK PHOTO ALBUM ,3.5,1.75,2,7,3.5,0.5,0.0,2,2,1.75,3.5,Low,Niche
16202B,PASTEL BLUE PHOTO ALBUM ,14.5,7.25,2,29,14.5,0.5,0.0,2,2,7.25,14.5,Low,Niche
16202E,BLACK PHOTO ALBUM ,13.05,3.26,4,16,4.0,1.76,2.52,4,4,3.26,4.0,Low,Niche
16206B,RED PURSE WITH PINK HEART,8.75,4.38,2,7,3.5,1.25,0.0,2,2,4.38,3.5,Low,Niche
16207A,PINK STRAWBERRY HANDBAG ,38.35,7.67,5,13,2.6,2.95,0.0,4,5,9.59,2.6,Low,Niche
16207B,PINK HEART RED HANDBAG,11.31,3.77,3,4,1.33,2.79,0.28,3,3,3.77,1.33,Low,Niche
16216,LETTER SHAPE PENCIL SHARPENER,227.14,5.54,41,3316,80.88,0.09,0.07,38,41,5.98,80.88,Medium,Occasional
16218,CARTOON  PENCIL SHARPENERS,253.2,5.06,50,3760,75.2,0.07,0.03,43,50,5.89,75.2,Medium,Popular
16219,HOUSE SHAPE PENCIL SHARPENER,312.78,6.52,48,2963,61.73,0.09,0.06,41,48,7.63,61.73,Medium,Popular
16225,RATTLE SNAKE EGGS,599.34,7.78,77,762,9.9,1.19,0.6,57,75,10.51,10.16,High,Popular
16235,RECYCLED PENCIL WITH RABBIT ERASER,525.96,6.41,82,2666,32.51,0.21,0.03,68,81,7.73,32.91,Medium,Popular
16236,KITTY PENCIL ERASERS,266.56,3.65,73,1296,17.75,0.21,0.01,59,73,4.52,17.75,Medium,Popular
16237,SLEEPING CAT ERASERS,898.68,5.29,170,4658,27.4,0.21,0.01,109,163,8.24,28.58,High,Best-Seller
16238,PARTY TIME PENCIL ERASERS,265.51,3.32,80,1261,15.76,0.24,0.07,61,78,4.35,16.17,Medium,Popular
16244B,MAXWELL 2 TONE BLUE 60 PAGE PHOTO A,7.85,3.92,2,7,3.5,1.23,1.03,2,2,3.92,3.5,Low,Niche
16248B,BLUE HOLE PUNCH,16.25,2.32,7,13,1.86,1.25,0.0,7,7,2.32,1.86,Low,Niche
16254,TRANSPARENT ACRYLIC TAPE DISPENSER,27.91,3.1,9,31,3.44,1.02,0.34,7,9,3.99,3.44,Low,Niche
16258A,SWIRLY CIRCULAR RUBBERS IN BAG,156.95,4.02,39,446,11.44,0.46,0.19,29,39,5.41,11.44,Medium,Occasional
16259,PIECE OF CAMO STATIONERY SET,335.2,10.48,32,3488,109.0,0.1,0.04,28,32,11.97,109.0,Medium,Occasional
17001,HEAVENS SCENT FRAGRANCE OILS ASSTD,20.88,20.88,1,72,72.0,0.29,,1,1,20.88,72.0,Low,Niche
17003,BROCADE RING PURSE ,6152.85,29.02,212,22966,108.33,1.13,6.78,136,209,45.24,109.89,Premium,Best-Seller
17007B,S/3 POT POURI CUSHIONS BLUE COLOURS,50.4,25.2,2,24,12.0,2.1,0.0,2,2,25.2,12.0,Low,Niche
17011F,ORIGAMI SANDLEWOOD INCENSE+FLOWER,62.15,10.36,6,80,13.33,1.13,0.75,6,6,10.36,13.33,Low,Niche
17012A,ORIGAMI VANILLA INCENSE/CANDLE SET ,244.9,9.8,25,270,10.8,1.11,0.65,21,24,11.66,11.25,Medium,Occasional
17012B,ORIGAMI JASMINE INCENSE/CANDLE SET,422.55,11.74,36,455,12.64,1.08,0.6,33,36,12.8,12.64,Medium,Occasional
17012C,ORIGAMI LAVENDER INCENSE/CANDL SET ,344.35,7.83,44,363,8.25,1.15,0.67,37,43,9.31,8.44,Medium,Occasional
17012D,ORIGAMI ROSE INCENSE/CANDLE SET ,366.35,7.96,46,387,8.41,1.11,0.62,35,44,10.47,8.8,Medium,Popular
17012E,ORIGAMI OPIUM INCENSE/CANDLE SET ,52.05,13.01,4,59,14.75,1.52,1.18,3,3,17.35,19.67,Low,Niche
17012F,ORIGAMI SANDLEWOOD INCENSE/CAND SET,329.05,7.83,42,365,8.69,1.0,0.51,33,42,9.97,8.69,Medium,Occasional
17013D,ORIGAMI ROSE INCENSE IN TUBE,257.88,23.44,11,532,48.36,0.87,0.62,10,11,25.79,48.36,Medium,Occasional
17014A,ORIGAMI VANILLA INCENSE CONES,67.83,9.69,7,154,22.0,0.61,0.46,7,7,9.69,22.0,Low,Niche
17021,NAMASTE SWAGAT INCENSE,643.14,11.28,57,2427,42.58,0.29,0.02,30,47,21.44,51.64,High,Popular
17028J,INCENSE BAZAAR PEACH,2.52,2.52,1,6,6.0,0.42,,1,1,2.52,6.0,Low,Niche
17038,PORCELAIN BUDAH INCENSE HOLDER,138.1,7.27,19,1501,79.0,0.1,0.01,18,19,7.67,79.0,Medium,Occasional
17084A,TRANQUILITY MASALA INCENSE,42.0,6.0,7,200,28.57,0.21,0.0,7,7,6.0,28.57,Low,Niche
17084J,LOVE POTION MASALA INCENSE,47.25,5.91,8,225,28.12,0.21,0.0,8,8,5.91,28.12,Low,Niche
17084N,FAIRY DREAMS INCENSE ,212.75,6.65,32,1025,32.03,0.21,0.01,25,32,8.51,32.03,Medium,Occasional
17084P,DRAGONS BLOOD INCENSE,73.29,5.64,13,349,26.85,0.21,0.0,12,13,6.11,26.85,Low,Occasional
17084R,ASSORTED INCENSE PACK,760.32,28.16,27,4032,149.33,0.2,0.02,16,27,47.52,149.33,High,Occasional
17090A,LAVENDER INCENSE 40 CONES IN TIN,107.45,10.74,10,109,10.9,1.17,0.17,9,10,11.94,10.9,Low,Niche
17090D,VANILLA INCENSE 40 CONES IN TIN,36.25,2.79,13,29,2.23,1.25,0.0,6,12,6.04,2.42,Low,Occasional
17091A,LAVENDER INCENSE IN TIN,99.29,3.82,26,172,6.62,0.78,0.44,19,25,5.23,6.88,Low,Occasional
17091J,VANILLA INCENSE IN TIN,876.34,9.63,91,2066,22.7,0.55,0.34,66,87,13.28,23.75,High,Popular
17096,ASSORTED LAQUERED INCENSE HOLDERS,443.76,34.14,13,2516,193.54,0.2,0.02,12,13,36.98,193.54,Medium,Occasional
17107D,FLOWER FAIRY 5 DRAWER LINERS,153.0,7.29,21,60,2.86,2.55,0.0,18,20,8.5,3.0,Medium,Occasional
17107D,FLOWER FAIRY 5 SUMMER DRAW LINERS,15.3,15.3,1,6,6.0,2.55,,1,1,15.3,6.0,Low,Niche
17107D,"FLOWER FAIRY,5 SUMMER B'DRAW LINERS",267.75,10.71,25,105,4.2,2.55,0.0,24,25,11.16,4.2,Medium,Occasional
17109D,FLOWER FAIRY INCENSE BOUQUET,32.35,6.47,5,61,12.2,0.9,0.72,4,5,8.09,12.2,Low,Niche
17129F,BLUE GLASS GEMS IN BAG,292.95,14.65,20,429,21.45,0.84,0.29,11,20,26.63,21.45,Medium,Occasional
17136A,BLUE STONES ON WIRE FOR CANDLE,33.75,1.69,20,404,20.2,0.1,0.05,16,17,2.11,23.76,Low,Occasional
17164B,ASS COL SMALL SAND GECKO P'WEIGHT,12.18,1.22,10,29,2.9,0.42,0.0,9,9,1.35,3.22,Low,Niche
17165D,ASS COL LARGE SAND FROG P'WEIGHT,28.35,4.05,7,27,3.86,1.05,0.0,6,7,4.73,3.86,Low,Niche
17174,ASSTD RASTA KEY-CHAINS,3.78,1.26,3,9,3.0,0.42,0.0,3,3,1.26,3.0,Low,Niche
17191A,ROSE FLOWER CANDLE+INCENSE 16X16CM,15.0,7.5,2,4,2.0,3.75,0.0,1,2,15.0,2.0,Low,Niche
18007,ESSENTIAL BALM 3.5g TIN IN ENVELOPE,383.76,21.32,18,5856,325.33,0.17,0.04,15,17,25.58,344.47,Medium,Occasional
18094C,WHITE AND BLUE CERAMIC OIL BURNER,153.1,10.21,15,134,8.93,1.2,0.14,13,15,11.78,8.93,Medium,Occasional
18097A,PINK TALL PORCELAIN T-LIGHT HOLDER ,12.75,3.19,4,5,1.25,2.55,0.0,4,4,3.19,1.25,Low,Niche
18097C,WHITE TALL PORCELAIN T-LIGHT HOLDER,2043.15,35.23,58,965,16.64,2.5,0.17,43,54,47.52,17.87,Premium,Popular
18098C,PORCELAIN BUTTERFLY OIL BURNER,540.55,14.23,38,193,5.08,2.92,0.11,24,36,22.52,5.36,Medium,Occasional
20615,BLUE POLKADOT PASSPORT COVER,233.34,6.67,35,231,6.6,1.48,0.93,28,35,8.33,6.6,Medium,Occasional
20616,CHERRY BLOSSOM PASSPORT COVER,122.78,4.91,25,134,5.36,1.32,0.87,19,25,6.46,5.36,Medium,Occasional
20617,FIRST CLASS PASSPORT COVER ,137.74,5.3,26,66,2.54,2.22,0.57,20,26,6.89,2.54,Medium,Occasional
20618,QUEEN OF THE SKIES PASSPORT COVER ,137.88,4.92,28,68,2.43,2.07,0.11,20,28,6.89,2.43,Medium,Occasional
20619,TROPICAL PASSPORT COVER ,206.23,9.37,22,142,6.45,2.31,0.96,16,22,12.89,6.45,Medium,Occasional
20622,VIP PASSPORT COVER ,73.5,6.68,11,35,3.18,2.1,0.0,8,11,9.19,3.18,Low,Occasional
20622,VIPPASSPORT COVER ,166.68,7.58,22,128,5.82,1.94,0.4,18,21,9.26,6.1,Medium,Occasional
20652,BLUE POLKADOT LUGGAGE TAG ,194.76,5.41,36,150,4.17,1.42,0.42,26,33,7.49,4.55,Medium,Occasional
20653,CHERRY BLOSSOM LUGGAGE TAG,43.67,7.28,6,33,5.5,1.65,0.62,5,6,8.73,5.5,Low,Niche
20654,FIRST CLASS LUGGAGE TAG ,126.69,5.28,24,105,4.38,1.23,0.05,21,23,6.03,4.57,Medium,Occasional
20655,QUEEN OF SKIES LUGGAGE TAG,109.11,3.21,34,89,2.62,1.31,0.3,20,34,5.46,2.62,Low,Occasional
20657,TROPICAL LUGGAGE TAG,76.39,3.47,22,61,2.77,1.35,0.36,20,22,3.82,2.77,Low,Occasional
20658,RED RETROSPOT LUGGAGE TAG,410.0,6.61,62,328,5.29,1.25,0.0,44,59,9.32,5.56,Medium,Popular
20659,ECONOMY LUGGAGE TAG,140.81,4.4,32,95,2.97,1.54,0.54,18,29,7.82,3.28,Medium,Occasional
20661,BLUE POLKADOT PURSE ,35.07,7.01,5,9,1.8,4.65,1.56,3,5,11.69,1.8,Low,Niche
20662,FIRST CLASS HOLIDAY PURSE ,40.97,8.19,5,11,2.2,4.09,1.56,4,5,10.24,2.2,Low,Niche
20663,QUEEN OF THE SKIES HOLIDAY PURSE ,11.69,3.9,3,3,1.0,3.9,1.64,3,3,3.9,1.0,Low,Niche
20664,TROPICAL HOLIDAY PURSE ,17.7,5.9,3,6,2.0,2.95,0.0,3,3,5.9,2.0,Low,Niche
20665,RED RETROSPOT PURSE ,998.2,13.67,73,340,4.66,2.94,0.05,58,73,17.21,4.66,High,Popular
20666,ECONOMY HOLIDAY PURSE,11.8,2.95,4,4,1.0,2.95,0.0,4,4,2.95,1.0,Low,Niche
20667,CHERRY BLOSSOM PURSE,2.95,2.95,1,1,1.0,2.95,,1,1,2.95,1.0,Low,Niche
20668,DISCO BALL CHRISTMAS DECORATION,1408.56,7.49,188,12714,67.63,0.12,0.01,111,181,12.69,70.24,High,Best-Seller
20669,RED HEART LUGGAGE TAG,243.75,5.19,47,195,4.15,1.25,0.0,36,42,6.77,4.64,Medium,Popular
20670,VIP HOLIDAY PURSE,29.28,4.88,6,8,1.33,3.9,1.47,5,6,5.86,1.33,Low,Niche
20671,BLUE TEATIME PRINT BOWL ,12.5,6.25,2,10,5.0,1.25,0.0,2,2,6.25,5.0,Low,Niche
20674,GREEN POLKADOT BOWL,1656.56,10.83,153,1379,9.01,1.25,0.1,101,150,16.4,9.19,High,Best-Seller
20675,BLUE POLKADOT BOWL,3194.9,14.01,228,2741,12.02,1.24,0.09,150,225,21.3,12.18,Premium,Best-Seller
20676,RED RETROSPOT BOWL,5074.48,16.53,307,4385,14.28,1.24,0.13,186,301,27.28,14.57,Premium,Best-Seller
20677,PINK POLKADOT BOWL,3648.83,16.22,225,3164,14.06,1.26,0.19,133,221,27.43,14.32,Premium,Best-Seller
20678,LARGE BLACK DIAMANTE HAIRSLIDE,6.6,6.6,1,4,4.0,1.65,,1,1,6.6,4.0,Low,Niche
20679,EDWARDIAN PARASOL RED,9097.52,33.45,272,1637,6.02,5.92,0.63,141,271,64.52,6.04,Premium,Best-Seller
20681,PINK POLKADOT CHILDRENS UMBRELLA,412.75,11.47,36,127,3.53,3.25,0.0,30,35,13.76,3.63,Medium,Occasional
20682,RED RETROSPOT CHILDRENS UMBRELLA,3694.66,19.55,189,1160,6.14,3.31,0.49,140,188,26.39,6.17,Premium,Best-Seller
20684,STRAWBERRY DREAM CHILDS UMBRELLA,253.5,7.68,33,78,2.36,3.25,0.0,30,32,8.45,2.44,Medium,Occasional
20685,DOORMAT RED RETROSPOT,25843.17,44.18,585,3965,6.78,7.75,0.76,328,582,78.79,6.81,Premium,Best-Seller
20686,DOLLY MIXTURE CHILDREN'S UMBRELLA,832.13,12.8,65,255,3.92,3.3,0.42,51,64,16.32,3.98,High,Popular
20694,FLORAL PINK MONSTER,135.0,12.27,11,36,3.27,3.75,0.0,9,10,15.0,3.6,Medium,Occasional
20695,FLORAL BLUE MONSTER,21.25,5.31,4,5,1.25,4.25,0.0,4,4,5.31,1.25,Low,Niche
20696,FLORAL SOFT CAR TOY,120.0,12.0,10,32,3.2,3.75,0.0,10,10,12.0,3.2,Medium,Niche
20697,LITTLE GREEN MONSTER SOFT TOY,48.45,4.4,11,19,1.73,2.55,0.0,8,9,6.06,2.11,Low,Occasional
20698,LITTLE PINK MONSTER SOFT TOY,40.8,5.1,8,16,2.0,2.55,0.0,7,7,5.83,2.29,Low,Niche
20699,MOUSEY LONG LEGS SOFT TOY,73.95,6.72,11,29,2.64,2.55,0.0,11,11,6.72,2.64,Low,Occasional
20700,GREEN CAT FLORAL CUSHION COVER ,37.5,9.38,4,10,2.5,3.75,0.0,4,4,9.38,2.5,Low,Niche
20701,PINK CAT FLORAL CUSHION COVER ,22.5,7.5,3,6,2.0,3.75,0.0,3,3,7.5,2.0,Low,Niche
20702,PINK PADDED MOBILE,544.0,13.27,41,128,3.12,4.25,0.0,31,40,17.55,3.2,Medium,Occasional
20703,BLUE PADDED SOFT MOBILE,34.0,8.5,4,8,2.0,4.25,0.0,3,4,11.33,2.0,Low,Niche
20704,MR ROBOT SOFT TOY,654.25,16.36,40,215,5.38,4.82,2.5,38,40,17.22,5.38,High,Occasional
20705,MRS ROBOT SOFT TOY,430.8,14.86,29,144,4.97,4.71,2.53,27,29,15.96,4.97,Medium,Occasional
20707,CRAZY DAISY HEART DECORATION,196.77,6.15,32,156,4.88,1.53,0.55,20,32,9.84,4.88,Medium,Occasional
20711,JUMBO BAG TOYS ,7729.59,30.43,254,4220,16.61,2.01,0.12,152,252,50.85,16.75,Premium,Best-Seller
20712,JUMBO BAG WOODLAND ANIMALS,15935.98,31.56,505,8426,16.69,2.03,0.19,247,500,64.52,16.85,Premium,Best-Seller
20713,JUMBO BAG OWLS,19508.35,45.69,427,10709,25.08,2.02,0.26,207,417,94.24,25.68,Premium,Best-Seller
20716,PARTY FOOD SHOPPER BAG,373.5,10.67,35,314,8.97,1.24,0.03,31,34,12.05,9.24,Medium,Occasional
20717,STRAWBERRY SHOPPER BAG,2468.38,10.42,237,2046,8.63,1.28,0.19,150,232,16.46,8.82,Premium,Best-Seller
20718,RED RETROSPOT SHOPPER BAG,5144.55,13.06,394,4288,10.88,1.26,0.16,237,388,21.71,11.05,Premium,Best-Seller
20719,WOODLAND CHARLOTTE BAG,7364.64,13.29,554,9349,16.88,0.84,0.08,238,539,30.94,17.35,Premium,Best-Seller
20723,STRAWBERRY CHARLOTTE BAG,5583.66,10.91,512,6922,13.52,0.86,0.12,232,504,24.07,13.73,Premium,Best-Seller
20724,RED RETROSPOT CHARLOTTE BAG,10296.16,13.42,767,13032,16.99,0.85,0.09,335,755,30.73,17.26,Premium,Best-Seller
20725,LUNCH BAG RED RETROSPOT,28866.85,21.26,1358,18249,13.44,1.66,0.22,532,1329,54.26,13.73,Premium,Best-Seller
20725,LUNCH BAG RED SPOTTY,290.0,290.0,1,200,200.0,1.45,,1,1,290.0,200.0,Medium,Niche
20726,LUNCH BAG WOODLAND,14672.01,17.04,861,9197,10.68,1.66,0.19,373,839,39.34,10.96,Premium,Best-Seller
20727,LUNCH BAG  BLACK SKULL.,18210.25,16.17,1126,11409,10.13,1.64,0.04,458,1073,39.76,10.63,Premium,Best-Seller
20728,LUNCH BAG CARS BLUE,17593.18,17.38,1012,11034,10.9,1.66,0.18,481,989,36.58,11.16,Premium,Best-Seller
20731,POSY CANDY BAG,92.5,11.56,8,74,9.25,1.25,0.0,8,8,11.56,9.25,Low,Niche
20733,GOLD MINI TAPE MEASURE ,904.9,18.1,50,1218,24.36,0.84,0.04,30,47,30.16,25.91,High,Popular
20735,BLACK MINI TAPE MEASURE ,121.3,4.04,30,158,5.27,0.85,0.02,11,30,11.03,5.27,Medium,Occasional
20748,KENSINGTON COFFEE SET,675.75,22.52,30,53,1.77,12.75,0.0,26,30,25.99,1.77,High,Occasional
20749,ASSORTED COLOUR MINI CASES,12187.01,32.59,374,1727,4.62,7.79,0.68,239,371,50.99,4.65,Premium,Best-Seller
20750,RED RETROSPOT MINI CASES,12264.5,33.06,371,1718,4.63,7.75,0.53,235,369,52.19,4.66,Premium,Best-Seller
20751,FUNKY WASHING UP GLOVES ASSORTED,1986.36,10.03,198,974,4.92,2.1,0.04,127,172,15.64,5.66,High,Best-Seller
20752,BLUE POLKADOT WASHING UP GLOVES,774.9,6.51,119,369,3.1,2.1,0.0,92,117,8.42,3.15,High,Popular
20754,RETROSPOT RED WASHING UP GLOVES,2672.58,10.95,244,1357,5.56,2.09,0.06,153,240,17.47,5.65,Premium,Best-Seller
20755,BLUE PAISLEY POCKET BOOK,248.2,4.87,51,292,5.73,0.85,0.0,44,50,5.64,5.84,Medium,Popular
20756,GREEN FERN POCKET BOOK,53.55,2.43,22,63,2.86,0.85,0.0,20,22,2.68,2.86,Low,Occasional
20757,RED DAISY POCKET BOOK ,140.18,4.25,33,164,4.97,0.87,0.14,30,30,4.67,5.47,Medium,Occasional
20758,ABSTRACT CIRCLES POCKET BOOK,136.85,3.11,44,161,3.66,0.85,0.0,35,41,3.91,3.93,Medium,Occasional
20759,CHRYSANTHEMUM POCKET BOOK ,54.4,2.72,20,64,3.2,0.85,0.0,17,20,3.2,3.2,Low,Occasional
20760,GARDEN PATH POCKET BOOK,58.65,2.67,22,69,3.14,0.85,0.0,18,21,3.26,3.29,Low,Occasional
20761,BLUE PAISLEY SKETCHBOOK,419.92,7.63,55,110,2.0,3.82,0.5,46,52,9.13,2.12,Medium,Popular
20762,GREEN FERN SKETCHBOOK ,382.46,7.5,51,101,1.98,3.82,0.52,42,51,9.11,1.98,Medium,Popular
20763,DAISY SKETCHBOOK ,189.96,7.6,25,71,2.84,3.7,1.04,24,25,7.92,2.84,Medium,Occasional
20764,ABSTRACT CIRCLES SKETCHBOOK ,491.13,7.92,62,128,2.06,3.93,0.8,45,60,10.91,2.13,Medium,Popular
20765,CHRYSANTHEMUM SKETCHBOOK ,374.84,7.07,53,96,1.81,3.96,0.87,45,51,8.33,1.88,Medium,Popular
20766,GARDEN PATH SKETCHBOOK,422.08,8.44,50,113,2.26,3.88,0.75,41,47,10.29,2.4,Medium,Popular
20767,BLUE PAISLEY JOURNAL ,541.97,8.88,61,217,3.56,2.62,0.44,50,58,10.84,3.74,Medium,Popular
20768,GREEN FERN JOURNAL ,320.26,8.66,37,131,3.54,2.6,0.41,31,36,10.33,3.64,Medium,Occasional
20769,DAISY JOURNAL ,173.12,6.66,26,66,2.54,2.64,0.47,21,26,8.24,2.54,Medium,Occasional
20770,ABSTRACT CIRCLE JOURNAL ,259.2,8.94,29,108,3.72,2.53,0.08,24,28,10.8,3.86,Medium,Occasional
20771,CHRYSANTHEMUM  JOURNAL,183.46,6.55,28,71,2.54,2.64,0.46,21,27,8.74,2.63,Medium,Occasional
20772,GARDEN PATH JOURNAL,537.01,11.43,47,219,4.66,2.59,0.36,40,47,13.43,4.66,Medium,Popular
20773,BLUE PAISLEY NOTEBOOK,92.4,3.85,24,56,2.33,1.65,0.0,21,23,4.4,2.43,Low,Occasional
20774,GREEN FERN NOTEBOOK,85.8,3.73,23,52,2.26,1.65,0.0,21,22,4.09,2.36,Low,Occasional
20775,DAISY NOTEBOOK ,105.6,4.8,22,64,2.91,1.65,0.0,19,20,5.56,3.2,Low,Occasional
20777,CHRYSANTHEMUM NOTEBOOK,156.75,4.35,36,95,2.64,1.65,0.0,32,36,4.9,2.64,Medium,Occasional
20778,GARDEN PATH NOTEBOOK ,24.75,3.09,8,15,1.88,1.65,0.0,8,8,3.09,1.88,Low,Niche
20780,BLACK EAR MUFF HEADPHONES,198.35,10.44,19,37,1.95,5.72,1.24,13,17,15.26,2.18,Medium,Occasional
20781,GOLD EAR MUFF HEADPHONES,167.01,6.96,24,33,1.38,4.9,1.35,19,21,8.79,1.57,Medium,Occasional
20782,CAMOUFLAGE EAR MUFF HEADPHONES,221.36,12.3,18,40,2.22,5.59,1.54,12,17,18.45,2.35,Medium,Occasional
20785,FUSCHIA RETRO BAR STOOL,523.3,104.66,5,14,2.8,39.15,1.79,4,5,130.82,2.8,Medium,Niche
20793,BLUE TILED TRAY,87.75,17.55,5,13,2.6,6.75,0.0,4,5,21.94,2.6,Low,Niche
20794,BLUE  TILE HOOK,236.1,13.12,18,94,5.22,2.52,0.11,15,17,15.74,5.53,Medium,Occasional
20795,LARGE BLUE PROVENCAL CERAMIC BALL,105.0,10.5,10,50,5.0,2.1,0.0,6,10,17.5,5.0,Low,Niche
20796,SMALL BLUE PROVENCAL CERAMIC BALL,100.65,12.58,8,61,7.62,1.65,0.0,8,8,12.58,7.62,Low,Niche
20798,CLEAR MILKSHAKE GLASS,82.2,13.7,6,40,6.67,2.02,0.18,6,6,13.7,6.67,Low,Niche
20801,LARGE PINK GLASS SUNDAE DISH,732.16,12.84,57,880,15.44,0.93,0.51,47,56,15.58,15.71,High,Popular
20802,SMALL GLASS SUNDAE DISH CLEAR,750.51,16.32,46,687,14.93,1.45,0.44,40,46,18.76,14.93,High,Popular
20803,SMALL PINK GLASS SUNDAE DISH,414.81,12.2,34,985,28.97,0.51,0.36,26,33,15.95,29.85,Medium,Occasional
20816,GOLD FLOWER CUSHION COVER ,15.6,7.8,2,8,4.0,1.95,0.0,1,2,15.6,4.0,Low,Niche
20818,GOLD TEDDY BEAR,20.0,10.0,2,12,6.0,2.5,1.77,2,2,10.0,6.0,Low,Niche
20819,SILVER TEDDY BEAR,183.71,11.48,16,48,3.0,3.98,0.93,14,16,13.12,3.0,Medium,Occasional
20820,SILVER LOOKING MIRROR,24.75,12.38,2,5,2.5,4.95,0.0,2,2,12.38,2.5,Low,Niche
20821,GOLDIE LOOKING MIRROR,138.6,19.8,7,28,4.0,4.95,0.0,5,7,27.72,4.0,Medium,Niche
20823,GOLD WINE GOBLET,129.56,16.2,8,164,20.5,0.79,0.0,6,7,21.59,23.43,Medium,Niche
20826,SILVER APERITIF GLASS,128.4,16.05,8,276,34.5,0.82,0.8,7,8,18.34,34.5,Medium,Niche
20827,GOLD APERITIF GLASS,34.32,17.16,2,88,44.0,0.39,0.0,1,2,34.32,44.0,Low,Niche
20828,GLITTER BUTTERFLY CLIPS,2494.2,13.41,186,1012,5.44,2.54,0.07,116,177,21.5,5.72,Premium,Best-Seller
20829,GLITTER HANGING BUTTERFLY STRING,2735.75,15.63,175,1385,7.91,2.15,0.35,90,169,30.4,8.2,Premium,Best-Seller
20830,SILVER PHOTO FRAME,159.6,7.6,21,76,3.62,2.1,0.0,20,21,7.98,3.62,Medium,Occasional
20831,GOLD PHOTO FRAME,272.34,11.35,24,169,7.04,1.86,0.5,19,24,14.33,7.04,Medium,Occasional
20832,RED FLOCK LOVE HEART PHOTO FRAME,527.89,9.1,58,1035,17.84,0.58,0.22,47,56,11.23,18.48,Medium,Popular
20835,FRENCH LATTICE CUSHION COVER ,54.78,7.83,7,66,9.43,0.83,0.0,7,7,7.83,9.43,Low,Niche
20836,FRENCH PAISLEY CUSHION COVER,151.06,8.39,18,182,10.11,0.83,0.0,14,18,10.79,10.11,Medium,Occasional
20837,FRENCH FLORAL CUSHION COVER ,142.47,9.5,15,141,9.4,0.97,0.55,14,15,10.18,9.4,Medium,Occasional
20838,FRENCH LATTICE CUSHION COVER ,293.14,8.62,34,342,10.06,0.92,0.42,30,34,9.77,10.06,Medium,Occasional
20839,FRENCH PAISLEY CUSHION COVER ,411.84,8.4,49,452,9.22,0.99,0.54,44,49,9.36,9.22,Medium,Popular
20840,FRENCH FLORAL CUSHION COVER ,409.48,9.1,45,476,10.58,0.96,0.51,35,44,11.7,10.82,Medium,Popular
20845,ZINC HEART LATTICE 2 WALL PLANTER,120.65,10.97,11,19,1.73,6.35,0.0,7,11,17.24,1.73,Medium,Occasional
20846,ZINC HEART LATTICE T-LIGHT HOLDER,785.47,12.27,64,647,10.11,1.26,0.16,50,62,15.71,10.44,High,Popular
20847,ZINC HEART LATTICE CHARGER LARGE,172.5,12.32,14,46,3.29,3.75,0.0,12,14,14.38,3.29,Medium,Occasional
20848,ZINC HEART LATTICE CHARGER SMALL,61.95,7.74,8,21,2.62,2.95,0.0,7,8,8.85,2.62,Low,Niche
20851,ZINC HEART LATTICE TRAY OVAL ,53.55,7.65,7,9,1.29,5.95,0.0,5,7,10.71,1.29,Low,Niche
20854,BLUE PATCH PURSE PINK HEART,279.2,14.69,19,180,9.47,1.64,0.05,16,18,17.45,10.0,Medium,Occasional
20856,DENIM PATCH PURSE PINK BUTTERFLY,247.5,8.84,28,150,5.36,1.65,0.0,26,28,9.52,5.36,Medium,Occasional
20857,BLUE ROSE PATCH PURSE PINK BUTTERFL,77.55,8.62,9,47,5.22,1.65,0.0,7,9,11.08,5.22,Low,Niche
20861,GOLD COSMETIC BAG PINK STAR,4.2,2.1,2,2,1.0,2.1,0.0,2,2,2.1,1.0,Low,Niche
20866,BLUE ROSE FABRIC MIRROR,615.79,15.79,39,529,13.56,1.3,0.28,34,38,18.11,13.92,High,Occasional
20867,PINK ROSE FABRIC MIRROR,231.47,9.26,25,187,7.48,1.24,0.04,23,25,10.06,7.48,Medium,Occasional
20868,SILVER FABRIC MIRROR,159.26,5.14,31,381,12.29,0.57,0.46,29,31,5.49,12.29,Medium,Occasional
20869,GOLD FABRIC MIRROR,54.21,3.01,18,139,7.72,0.39,0.0,17,17,3.19,8.18,Low,Occasional
20878,SET/9 CHRISTMAS T-LIGHTS SCENTED ,31.25,3.91,8,25,3.12,1.25,0.0,7,7,4.46,3.57,Low,Niche
20886,BOX OF 9 PEBBLE CANDLES,863.1,10.93,79,458,5.8,1.95,0.03,55,77,15.69,5.95,High,Popular
20892,SET/3 TALL GLASS CANDLE HOLDER PINK,12.75,12.75,1,1,1.0,12.75,,1,1,12.75,1.0,Low,Niche
20893,HANGING BAUBLE T-LIGHT HOLDER SMALL,644.7,30.7,21,295,14.05,2.46,0.18,16,20,40.29,14.75,High,Occasional
20894,HANGING BAUBLE T-LIGHT HOLDER LARGE,73.75,8.19,9,25,2.78,2.95,0.0,9,9,8.19,2.78,Low,Niche
20897,VINTAGE NOTEBOOK PARIS DAYS,265.75,26.58,10,97,9.7,2.91,0.13,9,10,29.53,9.7,Medium,Niche
20898,VINTAGE NOTEBOOK TRAVELOGUE,91.45,15.24,6,31,5.17,2.95,0.0,4,5,22.86,6.2,Low,Niche
20901,VINTAGE KEEPSAKE BOX PINK FLOWER,38.1,9.52,4,6,1.5,6.35,0.0,2,3,19.05,2.0,Low,Niche
20902,VINTAGE KEEPSAKE BOX PARIS DAYS,190.35,31.72,6,33,5.5,6.22,0.33,6,6,31.72,5.5,Medium,Niche
20903,VINTAGE KEEPSAKE BOX TRAVELOGUE,127.0,12.7,10,20,2.0,6.35,0.0,10,10,12.7,2.0,Medium,Niche
20906,VINTAGE NOTEBOOK BEAUTY GIRL,8.85,4.43,2,3,1.5,2.95,0.0,2,2,4.42,1.5,Low,Niche
20910,VINTAGE PHOTO ALBUM PARIS DAYS,50.8,16.93,3,8,2.67,6.35,0.0,2,3,25.4,2.67,Low,Niche
20914,SET/5 RED RETROSPOT LID GLASS BOWLS,16870.43,20.65,817,5989,7.33,2.95,0.32,360,797,46.86,7.51,Premium,Best-Seller
20914,SET/5 RED SPOTTY LID GLASS BOWLS,734.4,734.4,1,288,288.0,2.55,,1,1,734.4,288.0,High,Niche
20931,BLUE POT PLANT CANDLE ,835.75,21.43,39,277,7.1,3.11,0.66,35,39,23.88,7.1,High,Occasional
20932,PINK POT PLANT CANDLE,545.75,22.74,24,199,8.29,3.0,0.77,22,24,24.81,8.29,Medium,Occasional
20933,YELLOW POT PLANT CANDLE,71.05,7.89,9,23,2.56,3.13,0.35,9,9,7.89,2.56,Low,Niche
20934,SET/3 POT PLANT CANDLES,369.6,15.4,24,68,2.83,5.43,0.1,22,24,16.8,2.83,Medium,Occasional
20935,ROUND CACTUS CANDLE,17.7,4.43,4,6,1.5,2.95,0.0,4,4,4.42,1.5,Low,Niche
20936,FORKED CACTUS CANDLE,275.93,10.22,27,93,3.44,3.08,0.85,21,27,13.14,3.44,Medium,Occasional
20941,FROG CANDLE,78.75,4.14,19,63,3.32,1.25,0.0,14,18,5.62,3.5,Low,Occasional
20956,PORCELAIN T-LIGHT HOLDERS ASSORTED,922.38,14.64,63,735,11.67,1.29,0.21,51,61,18.09,12.05,High,Popular
20957,PORCELAIN HANGING BELL SMALL,1.45,1.45,1,1,1.0,1.45,,1,1,1.45,1.0,Low,Niche
20961,STRAWBERRY BATH SPONGE ,1368.11,10.44,131,1079,8.24,1.31,0.27,82,128,16.68,8.43,High,Popular
20963,APPLE BATH SPONGE,1400.49,11.12,126,1102,8.75,1.33,0.3,83,122,16.87,9.03,High,Popular
20964,POLYESTER FILLER PAD 60x40cm,5.1,5.1,1,2,2.0,2.55,,1,1,5.1,2.0,Low,Niche
20966,SANDWICH BATH SPONGE,698.25,17.03,41,589,14.37,1.25,0.03,28,41,24.94,14.37,High,Occasional
20967,GREY FLORAL FELTCRAFT SHOULDER BAG,963.75,12.68,76,257,3.38,3.75,0.0,63,75,15.3,3.43,High,Popular
20969,RED FLORAL FELTCRAFT SHOULDER BAG,7714.38,29.44,262,2165,8.26,3.82,0.56,157,259,49.14,8.36,Premium,Best-Seller
20970,PINK FLORAL FELTCRAFT SHOULDER BAG,3994.88,17.07,234,1084,4.63,3.78,0.43,141,232,28.33,4.67,Premium,Best-Seller
20971,PINK BLUE FELT CRAFT TRINKET BOX,14408.16,30.46,473,12842,27.15,1.27,0.19,277,461,52.02,27.86,Premium,Best-Seller
20972,PINK CREAM FELT CRAFT TRINKET BOX ,8663.49,15.72,551,7143,12.96,1.27,0.19,311,536,27.86,13.33,Premium,Best-Seller
20973,12 PENCIL SMALL TUBE WOODLAND,2553.75,8.72,293,4011,13.69,0.67,0.1,192,278,13.3,14.43,Premium,Best-Seller
20974,12 PENCILS SMALL TUBE SKULL,4603.0,15.04,306,7300,23.86,0.65,0.01,195,294,23.61,24.83,Premium,Best-Seller
20975,12 PENCILS SMALL TUBE RED RETROSPOT,4179.2,13.1,319,6520,20.44,0.65,0.01,231,311,18.09,20.96,Premium,Best-Seller
20977,36 PENCILS TUBE WOODLAND,2065.68,13.86,149,1672,11.22,1.25,0.02,111,146,18.61,11.45,Premium,Best-Seller
20978,36 PENCILS TUBE SKULLS,2034.43,10.94,186,1647,8.85,1.25,0.01,133,180,15.3,9.15,Premium,Best-Seller
20979,36 PENCILS TUBE RED RETROSPOT,4433.51,17.73,250,3683,14.73,1.24,0.03,165,246,26.87,14.97,Premium,Best-Seller
20980,36 PENCILS TUBE POSY,45.0,3.75,12,36,3.0,1.25,0.0,11,12,4.09,3.0,Low,Occasional
20981,12 PENCILS TALL TUBE WOODLAND,1589.5,7.39,215,1870,8.7,0.85,0.0,157,212,10.12,8.82,High,Best-Seller
20982,12 PENCILS TALL TUBE SKULLS,1713.31,7.61,225,2023,8.99,0.85,0.01,158,218,10.84,9.28,High,Best-Seller
20983,12 PENCILS TALL TUBE RED RETROSPOT,2253.91,8.91,253,2659,10.51,0.85,0.01,185,237,12.18,11.22,Premium,Best-Seller
20984,12 PENCILS TALL TUBE POSY,1175.97,6.64,177,3833,21.66,0.36,0.19,135,168,8.71,22.82,High,Best-Seller
20985,HEART CALCULATOR,1180.31,11.92,99,1033,10.43,1.28,0.22,66,90,17.88,11.48,High,Popular
20986,BLUE CALCULATOR RULER,546.76,8.68,63,462,7.33,1.32,0.3,40,58,13.67,7.97,Medium,Popular
20992,JAZZ HEARTS PURSE NOTEBOOK,1867.05,7.15,261,4365,16.72,0.46,0.17,162,244,11.52,17.89,High,Best-Seller
20996,JAZZ HEARTS ADDRESS BOOK,648.69,3.45,188,3057,16.26,0.25,0.13,124,184,5.23,16.61,High,Best-Seller
20997,ROSE DU SUD CUSHION COVER ,74.25,14.85,5,15,3.0,4.95,0.0,4,5,18.56,3.0,Low,Niche
20998,ROSE DU SUD OVEN GLOVE,348.25,12.44,28,119,4.25,2.94,0.08,27,28,12.9,4.25,Medium,Occasional
21000,ROSE DU SUD COSMETICS BAG,195.5,11.5,17,46,2.71,4.25,0.0,16,16,12.22,2.88,Medium,Occasional
21001,ROSE DU SUD WASHBAG ,148.75,11.44,13,25,1.92,5.95,0.0,12,12,12.4,2.08,Medium,Occasional
21002,ROSE DU SUD DRAWSTRING BAG,46.75,11.69,4,11,2.75,4.25,0.0,4,4,11.69,2.75,Low,Niche
21003,ROSE DU SUD CUSHION COVER,82.55,13.76,6,13,2.17,6.35,0.0,6,6,13.76,2.17,Low,Niche
21011,GLITTER SNOW PEAR TREE DECORATION,26.1,13.05,2,18,9.0,1.45,0.0,2,2,13.05,9.0,Low,Niche
21012,ANTIQUE ALL GLASS CANDLESTICK,1139.6,13.57,84,570,6.79,2.09,0.08,66,81,17.27,7.04,High,Popular
21014,SWISS CHALET TREE DECORATION ,455.57,6.51,70,1233,17.61,0.41,0.23,64,66,7.12,18.68,Medium,Popular
21015,DARK BIRD HOUSE TREE DECORATION,379.07,5.49,69,1255,18.19,0.32,0.13,59,67,6.42,18.73,Medium,Popular
21018,BIRD BOX CHRISTMAS TREE DECORATION,18.7,3.74,5,22,4.4,0.85,0.0,4,4,4.68,5.5,Low,Niche
21025,SPACE FROG,127.25,7.95,16,100,6.25,1.46,0.5,14,16,9.09,6.25,Medium,Occasional
21026,SPACE OWL,177.37,7.09,25,143,5.72,1.34,0.34,20,22,8.87,6.5,Medium,Occasional
21027,NINJA RABBIT PINK,122.45,6.44,19,101,5.32,1.24,0.04,16,17,7.65,5.94,Medium,Occasional
21028,NINJA RABBIT BLACK,148.29,7.06,21,116,5.52,1.52,0.54,15,21,9.89,5.52,Medium,Occasional
21030,SPACE CADET RED,153.67,6.68,23,121,5.26,1.3,0.25,19,21,8.09,5.76,Medium,Occasional
21031,SPACE CADET BLACK,51.21,4.66,11,40,3.64,1.36,0.36,9,10,5.69,4.0,Low,Occasional
21032,SPACE CADET WHITE,84.88,5.3,16,65,4.06,1.48,0.49,13,15,6.53,4.33,Low,Occasional
21033,JUMBO BAG CHARLIE AND LOLA TOYS,1934.46,17.75,109,922,8.46,2.32,0.42,74,108,26.14,8.54,High,Popular
21034,REX CASH+CARRY JUMBO SHOPPER,1818.3,1.9,955,1914,2.0,0.95,0.0,480,862,3.79,2.22,High,Best-Seller
21035,SET/2 RED RETROSPOT TEA TOWELS ,7370.01,32.47,227,2519,11.1,3.29,0.66,151,221,48.81,11.4,Premium,Best-Seller
21038,SET/4 MODERN VINTAGE COTTON NAPKINS,92.65,3.86,24,79,3.29,1.24,0.9,20,24,4.63,3.29,Low,Occasional
21039,RED RETROSPOT SHOPPING BAG,1315.26,16.65,79,522,6.61,2.71,0.72,57,79,23.07,6.61,High,Popular
21040,MODERN VINTAGE COTTON SHOPPING BAG,29.7,3.71,8,22,2.75,1.67,0.94,8,8,3.71,2.75,Low,Niche
21041,RED RETROSPOT OVEN GLOVE DOUBLE,1708.05,11.46,149,579,3.89,2.95,0.0,100,141,17.08,4.11,High,Best-Seller
21042,RED RETROSPOT APRON ,1837.25,16.12,114,309,2.71,5.94,0.12,72,110,25.52,2.81,High,Popular
21043,APRON MODERN VINTAGE COTTON,931.85,16.07,58,443,7.64,2.29,1.13,52,57,17.92,7.77,High,Popular
21051,RIBBONS PURSE ,228.83,9.53,24,108,4.5,2.18,0.41,23,24,9.95,4.5,Medium,Occasional
21054,NURSE'S BAG SOFT TOY,608.6,22.54,27,68,2.52,8.95,0.0,24,27,25.36,2.52,High,Occasional
21055,TOOL BOX SOFT TOY ,1421.84,16.73,85,152,1.79,9.49,1.98,63,83,22.57,1.83,High,Popular
21056,DOCTOR'S BAG SOFT TOY,1658.08,24.38,68,176,2.59,9.73,2.36,46,68,36.05,2.59,High,Popular
21058,PARTY INVITES WOODLAND,865.97,9.31,93,1061,11.41,0.86,0.12,68,88,12.73,12.06,High,Popular
21059,PARTY INVITES DINOSAURS,497.25,6.37,78,585,7.5,0.85,0.0,67,78,7.42,7.5,Medium,Popular
21060,PARTY INVITES BALLOON GIRL,302.6,5.71,53,356,6.72,0.85,0.0,47,53,6.44,6.72,Medium,Popular
21061,PARTY INVITES FOOTBALL,350.2,6.73,52,412,7.92,0.85,0.0,49,52,7.15,7.92,Medium,Popular
21062,PARTY INVITES SPACEMAN,425.85,6.87,62,501,8.08,0.85,0.0,55,61,7.74,8.21,Medium,Popular
21063,PARTY INVITES JAZZ HEARTS,412.11,5.09,81,483,5.96,0.87,0.12,64,81,6.44,5.96,Medium,Popular
21064,BOOM BOX SPEAKER BOYS,754.55,12.79,59,175,2.97,4.99,1.91,39,53,19.35,3.3,High,Popular
21065,BOOM BOX SPEAKER GIRLS,827.15,19.69,42,485,11.55,4.27,2.28,30,38,27.57,12.76,High,Occasional
21066,VINTAGE RED MUG,672.62,15.64,43,700,16.28,1.24,0.07,33,42,20.38,16.67,High,Occasional
21067,VINTAGE RED TEATIME MUG,278.76,5.93,47,230,4.89,1.24,0.04,30,44,9.29,5.23,Medium,Popular
21068,VINTAGE BILLBOARD LOVE/HATE MUG,1683.37,13.05,129,1577,12.22,1.22,0.08,81,128,20.78,12.32,High,Popular
21069,VINTAGE BILLBOARD TEA MUG,2792.11,52.68,53,2569,48.47,1.23,0.06,35,52,79.77,49.4,Premium,Popular
21070,VINTAGE BILLBOARD MUG ,1059.79,13.42,79,1033,13.08,1.33,0.33,51,77,20.78,13.42,High,Popular
21071,VINTAGE BILLBOARD DRINK ME MUG,1032.34,9.3,111,855,7.7,1.23,0.14,72,108,14.34,7.92,High,Popular
21078,SET/20 STRAWBERRY PAPER NAPKINS ,1982.08,9.67,205,2494,12.17,0.85,0.08,148,201,13.39,12.41,High,Best-Seller
21080,SET/20 RED RETROSPOT PAPER NAPKINS ,9671.24,12.81,755,12330,16.33,0.84,0.04,427,734,22.65,16.8,Premium,Best-Seller
21084,SET/6 COLLAGE PAPER CUPS,468.41,4.38,107,2223,20.78,0.26,0.18,90,104,5.2,21.38,Medium,Popular
21086,SET/6 RED SPOTTY PAPER CUPS,4009.49,13.55,296,6589,22.26,0.66,0.12,167,285,24.01,23.12,Premium,Best-Seller
21087,SET/6 POSIES PAPER CUPS,62.12,6.21,10,126,12.6,0.47,0.24,10,10,6.21,12.6,Low,Niche
21088,SET/6 FRUIT SALAD PAPER CUPS,347.7,4.64,75,1588,21.17,0.26,0.17,67,75,5.19,21.17,Medium,Popular
21089,SET/6 GREEN SPRING PAPER CUPS,45.73,1.91,24,231,9.62,0.23,0.13,23,24,1.99,9.62,Low,Occasional
21090,SET/6 COLLAGE PAPER PLATES,722.34,5.92,122,1708,14.0,0.46,0.16,98,119,7.37,14.35,High,Popular
21094,SET/6 RED SPOTTY PAPER PLATES,5496.53,16.76,328,7351,22.41,0.83,0.06,179,325,30.71,22.62,Premium,Best-Seller
21095,SET/6 POSIES PAPER PLATES,80.75,8.97,9,95,10.56,0.85,0.0,9,9,8.97,10.56,Low,Niche
21096,SET/6 FRUIT SALAD  PAPER PLATES,479.25,6.85,70,1143,16.33,0.45,0.15,63,70,7.61,16.33,Medium,Popular
21098,CHRISTMAS TOILET ROLL,3721.96,20.01,186,3215,17.28,1.3,0.27,115,165,32.36,19.48,Premium,Best-Seller
21100,CHARLIE AND LOLA CHARLOTTE BAG,70.95,8.87,8,43,5.38,1.65,0.0,7,8,10.14,5.38,Low,Niche
21106,CREAM SLICE FLANNEL CHOCOLATE SPOT ,530.95,15.17,35,193,5.51,2.9,0.13,30,34,17.7,5.68,Medium,Occasional
21107,CREAM SLICE FLANNEL PINK SPOT ,2218.8,33.62,66,840,12.73,2.87,0.16,48,62,46.22,13.55,Premium,Popular
21108,FAIRY CAKE FLANNEL ASSORTED COLOUR,23890.89,120.66,198,13230,66.82,1.39,0.82,159,194,150.26,68.2,Premium,Best-Seller
21109,LARGE CAKE TOWEL CHOCOLATE SPOTS,2084.1,30.2,69,830,12.03,3.99,2.35,51,64,40.86,12.97,Premium,Popular
21109,"LARGE CAKE TOWEL, CHOCOLATE SPOTS",47.25,11.81,4,7,1.75,6.75,0.0,4,4,11.81,1.75,Low,Niche
21110,LARGE CAKE TOWEL PINK SPOTS,2308.55,28.5,81,777,9.59,5.49,2.08,62,79,37.23,9.84,Premium,Popular
21111,"SWISS ROLL TOWEL, CHOCOLATE  SPOTS",1291.55,24.84,52,789,15.17,2.14,0.84,46,50,28.08,15.78,High,Popular
21112,SWISS ROLL TOWEL PINK  SPOTS,1782.18,66.01,27,666,24.67,3.16,1.01,21,27,84.87,24.67,High,Occasional
21112,"SWISS ROLL TOWEL, PINK  SPOTS",769.65,40.51,19,579,30.47,1.79,0.81,18,19,42.76,30.47,High,Occasional
21114,LAVENDER SCENTED FABRIC HEART,1717.78,12.82,134,1362,10.16,1.32,0.82,105,129,16.36,10.56,High,Best-Seller
21115,ROSE CARAVAN DOORSTOP,2580.21,19.4,133,523,3.93,5.82,2.21,104,129,24.81,4.05,Premium,Best-Seller
21116,OWL DOORSTOP,2339.19,19.82,118,489,4.14,4.95,0.34,81,117,28.88,4.18,Premium,Popular
21117,BLOND DOLL DOORSTOP,149.25,8.78,17,115,6.76,1.57,1.33,11,14,13.57,8.21,Medium,Occasional
21121,SET/10 RED POLKADOT PARTY CANDLES,7829.18,22.69,345,6526,18.92,1.25,0.02,237,337,33.03,19.36,Premium,Best-Seller
21122,SET/10 PINK POLKADOT PARTY CANDLES,6384.83,20.14,317,5282,16.66,1.25,0.07,214,306,29.84,17.26,Premium,Best-Seller
21123,SET/10 IVORY POLKADOT PARTY CANDLES,1215.81,11.92,102,975,9.56,1.24,0.07,65,97,18.7,10.05,High,Popular
21124,SET/10 BLUE POLKADOT PARTY CANDLES,4829.59,20.64,234,3995,17.07,1.25,0.02,180,229,26.83,17.45,Premium,Best-Seller
21125,SET 6 FOOTBALL CELEBRATION CANDLES,750.0,10.27,73,600,8.22,1.25,0.0,60,69,12.5,8.7,High,Popular
21126,SET OF 6 GIRLS CELEBRATION CANDLES,605.44,8.77,69,488,7.07,1.25,0.02,57,67,10.62,7.28,High,Popular
21128,GOLD FISHING GNOME,284.16,17.76,16,47,2.94,6.92,1.94,12,16,23.68,2.94,Medium,Occasional
21129,SILVER FISHING GNOME ,346.2,16.49,21,47,2.24,8.21,2.44,14,21,24.73,2.24,Medium,Occasional
21131,GOLD STANDING GNOME,290.25,17.07,17,93,5.47,3.87,0.99,11,17,26.39,5.47,Medium,Occasional
21132,SILVER STANDING GNOME   ,142.75,8.92,16,35,2.19,3.88,1.02,13,16,10.98,2.19,Medium,Occasional
21135,VICTORIAN  METAL POSTCARD SPRING,3097.2,18.22,170,3000,17.65,1.66,0.2,122,164,25.39,18.29,Premium,Best-Seller
21136,PAINTED METAL PEARS ASSORTED,7506.61,20.62,364,4485,12.32,1.69,0.08,259,354,28.98,12.67,Premium,Best-Seller
21137,BLACK RECORD COVER FRAME,39119.72,121.49,322,11421,35.47,3.66,0.46,140,318,279.43,35.92,Premium,Best-Seller
21143,ANTIQUE GLASS HEART DECORATION ,581.1,18.75,31,298,9.61,1.95,0.0,27,28,21.52,10.64,Medium,Occasional
21144,PINK POODLE HANGING DECORATION ,4.56,4.56,1,12,12.0,0.38,,1,1,4.56,12.0,Low,Niche
21145,ANTIQUE GLASS PLACE SETTING,152.5,19.06,8,122,15.25,1.25,0.0,8,8,19.06,15.25,Medium,Niche
21147,JINGLE BELLS TREE DECORATION,200.94,9.13,22,89,4.05,2.28,0.18,11,21,18.27,4.24,Medium,Occasional
21154,RED RETROSPOT OVEN GLOVE ,3978.63,14.63,272,3399,12.5,1.29,0.24,175,266,22.74,12.78,Premium,Best-Seller
21155,RED RETROSPOT PEG BAG,6390.65,17.09,374,2698,7.21,2.52,0.33,206,367,31.02,7.35,Premium,Best-Seller
21156,RETROSPOT CHILDRENS APRON,5663.92,18.75,302,3078,10.19,2.0,0.4,203,300,27.9,10.26,Premium,Best-Seller
21157,RED RETROSPOT WASHBAG,102.9,6.86,15,49,3.27,2.1,0.0,12,14,8.58,3.5,Low,Occasional
21158,MOODY GIRL DOOR HANGER ,696.27,4.46,156,1451,9.3,0.61,0.43,103,147,6.76,9.87,High,Best-Seller
21159,MOODY BOY  DOOR HANGER ,542.75,4.98,109,1109,10.17,0.69,0.48,73,108,7.43,10.27,Medium,Popular
21161,KEEP OUT BOYS DOOR HANGER ,189.95,5.13,37,131,3.54,1.45,0.0,25,34,7.6,3.85,Medium,Occasional
21162,TOXIC AREA  DOOR HANGER ,696.4,4.97,140,1416,10.11,0.61,0.43,98,137,7.11,10.34,High,Best-Seller
21163,DO NOT TOUCH MY STUFF DOOR HANGER ,605.11,5.04,120,1177,9.81,0.71,0.49,87,111,6.96,10.6,High,Popular
21164,HOME SWEET HOME METAL SIGN ,4868.32,19.4,251,1720,6.85,2.94,0.07,166,247,29.33,6.96,Premium,Best-Seller
21165,BEWARE OF THE CAT METAL SIGN ,6425.59,17.46,368,4039,10.98,1.67,0.06,178,360,36.1,11.22,Premium,Best-Seller
21166,COOK WITH WINE METAL SIGN ,20476.43,32.81,624,10296,16.5,2.04,0.11,287,613,71.35,16.8,Premium,Best-Seller
21167,WHITE SAGE INCENSE,275.1,10.58,26,1310,50.38,0.21,0.0,20,26,13.76,50.38,Medium,Occasional
21169,YOU'RE CONFUSING ME METAL SIGN ,6791.79,18.81,361,4299,11.91,1.67,0.07,192,347,35.37,12.39,Premium,Best-Seller
21171,BATHROOM METAL SIGN ,566.8,9.45,60,424,7.07,1.43,0.06,43,60,13.18,7.07,Medium,Popular
21172,PARTY METAL SIGN ,4727.12,12.28,385,3348,8.7,1.49,0.33,236,373,20.03,8.98,Premium,Best-Seller
21174,POTTERING IN THE SHED METAL SIGN,8372.7,22.03,380,3926,10.33,2.07,0.08,225,371,37.21,10.58,Premium,Best-Seller
21175,GIN + TONIC DIET METAL SIGN,28764.31,42.87,671,13549,20.19,2.46,0.19,330,662,87.16,20.47,Premium,Best-Seller
21175,GIN AND TONIC DIET METAL SIGN,1118.46,30.23,37,474,12.81,2.51,0.13,34,37,32.9,12.81,High,Occasional
21179,NO JUNK MAIL METAL SIGN,1025.91,5.86,175,1797,10.27,0.74,0.42,122,167,8.41,10.76,High,Best-Seller
21181,PLEASE ONE PERSON METAL SIGN,24100.62,33.33,723,12050,16.67,2.07,0.1,361,704,66.76,17.12,Premium,Best-Seller
21187,WHITE BELL HONEYCOMB PAPER GARLAND ,525.3,15.01,35,330,9.43,1.64,0.05,30,33,17.51,10.0,Medium,Occasional
21188,3D HEARTS  HONEYCOMB PAPER GARLAND,838.5,24.66,34,294,8.65,2.93,0.1,27,33,31.06,8.91,High,Occasional
21189,WHITE HONEYCOMB PAPER GARLAND ,272.25,9.39,29,165,5.69,1.65,0.0,27,29,10.08,5.69,Medium,Occasional
21190,PINK HEARTS PAPER GARLAND,317.7,39.71,8,218,27.25,1.58,0.1,6,8,52.95,27.25,Medium,Niche
21191,LARGE WHITE HONEYCOMB PAPER BELL  ,788.04,17.91,44,394,8.95,2.08,0.09,38,44,20.74,8.95,High,Occasional
21192,WHITE BELL HONEYCOMB PAPER ,1391.85,32.37,43,925,21.51,1.62,0.07,32,39,43.5,23.72,High,Occasional
21194,PINK  HONEYCOMB PAPER FAN,373.2,8.11,46,447,9.72,0.93,0.58,37,44,10.09,10.16,Medium,Popular
21195,PINK  HONEYCOMB PAPER BALL ,607.86,25.33,24,417,17.38,1.87,0.49,21,24,28.95,17.38,High,Occasional
21196,ROUND WHITE CONFETTI IN TUBE,146.85,14.68,10,89,8.9,1.65,0.0,9,9,16.32,9.89,Medium,Niche
21197,MULTICOLOUR  CONFETTI IN TUBE,357.36,25.53,14,264,18.86,1.53,0.33,13,14,27.49,18.86,Medium,Occasional
21198,WHITE HEART CONFETTI IN TUBE,991.32,18.7,53,1036,19.55,1.37,0.52,47,52,21.09,19.92,High,Popular
21199,PINK  HEART CONFETTI IN TUBE,786.72,15.73,50,912,18.24,1.38,0.51,45,49,17.48,18.61,High,Popular
21200,MULTICOLOUR HONEYCOMB PAPER GARLAND,1272.9,32.64,39,1010,25.9,1.5,0.34,33,39,38.57,25.9,High,Occasional
21201,TROPICAL  HONEYCOMB PAPER GARLAND ,2674.8,35.19,76,1176,15.47,2.5,0.14,44,73,60.79,16.11,Premium,Popular
21202,DOLLY HONEYCOMB GARLAND,404.85,19.28,21,449,21.38,1.46,0.4,20,20,20.24,22.45,Medium,Occasional
21204,DAISIES  HONEYCOMB GARLAND ,691.35,13.56,51,419,8.22,1.65,0.0,44,51,15.71,8.22,High,Popular
21205,MULTICOLOUR 3D BALLS GARLAND,583.95,10.62,55,229,4.16,2.55,0.0,44,51,13.27,4.49,High,Popular
21206,STRAWBERRY HONEYCOMB  GARLAND ,1449.9,18.59,78,1222,15.67,1.55,0.29,56,76,25.89,16.08,High,Popular
21207,SKULL AND CROSSBONES  GARLAND ,1533.9,17.84,86,982,11.42,1.63,0.06,74,84,20.73,11.69,High,Popular
21208,PASTEL COLOUR HONEYCOMB FAN,549.63,8.86,62,919,14.82,0.61,0.47,50,61,10.99,15.07,Medium,Popular
21209,MULTICOLOUR HONEYCOMB FAN,677.45,10.93,62,1161,18.73,0.66,0.5,49,62,13.83,18.73,High,Popular
21210,SET OF 72 RETROSPOT PAPER  DOILIES,8103.62,21.78,372,5801,15.59,1.46,0.17,243,369,33.35,15.72,Premium,Best-Seller
21211,SET OF 72 SKULL PAPER  DOILIES,1127.4,16.83,67,804,12.0,1.44,0.03,57,65,19.78,12.37,High,Popular
21212,PACK OF 72 RETROSPOT CAKE CASES,16527.91,15.32,1079,33953,31.47,0.55,0.08,635,1040,26.03,32.65,Premium,Best-Seller
21213,PACK OF 72 SKULL CAKE CASES,6872.51,13.45,511,14333,28.05,0.54,0.03,294,499,23.38,28.72,Premium,Best-Seller
21215,IVORY PAPER CUP CAKE CASES ,461.8,7.0,66,868,13.15,0.55,0.02,51,63,9.05,13.78,Medium,Popular
21216,"SET 3 RETROSPOT TEA,COFFEE,SUGAR",8433.37,32.44,260,1857,7.14,4.9,0.57,150,251,56.22,7.4,Premium,Best-Seller
21217,RED RETROSPOT ROUND CAKE TINS,9277.8,35.01,265,984,3.71,9.86,0.28,169,264,54.9,3.73,Premium,Best-Seller
21218,RED SPOTTY BISCUIT TIN,7236.45,33.35,217,2107,9.71,3.75,0.65,131,214,55.24,9.85,Premium,Best-Seller
21219,SET/4 BADGES BALLOON GIRL,408.59,9.5,43,323,7.51,1.36,0.36,35,42,11.67,7.69,Medium,Occasional
21220,SET/4 BADGES DOGS,312.06,7.43,42,239,5.69,1.39,0.4,34,41,9.18,5.83,Medium,Occasional
21221,SET/4 BADGES CUTE CREATURES,262.14,10.92,24,201,8.38,1.3,0.25,24,24,10.92,8.38,Medium,Occasional
21222,SET/4 BADGES BEETLES,257.18,6.77,38,198,5.21,1.47,0.48,26,35,9.89,5.66,Medium,Occasional
21224,SET/4 SKULL BADGES,921.2,10.97,84,740,8.81,1.25,0.02,58,82,15.88,9.02,High,Popular
21226,POCKET MIRROR WOODLAND,11.25,2.25,5,9,1.8,1.25,0.0,4,4,2.81,2.25,Low,Niche
21228,"POCKET MIRROR ""GLAMOROUS""",6.25,3.12,2,5,2.5,1.25,0.0,2,2,3.12,2.5,Low,Niche
21231,SWEETHEART CERAMIC TRINKET BOX,7063.94,17.02,415,5914,14.25,1.27,0.21,216,408,32.7,14.5,Premium,Best-Seller
21232,STRAWBERRY CERAMIC TRINKET BOX,11311.27,19.84,570,9691,17.0,1.24,0.13,298,559,37.96,17.34,Premium,Best-Seller
21232,STRAWBERRY CERAMIC TRINKET POT,1342.04,15.98,84,1060,12.62,1.33,0.32,58,80,23.14,13.25,High,Popular
21238,RED RETROSPOT CUP,2865.63,9.92,289,3570,12.35,0.85,0.07,162,286,17.69,12.48,Premium,Best-Seller
21239,PINK  POLKADOT CUP,2069.25,10.04,206,2595,12.6,0.85,0.06,141,203,14.68,12.78,Premium,Best-Seller
21240,BLUE POLKADOT CUP,2517.42,11.24,224,3192,14.25,0.84,0.03,150,220,16.78,14.51,Premium,Best-Seller
21242,RED RETROSPOT PLATE ,4920.13,21.49,229,3109,13.58,1.67,0.06,150,226,32.8,13.76,Premium,Best-Seller
21243,PINK  POLKADOT PLATE ,3024.23,22.91,132,1919,14.54,1.67,0.06,95,131,31.83,14.65,Premium,Best-Seller
21243,PINK POLKADOT PLATE ,318.34,17.69,18,202,11.22,1.68,0.06,18,18,17.69,11.22,Medium,Occasional
21244,BLUE POLKADOT PLATE ,3384.82,22.42,151,2146,14.21,1.67,0.06,108,150,31.34,14.31,Premium,Best-Seller
21245,GREEN POLKADOT PLATE ,1623.1,15.76,103,1014,9.84,1.7,0.17,72,100,22.54,10.14,High,Popular
21246,RED RETROSPOT BIG BOWL,859.35,20.96,41,177,4.32,4.93,0.11,33,41,26.04,4.32,High,Occasional
21248,DOOR HANGER  MUM + DADS ROOM,272.6,5.14,53,188,3.55,1.45,0.0,46,53,5.93,3.55,Medium,Popular
21249,WOODLAND  HEIGHT CHART STICKERS ,1874.4,23.73,79,672,8.51,2.91,0.11,68,79,27.56,8.51,High,Popular
21250,SET OF SKULL WALL STICKERS,257.0,15.12,17,92,5.41,2.93,0.1,15,17,17.13,5.41,Medium,Occasional
21251,DINOSAUR HEIGHT CHART STICKER SET,486.75,13.91,35,165,4.71,2.95,0.0,32,35,15.21,4.71,Medium,Occasional
21253,SET OF PICTURE FRAME  STICKERS,192.54,11.33,17,66,3.88,2.82,0.52,14,16,13.75,4.12,Medium,Occasional
21257,VICTORIAN SEWING BOX MEDIUM,3823.79,24.05,159,501,3.15,7.97,0.64,100,157,38.24,3.19,Premium,Best-Seller
21258,VICTORIAN SEWING BOX LARGE,5693.98,45.92,124,486,3.92,12.7,2.69,63,124,90.38,3.92,Premium,Popular
21259,VICTORIAN SEWING BOX SMALL ,6500.51,26.42,246,1140,4.63,5.92,0.47,134,244,48.51,4.67,Premium,Best-Seller
21260,FIRST AID TIN,3666.85,24.28,151,1171,7.75,3.24,0.08,103,149,35.6,7.86,Premium,Best-Seller
21261,GREEN GOOSE FEATHER CHRISTMAS TREE ,520.65,19.28,27,167,6.19,3.47,2.69,24,27,21.69,6.19,Medium,Occasional
21262,WHITE GOOSE FEATHER CHRISTMAS TREE ,847.35,15.41,55,273,4.96,3.46,2.64,43,53,19.71,5.15,High,Popular
21263,GREEN GOOSE FEATHER TREE 60CM,325.65,8.14,40,167,4.18,1.95,0.0,32,37,10.18,4.51,Medium,Occasional
21264,WHITE GOOSE FEATHER TREE 60CM ,514.8,11.44,45,264,5.87,1.95,0.0,37,44,13.91,6.0,Medium,Popular
21265,PINK GOOSE FEATHER TREE 60CM,249.6,15.6,16,128,8.0,1.95,0.0,15,16,16.64,8.0,Medium,Occasional
21268,VINTAGE BLUE TINSEL REEL,0.84,0.84,1,2,2.0,0.42,,1,1,0.84,2.0,Low,Niche
21269,ANTIQUE CREAM CUTLERY SHELF ,238.0,13.22,18,28,1.56,8.5,0.0,17,18,14.0,1.56,Medium,Occasional
21270,ANTIQUE CREAM CUTLERY CUPBOARD,178.5,13.73,13,14,1.08,12.75,0.0,12,13,14.88,1.08,Medium,Occasional
21272,SALLE DE BAIN HOOK,662.57,9.74,68,505,7.43,1.25,0.05,49,62,13.52,8.15,High,Popular
21275,ZINC TOP  2 DOOR WOODEN SHELF ,246.25,22.39,11,15,1.36,16.77,0.6,10,11,24.62,1.36,Medium,Occasional
21277,FRENCH STYLE EMBOSSED HEART CABINET,529.8,24.08,22,25,1.14,21.36,2.19,19,22,27.88,1.14,Medium,Occasional
21278,VINTAGE KITCHEN PRINT PUDDINGS,109.65,12.18,9,43,4.78,2.55,0.0,7,7,15.66,6.14,Low,Niche
21279,VINTAGE KITCHEN PRINT FRUITS,173.4,13.34,13,68,5.23,2.55,0.0,12,13,14.45,5.23,Medium,Occasional
21280,VINTAGE KITCHEN PRINT VEGETABLES,165.75,13.81,12,65,5.42,2.55,0.0,12,12,13.81,5.42,Medium,Occasional
21281,VINTAGE KITCHEN PRINT SEAFOOD,89.25,14.87,6,35,5.83,2.55,0.0,6,6,14.88,5.83,Low,Niche
21284,RETROSPOT CANDLE  SMALL,343.89,12.28,28,421,15.04,1.19,0.76,26,27,13.23,15.59,Medium,Occasional
21285,RETROSPOT CANDLE  MEDIUM,373.22,10.98,34,374,11.0,1.61,1.41,27,34,13.82,11.0,Medium,Occasional
21286,RETROSPOT CANDLE  LARGE,279.37,15.52,18,255,14.17,1.26,0.94,17,18,16.43,14.17,Medium,Occasional
21287,SCENTED VELVET LOUNGE CANDLE ,755.13,13.98,54,1788,33.11,0.51,0.31,47,54,16.07,33.11,High,Popular
21288,STRIPEY CHOCOLATE NESTING BOXES,778.0,18.09,43,280,6.51,2.9,0.13,33,41,23.58,6.83,High,Occasional
21289,LARGE STRIPES CHOCOLATE GIFT BAG,578.75,27.56,21,463,22.05,1.25,0.0,20,21,28.94,22.05,Medium,Occasional
21291,SMALL POLKADOT CHOCOLATE GIFT BAG ,782.0,19.55,40,920,23.0,0.85,0.0,32,40,24.44,23.0,High,Occasional
21292,SMALL STRIPES CHOCOLATE GIFT BAG ,591.25,22.74,26,865,33.27,0.82,0.13,25,26,23.65,33.27,High,Occasional
21293,MIRRORED DOVE WALL DECORATION,214.13,11.27,19,101,5.32,2.21,0.47,14,18,15.3,5.61,Medium,Occasional
21294,ETCHED GLASS COASTER,722.88,12.05,60,1536,25.6,0.52,0.31,46,58,15.71,26.48,High,Popular
21306,SET/4 DAISY MIRROR MAGNETS,173.89,4.46,39,506,12.97,0.57,0.66,35,38,4.97,13.32,Medium,Occasional
21307,SET/4 BUTTERFLY MIRROR MAGNETS,39.2,3.02,13,79,6.08,1.26,0.94,11,13,3.56,6.08,Low,Occasional
21310,CAPIZ CHANDELIER,29.95,29.95,1,1,1.0,29.95,,1,1,29.95,1.0,Low,Niche
21311,SET/4 BIRD MIRROR MAGNETS ,173.6,3.47,50,505,10.1,0.51,0.59,40,46,4.34,10.98,Medium,Popular
21313,GLASS HEART T-LIGHT HOLDER ,2134.08,15.14,141,2874,20.38,0.83,0.12,97,139,22.0,20.68,Premium,Best-Seller
21314,SMALL GLASS HEART TRINKET POT,7682.71,19.9,386,3809,9.87,2.09,0.18,216,382,35.57,9.97,Premium,Best-Seller
21316,SMALL CHUNKY GLASS ROMAN  BOWL,156.59,15.66,10,149,14.9,1.65,1.12,9,9,17.4,16.56,Medium,Niche
21317,GLASS SPHERE CANDLE STAND MEDIUM,521.15,17.97,29,97,3.34,5.4,0.15,23,27,22.66,3.59,Medium,Occasional
21318,GLASS CHALICE BLUE SMALL ,389.01,8.28,47,697,14.83,0.9,0.63,38,45,10.24,15.49,Medium,Popular
21319,GLASS CHALICE GREEN  SMALL ,131.16,10.09,13,148,11.38,1.25,0.6,12,13,10.93,11.38,Medium,Occasional
21320,GLASS CHALICE GREEN  LARGE ,324.36,24.95,13,193,14.85,1.63,0.83,10,12,32.44,16.08,Medium,Occasional
21324,HANGING MEDINA LANTERN SMALL,203.55,10.18,20,69,3.45,2.95,0.0,20,20,10.18,3.45,Medium,Occasional
21326,AGED GLASS SILVER T-LIGHT HOLDER,6096.85,20.88,292,10109,34.62,0.64,0.03,168,282,36.29,35.85,Premium,Best-Seller
21327,SKULLS WRITING SET ,887.7,6.0,148,538,3.64,1.65,0.0,99,145,8.97,3.71,High,Best-Seller
21328,BALLOONS  WRITING SET ,1262.2,6.51,194,760,3.92,1.68,0.23,135,187,9.35,4.06,High,Best-Seller
21329,DINOSAURS  WRITING SET ,980.05,5.7,172,589,3.42,1.69,0.25,120,168,8.17,3.51,High,Best-Seller
21331,MOROCCAN BEATEN METAL DISH LARGE,140.25,20.04,7,11,1.57,12.75,0.0,7,7,20.04,1.57,Medium,Niche
21332,MOROCCAN BEATEN METAL MIRROR,143.3,17.91,8,14,1.75,10.55,4.07,8,8,17.91,1.75,Medium,Niche
21333,CLASSIC WHITE FRAME,162.25,10.82,15,55,3.67,2.95,0.0,15,15,10.82,3.67,Medium,Occasional
21336,GOLD WASHBAG,23.6,7.87,3,8,2.67,2.95,0.0,3,3,7.87,2.67,Low,Niche
21340,CLASSIC METAL BIRDCAGE PLANT HOLDER,10408.61,38.55,270,952,3.53,12.17,1.4,179,266,58.15,3.58,Premium,Best-Seller
21344,MOROCCAN BEATEN METAL DISH,169.15,28.19,6,17,2.83,9.95,0.0,5,6,33.83,2.83,Medium,Niche
21348,PINK SPOTS CHOCOLATE NESTING BOXES ,355.65,71.13,5,139,27.8,2.79,0.22,5,5,71.13,27.8,Medium,Niche
21349,IVY HEART WREATH,108.0,13.5,8,16,2.0,6.75,0.0,7,8,15.43,2.0,Low,Niche
21351,CINAMMON & ORANGE WREATH,701.8,20.05,35,108,3.09,6.7,0.19,28,33,25.06,3.27,High,Occasional
21352,EUCALYPTUS & PINECONE  WREATH,1179.4,30.24,39,320,8.21,4.49,1.87,36,39,32.76,8.21,High,Occasional
21354,TOAST ITS - BEST MUM,888.45,12.69,70,753,10.76,1.22,0.07,55,68,16.15,11.07,High,Popular
21355,TOAST ITS - I LOVE YOU ,961.65,8.44,114,777,6.82,1.24,0.03,95,107,10.12,7.26,High,Popular
21356,TOAST ITS - FAIRY FLOWER,363.15,6.6,55,304,5.53,1.19,0.24,37,53,9.81,5.74,Medium,Popular
21357,TOAST ITS - DINOSAUR,23.75,2.16,11,19,1.73,1.25,0.0,9,10,2.64,1.9,Low,Occasional
21358,TOAST ITS - HAPPY BIRTHDAY,410.0,6.83,60,328,5.47,1.25,0.0,54,59,7.59,5.56,Medium,Popular
21359,RELAX LARGE WOOD LETTERS,767.55,26.47,29,129,4.45,7.98,5.69,22,28,34.89,4.61,High,Occasional
21360,JOY LARGE WOOD LETTERS,194.15,13.87,14,37,2.64,7.38,3.08,14,14,13.87,2.64,Medium,Occasional
21361,LOVE LARGE WOOD LETTERS ,1178.85,21.05,56,95,1.7,12.72,0.24,43,56,27.42,1.7,High,Popular
21363,HOME SMALL WOOD LETTERS,1103.85,10.93,101,223,2.21,4.95,0.0,68,96,16.23,2.32,High,Popular
21364,PEACE SMALL WOOD LETTERS,175.5,7.98,22,26,1.18,6.75,0.0,19,22,9.24,1.18,Medium,Occasional
21365,MIRRORED WALL ART STARS,360.0,8.18,44,348,7.91,1.1,0.81,35,42,10.29,8.29,Medium,Occasional
21366,MIRRORED WALL ART PHOTO FRAMES,102.0,9.27,11,24,2.18,4.25,0.0,9,10,11.33,2.4,Low,Occasional
21367,MIRRORED WALL ART GENTS,159.51,4.56,35,163,4.66,1.56,1.52,29,35,5.5,4.66,Medium,Occasional
21368,MIRRORED WALL ART LADIES,129.15,4.17,31,161,5.19,0.87,0.45,25,30,5.17,5.37,Medium,Occasional
21369,MIRRORED WALL ART SPLODGES,142.5,10.96,13,98,7.54,1.63,0.94,12,13,11.88,7.54,Medium,Occasional
21370,MIRRORED WALL ART FOXY,88.2,11.02,8,15,1.88,4.94,4.92,7,8,12.6,1.88,Low,Niche
21371,MIRRORED WALL ART POPPIES,274.65,8.58,32,275,8.59,1.09,0.71,27,32,10.17,8.59,Medium,Occasional
21372,MIRRORED WALL ART TABLE LAMP,75.73,3.03,25,67,2.68,1.33,1.47,18,25,4.21,2.68,Low,Occasional
21373,MIRRORED WALL ART SNOWFLAKES,389.25,8.46,46,519,11.28,0.75,0.0,41,46,9.49,11.28,Medium,Popular
21374,MIRRORED WALL ART SKULLS,400.0,10.0,40,294,7.35,1.69,0.96,37,40,10.81,7.35,Medium,Occasional
21375,LARGE CAMPHOR WOOD FIELD MUSHROOM ,109.8,9.15,12,24,2.0,4.4,1.9,9,10,12.2,2.4,Low,Occasional
21376,LARGE  TALL CAMPHOR WOOD TOADSTOOL ,154.65,10.31,15,33,2.2,4.61,1.74,13,13,11.9,2.54,Medium,Occasional
21377,SMALL CAMPHOR WOOD FIELD  MUSHROOM,123.21,6.48,19,93,4.89,1.45,0.47,18,19,6.84,4.89,Medium,Occasional
21378,SMALL TALL CAMPHOR WOOD TOADSTOOL,175.05,7.96,22,129,5.86,1.48,0.44,21,22,8.34,5.86,Medium,Occasional
21379,CAMPHOR WOOD PORTOBELLO MUSHROOM,163.11,6.8,24,147,6.12,1.14,0.29,22,23,7.41,6.39,Medium,Occasional
21380,WOODEN HAPPY BIRTHDAY GARLAND,5913.1,25.06,236,2094,8.87,2.97,0.33,138,233,42.85,8.99,Premium,Best-Seller
21381,MINI WOODEN HAPPY BIRTHDAY GARLAND,2775.32,19.01,146,1724,11.81,1.69,0.02,88,140,31.54,12.31,Premium,Best-Seller
21382,SET/4 SPRING FLOWER DECORATION,1170.35,12.07,97,1053,10.86,1.66,1.09,64,94,18.29,11.2,High,Popular
21383,PACK OF 12 STICKY BUNNIES,503.1,5.92,85,774,9.11,0.65,0.0,75,78,6.71,9.92,Medium,Popular
21385,IVORY HANGING DECORATION  HEART,2959.34,13.51,219,3566,16.28,0.86,0.09,153,206,19.34,17.31,Premium,Best-Seller
21386,IVORY HANGING DECORATION  EGG,257.57,5.05,51,713,13.98,0.45,0.33,42,46,6.13,15.5,Medium,Popular
21389,IVORY HANGING DECORATION  BIRD,866.15,8.41,103,1019,9.89,0.85,0.0,81,95,10.69,10.73,High,Popular
21390,FILIGRIS HEART WITH BUTTERFLY,4547.88,24.72,184,3784,20.57,1.26,0.16,120,175,37.9,21.62,Premium,Best-Seller
21391,FRENCH LAVENDER SCENT HEART,861.75,10.51,82,978,11.93,1.01,0.54,69,76,12.49,12.87,High,Popular
21392,RED POLKADOT PUDDING BOWL,38.13,5.45,7,32,4.57,1.37,0.91,5,6,7.63,5.33,Low,Niche
21393,BLUE POLKADOT PUDDING BOWL,38.67,4.83,8,29,3.62,1.46,0.89,7,7,5.52,4.14,Low,Niche
21394,RED POLKADOT BEAKER ,1547.2,13.11,118,3844,32.58,0.44,0.27,88,118,17.58,32.58,High,Popular
21395,BLUE POLKADOT BEAKER ,1100.58,13.42,82,2822,34.41,0.39,0.0,63,81,17.47,34.84,High,Popular
21397,BLUE POLKADOT EGG CUP ,445.26,10.12,44,1016,23.09,0.53,0.32,43,44,10.35,23.09,Medium,Occasional
21398,RED POLKADOT COFFEE  MUG,642.75,13.12,49,1499,30.59,0.67,0.64,43,49,14.95,30.59,High,Popular
21399,BLUE POLKADOT COFFEE MUG,874.11,13.05,67,2158,32.21,0.54,0.49,50,65,17.48,33.2,High,Popular
21400,RED PUDDING SPOON,109.74,2.29,48,837,17.44,0.16,0.1,42,48,2.61,17.44,Low,Popular
21401,BLUE PUDDING SPOON,132.3,2.24,59,1010,17.12,0.15,0.09,48,58,2.76,17.41,Medium,Popular
21402,RED  EGG  SPOON,155.4,2.55,61,1290,21.15,0.12,0.04,54,61,2.88,21.15,Medium,Popular
21403,BLUE EGG  SPOON,258.72,3.64,71,1718,24.2,0.13,0.06,58,71,4.46,24.2,Medium,Popular
21407,BROWN CHECK CAT DOORSTOP ,969.25,10.2,95,234,2.46,4.22,0.15,79,95,12.27,2.46,High,Popular
21408,SPOTTY PINK DUCK DOORSTOP,773.41,11.21,69,227,3.29,4.05,1.39,50,66,15.47,3.44,High,Popular
21411,GINGHAM HEART  DOORSTOP RED,2416.96,12.65,191,728,3.81,3.88,1.11,147,186,16.44,3.91,Premium,Best-Seller
21412,VINTAGE GOLD TINSEL REEL,2.52,2.52,1,6,6.0,0.42,,1,1,2.52,6.0,Low,Niche
21413,PERIWINKLE T-LIGHT HOLDER,45.0,4.5,10,36,3.6,1.25,0.0,8,10,5.62,3.6,Low,Niche
21414,SCALLOP SHELL SOAP DISH,2.1,2.1,1,1,1.0,2.1,,1,1,2.1,1.0,Low,Niche
21415,CLAM SHELL SMALL ,384.13,12.0,32,206,6.44,1.98,0.39,25,30,15.37,6.87,Medium,Occasional
21416,CLAM SHELL LARGE,18.75,4.69,4,5,1.25,3.75,0.0,4,4,4.69,1.25,Low,Niche
21417,COCKLE SHELL DISH,422.98,12.82,33,290,8.79,1.78,0.57,24,33,17.62,8.79,Medium,Occasional
21418,STARFISH SOAP DISH,115.25,8.87,13,59,4.54,2.01,0.85,11,12,10.48,4.92,Medium,Occasional
21420,OYSTER TRINKET BOX,87.12,5.81,15,48,3.2,2.92,0.87,12,13,7.26,3.69,Low,Occasional
21421,PORCELAIN ROSE LARGE ,345.14,26.55,13,298,22.92,1.24,0.05,11,13,31.38,22.92,Medium,Occasional
21422,PORCELAIN ROSE SMALL,1221.76,25.45,48,1564,32.58,0.91,0.22,33,48,37.02,32.58,High,Popular
21424,WOODLAND STORAGE BOX LARGE ,626.8,23.21,27,232,8.59,2.89,0.14,21,27,29.85,8.59,High,Occasional
21425,SKULLS STORAGE BOX LARGE,188.05,11.75,16,67,4.19,2.92,0.1,12,16,15.67,4.19,Medium,Occasional
21426,WOODLAND STORAGE BOX SMALL,419.7,19.99,21,217,10.33,2.05,0.1,16,20,26.23,10.85,Medium,Occasional
21427,SKULLS STORAGE BOX SMALL,168.0,6.0,28,80,2.86,2.1,0.0,23,28,7.3,2.86,Medium,Occasional
21428,SET3 BOOK BOX GREEN GINGHAM FLOWER ,4399.8,23.28,189,1134,6.0,4.18,0.2,117,188,37.61,6.03,Premium,Best-Seller
21429,RED GINGHAM ROSE JEWELLERY BOX,2999.1,12.87,233,1658,7.12,1.88,0.13,147,226,20.4,7.34,Premium,Best-Seller
21430,SET/3 RED GINGHAM ROSE STORAGE BOX,9568.35,28.48,336,2745,8.17,3.69,0.15,188,331,50.9,8.29,Premium,Best-Seller
21439,BASKET OF TOADSTOOLS,2007.46,25.41,79,1730,21.9,1.25,0.03,51,78,39.36,22.18,High,Popular
21441,BLUE BIRDHOUSE DECORATION,223.3,5.88,38,376,9.89,0.76,0.33,34,38,6.57,9.89,Medium,Occasional
21442,GREEN BIRDHOUSE DECORATION,232.01,6.27,37,389,10.51,0.72,0.26,31,36,7.48,10.81,Medium,Occasional
21445,12 PINK ROSE PEG PLACE SETTINGS,272.5,12.39,22,218,9.91,1.25,0.0,17,22,16.03,9.91,Medium,Occasional
21446,12 RED ROSE PEG PLACE SETTINGS,500.0,5.81,86,400,4.65,1.25,0.0,47,75,10.64,5.33,Medium,Popular
21447,12 IVORY ROSE PEG PLACE SETTINGS,937.5,10.08,93,750,8.06,1.25,0.0,56,92,16.74,8.15,High,Popular
21448,12 DAISY PEGS IN WOOD BOX,539.55,7.82,69,327,4.74,1.65,0.0,46,62,11.73,5.27,Medium,Popular
21452,TOADSTOOL MONEY BOX,2223.3,15.02,148,774,5.23,2.94,0.07,110,145,20.21,5.34,Premium,Best-Seller
21454,PAINTED PINK RABBIT ,270.3,5.75,47,318,6.77,0.85,0.0,41,43,6.59,7.4,Medium,Popular
21455,PAINTED YELLOW WOODEN DAISY,241.4,6.71,36,284,7.89,0.85,0.0,32,33,7.54,8.61,Medium,Occasional
21456,2 PICTURE BOOK EGGS EASTER CHICKS,202.5,10.12,20,162,8.1,1.25,0.0,17,20,11.91,8.1,Medium,Occasional
21457,2 PICTURE BOOK EGGS EASTER DUCKS,143.75,8.98,16,115,7.19,1.25,0.0,15,16,9.58,7.19,Medium,Occasional
21458,2 PICTURE BOOK EGGS EASTER BUNNY,197.5,10.39,19,158,8.32,1.25,0.0,18,19,10.97,8.32,Medium,Occasional
21459,YELLOW EASTER EGG HUNT START POST,161.85,8.09,20,83,4.15,1.95,0.0,17,20,9.52,4.15,Medium,Occasional
21460,GREEN EASTER EGG HUNT START POST,50.7,5.63,9,26,2.89,1.95,0.0,9,9,5.63,2.89,Low,Niche
21461,BLUE EASTER EGG HUNT START POST,21.45,3.06,7,11,1.57,1.95,0.0,5,6,4.29,1.83,Low,Niche
21462,"NURSERY A,B,C PAINTED LETTERS",859.2,12.82,67,192,2.87,5.89,1.85,57,67,15.07,2.87,High,Popular
21463,MIRRORED DISCO BALL ,3622.2,26.06,139,686,4.94,5.79,0.44,77,137,47.04,5.01,Premium,Best-Seller
21464,DISCO BALL ROTATOR BATTERY OPERATED,1072.25,10.12,106,253,2.39,4.25,0.05,57,106,18.81,2.39,High,Popular
21465,PINK FLOWER CROCHET FOOD COVER,727.46,11.55,63,193,3.06,3.81,0.47,55,63,13.23,3.06,High,Popular
21466,RED FLOWER CROCHET FOOD COVER,982.49,10.8,91,267,2.93,3.9,0.78,71,91,13.84,2.93,High,Popular
21467,CHERRY CROCHET FOOD COVER,821.17,10.26,80,217,2.71,3.84,0.58,58,80,14.16,2.71,High,Popular
21468,BUTTERFLY CROCHET FOOD COVER,468.67,9.37,50,123,2.46,3.9,0.73,43,50,10.9,2.46,Medium,Popular
21469,POLKA DOT RAFFIA FOOD COVER,948.71,13.0,73,252,3.45,3.8,0.43,57,73,16.64,3.45,High,Popular
21470,FLOWER VINE RAFFIA FOOD COVER,1297.38,11.09,117,343,2.93,3.85,0.59,78,116,16.63,2.96,High,Popular
21471,STRAWBERRY RAFFIA FOOD COVER,1717.65,17.71,97,499,5.14,3.73,0.14,78,95,22.02,5.25,High,Popular
21472,LADYBIRD + BEE RAFFIA FOOD COVER,446.25,13.52,33,119,3.61,3.75,0.0,29,33,15.39,3.61,Medium,Occasional
21473,SWEETHEART CREAM STEEL TABLE RECT,438.9,24.38,18,22,1.22,19.95,0.0,16,18,27.43,1.22,Medium,Occasional
21476,STEEL SWEETHEART ROUND TABLE CREAM,463.45,25.75,18,31,1.72,14.95,0.0,14,18,33.1,1.72,Medium,Occasional
21479,WHITE SKULL HOT WATER BOTTLE ,10863.65,27.5,395,2887,7.31,4.02,0.27,254,382,42.77,7.56,Premium,Best-Seller
21481,FAWN BLUE HOT WATER BOTTLE,9458.15,24.01,394,3013,7.65,3.36,0.45,255,386,37.09,7.81,Premium,Best-Seller
21484,CHICK GREY HOT WATER BOTTLE,5957.97,19.93,299,1603,5.36,3.9,0.51,206,284,28.92,5.64,Premium,Best-Seller
21485,RETROSPOT HEART HOT WATER BOTTLE,15970.73,28.72,556,3355,6.03,4.96,0.58,372,541,42.93,6.2,Premium,Best-Seller
21486,PINK HEART DOTS HOT WATER BOTTLE,30.0,7.5,4,8,2.0,3.75,0.0,4,4,7.5,2.0,Low,Niche
21488,RED WHITE SCARF  HOT WATER BOTTLE,11.85,5.93,2,3,1.5,3.95,0.0,2,2,5.92,1.5,Low,Niche
21494,ROTATING LEAVES T-LIGHT HOLDER,1627.23,12.05,135,1230,9.11,1.37,0.36,79,127,20.6,9.69,High,Best-Seller
21495,SKULLS AND CROSSBONES WRAP,2366.5,14.26,166,5825,35.09,0.42,0.01,102,166,23.2,35.09,Premium,Best-Seller
21497,FANCY FONTS BIRTHDAY WRAP,3419.5,14.8,231,8575,37.12,0.42,0.01,176,229,19.43,37.45,Premium,Best-Seller
21498,RED RETROSPOT WRAP ,4341.74,12.85,338,10597,31.35,0.42,0.01,238,337,18.24,31.45,Premium,Best-Seller
21499,BLUE POLKADOT WRAP,2880.5,13.27,217,7125,32.83,0.42,0.02,174,216,16.55,32.99,Premium,Best-Seller
21500,PINK POLKADOT WRAP ,2582.5,12.18,212,6325,29.83,0.42,0.01,161,212,16.04,29.83,Premium,Best-Seller
21503,TOYBOX  WRAP ,278.84,12.12,23,702,30.52,0.42,0.02,21,23,13.28,30.52,Medium,Occasional
21504,SKULLS GREETING CARD,763.2,7.87,97,1884,19.42,0.42,0.01,74,96,10.31,19.62,High,Popular
21506,"FANCY FONT BIRTHDAY CARD, ",1915.92,7.54,254,4752,18.71,0.42,0.01,171,251,11.2,18.93,High,Best-Seller
21507,ELEPHANT BIRTHDAY CARD ,459.96,6.22,74,1104,14.92,0.46,0.12,63,73,7.3,15.12,Medium,Popular
21507,"ELEPHANT, BIRTHDAY CARD, ",864.12,6.8,127,2126,16.74,0.42,0.01,95,127,9.1,16.74,High,Popular
21508,VINTAGE KID DOLLY CARD ,976.15,6.64,147,2405,16.36,0.43,0.07,108,146,9.04,16.47,High,Best-Seller
21509,COWBOYS AND INDIANS BIRTHDAY CARD ,1444.75,7.12,203,3581,17.64,0.43,0.08,142,203,10.17,17.64,High,Best-Seller
21518,BANK ACCOUNT  GREETING  CARD ,106.98,6.29,17,265,15.59,0.42,0.01,16,17,6.69,15.59,Low,Occasional
21519,GIN & TONIC DIET GREETING CARD ,1336.02,6.89,194,3253,16.77,0.42,0.01,100,194,13.36,16.77,High,Best-Seller
21520,BOOZE & WOMEN GREETING CARD ,188.46,5.54,34,459,13.5,0.42,0.01,29,34,6.5,13.5,Medium,Occasional
21523,DOORMAT FANCY FONT HOME SWEET HOME,19197.07,47.87,401,3093,7.71,7.87,1.01,203,400,94.57,7.73,Premium,Best-Seller
21524,DOORMAT SPOTTY HOME SWEET HOME,12144.57,29.41,413,1668,4.04,7.97,1.16,251,408,48.38,4.09,Premium,Best-Seller
21527,RED RETROSPOT TRADITIONAL TEAPOT ,3800.9,23.91,159,502,3.16,7.84,0.31,102,154,37.26,3.26,Premium,Best-Seller
21528,DAIRY MAID TRADITIONAL TEAPOT ,1323.35,13.37,99,193,1.95,6.91,0.2,62,96,21.34,2.01,High,Popular
21530,DAIRY MAID TOASTRACK,738.31,8.03,92,817,8.88,1.05,0.7,65,91,11.36,8.98,High,Popular
21531,RED RETROSPOT SUGAR JAM BOWL,3495.6,15.68,223,1488,6.67,2.51,0.13,143,217,24.44,6.86,Premium,Best-Seller
21533,RETROSPOT LARGE MILK JUG,6415.05,19.32,332,1349,4.06,4.88,0.21,213,321,30.12,4.2,Premium,Best-Seller
21534,DAIRY MAID LARGE MILK JUG,1657.8,11.93,139,340,2.45,4.93,0.1,94,132,17.64,2.58,High,Best-Seller
21535,RED RETROSPOT SMALL MILK JUG,5910.9,17.59,336,2492,7.42,2.53,0.08,205,326,28.83,7.64,Premium,Best-Seller
21537,RED RETROSPOT PUDDING BOWL,1550.5,23.85,65,382,5.88,4.21,0.13,52,64,29.82,5.97,High,Popular
21538,DAIRY MAID  PUDDING BOWL,18.75,9.38,2,5,2.5,3.75,0.0,2,2,9.38,2.5,Low,Niche
21539,RED RETROSPOT BUTTER DISH,4538.6,19.65,231,962,4.16,4.9,0.18,124,227,36.6,4.24,Premium,Best-Seller
21544,SKULLS  WATER TRANSFER TATTOOS ,1522.4,13.24,115,1872,16.28,0.84,0.03,80,113,19.03,16.57,High,Popular
21547,CERAMIC BIRDHOUSE CRESTED TIT SMALL,212.4,12.49,17,72,4.24,2.95,0.0,13,16,16.34,4.5,Medium,Occasional
21555,CERAMIC STRAWBERRY TRINKET TRAY,140.25,11.69,12,55,4.58,2.55,0.0,11,12,12.75,4.58,Medium,Occasional
21556,CERAMIC STRAWBERRY MONEY BOX,1861.95,38.79,48,805,16.77,2.52,0.08,38,48,49.0,16.77,High,Popular
21557,SET OF 6 FUNKY BEAKERS,854.04,16.42,52,300,5.77,3.22,0.85,26,51,32.85,5.88,High,Popular
21558,SKULL LUNCH BOX WITH CUTLERY ,4635.0,16.61,279,1950,6.99,2.53,0.09,167,269,27.75,7.25,Premium,Best-Seller
21559,STRAWBERRY LUNCH BOX WITH CUTLERY,8769.89,19.58,448,3730,8.33,2.56,0.3,233,436,37.64,8.56,Premium,Best-Seller
21561,DINOSAUR LUNCH BOX WITH CUTLERY,2873.88,16.91,170,1229,7.23,2.56,0.34,116,169,24.77,7.27,Premium,Best-Seller
21562,HAWAIIAN GRASS SKIRT ,368.35,14.73,25,319,12.76,1.23,0.06,20,25,18.42,12.76,Medium,Occasional
21563,RED HEART SHAPE LOVE BUCKET ,2591.02,19.34,134,1358,10.13,2.73,0.71,95,134,27.27,10.13,Premium,Best-Seller
21564,PINK  HEART SHAPE LOVE BUCKET ,1694.57,15.99,106,1019,9.61,2.74,0.73,63,106,26.9,9.61,High,Popular
21576,LETS GO SHOPPING COTTON TOTE BAG,403.67,8.78,46,177,3.85,2.37,0.56,40,46,10.09,3.85,Medium,Popular
21577,SAVE THE PLANET COTTON TOTE BAG,1251.0,10.6,118,556,4.71,2.25,0.0,94,118,13.31,4.71,High,Popular
21578,WOODLAND DESIGN  COTTON TOTE BAG,1323.0,15.56,85,588,6.92,2.25,0.0,68,83,19.46,7.08,High,Popular
21579,LOLITA  DESIGN  COTTON TOTE BAG,369.0,9.97,37,164,4.43,2.25,0.0,31,35,11.9,4.69,Medium,Occasional
21580,RABBIT  DESIGN  COTTON TOTE BAG,202.5,8.44,24,90,3.75,2.25,0.0,21,24,9.64,3.75,Medium,Occasional
21581,SKULLS  DESIGN  COTTON TOTE BAG,398.25,9.71,41,177,4.32,2.25,0.0,33,41,12.07,4.32,Medium,Occasional
21584,RETROSPOT SMALL TUBE MATCHES,1756.55,10.98,160,1067,6.67,1.65,0.02,119,147,14.76,7.26,High,Best-Seller
21586,KINGS CHOICE GIANT TUBE MATCHES,1721.85,25.7,67,743,11.09,2.5,0.14,55,67,31.31,11.09,High,Popular
21587,COSY HOUR GIANT TUBE MATCHES,480.75,16.02,30,197,6.57,2.53,0.08,25,26,19.23,7.58,Medium,Occasional
21588,RETROSPOT GIANT TUBE MATCHES,3450.15,25.0,138,1497,10.85,2.53,0.1,98,132,35.21,11.34,Premium,Best-Seller
21591,COSY HOUR CIGAR BOX MATCHES ,1520.14,9.94,153,1238,8.09,1.25,0.02,114,143,13.33,8.66,High,Best-Seller
21592,RETROSPOT CIGAR BOX MATCHES ,2146.96,9.63,223,2148,9.63,1.13,0.3,155,208,13.85,10.33,Premium,Best-Seller
21609,SET 12 LAVENDER  BOTANICAL T-LIGHTS,2072.15,27.63,75,761,10.15,2.92,0.1,59,73,35.12,10.42,Premium,Popular
21613,S/12 VANILLA  BOTANICAL T-LIGHTS,632.75,16.65,38,221,5.82,2.94,0.06,37,38,17.1,5.82,High,Occasional
21614,SET OF 12 ROSE BOTANICAL T-LIGHTS,141.6,20.23,7,48,6.86,2.95,0.0,7,7,20.23,6.86,Medium,Niche
21615,4 LAVENDER BOTANICAL DINNER CANDLES,1195.0,11.49,104,840,8.08,1.68,0.95,86,100,13.9,8.4,High,Popular
21616,4 PEAR BOTANICAL DINNER CANDLES,1093.75,10.13,108,755,6.99,1.69,0.96,84,104,13.02,7.26,High,Popular
21617,4 LILY  BOTANICAL DINNER CANDLES,851.75,10.65,80,473,5.91,2.26,1.22,62,76,13.74,6.22,High,Popular
21618,4 WILDFLOWER BOTANICAL CANDLES,473.75,8.17,58,303,5.22,1.98,1.15,48,51,9.87,5.94,Medium,Popular
21619,4 VANILLA BOTANICAL CANDLES,1252.5,10.02,125,900,7.2,1.61,0.88,99,121,12.65,7.44,High,Popular
21620,SET OF 4 ROSE BOTANICAL CANDLES,1211.25,9.25,131,811,6.19,1.75,1.0,97,124,12.49,6.54,High,Popular
21621,VINTAGE UNION JACK BUNTING,21200.16,52.22,406,2568,6.33,8.51,0.43,267,395,79.4,6.5,Premium,Best-Seller
21622,VINTAGE UNION JACK CUSHION COVER,1874.1,18.74,100,382,3.82,4.94,0.07,78,98,24.03,3.9,High,Popular
21623,VINTAGE UNION JACK MEMOBOARD,22748.93,107.31,212,3259,15.37,9.77,0.69,140,209,162.49,15.59,Premium,Best-Seller
21624,VINTAGE UNION JACK DOORSTOP,1220.55,14.03,87,209,2.4,5.93,0.15,73,84,16.72,2.49,High,Popular
21625,VINTAGE UNION JACK APRON,2140.19,18.14,118,307,2.6,6.99,0.68,97,113,22.06,2.72,Premium,Popular
21626,VINTAGE UNION JACK PENNANT,1489.8,18.39,81,764,9.43,1.95,0.0,64,79,23.28,9.67,High,Popular
21627,ELEPHANT CARNIVAL POUFFE,568.1,23.67,24,38,1.58,14.95,0.0,14,24,40.58,1.58,Medium,Occasional
21628,TRIANGULAR POUFFE VINTAGE ,620.4,36.49,17,44,2.59,14.69,0.73,13,16,47.72,2.75,High,Occasional
21629,SQUARE FLOOR CUSHION VINTAGE RED,411.35,15.24,27,53,1.96,7.88,0.27,13,25,31.64,2.12,Medium,Occasional
21630,FLOOR CUSHION ELEPHANT CARNIVAL,470.25,20.45,23,55,2.39,8.82,0.34,13,23,36.17,2.39,Medium,Occasional
21631,HIPPY CHIC DECORATIVE PARASOL,761.85,47.62,16,155,9.69,7.25,4.4,15,16,50.79,9.69,High,Occasional
21632,VINTAGE PINK DECORATIVE PARASOL,237.0,47.4,5,60,12.0,3.95,0.0,5,5,47.4,12.0,Medium,Niche
21633,SUNFLOWER DECORATIVE PARASOL,541.2,36.08,15,88,5.87,10.4,4.03,13,15,41.63,5.87,Medium,Occasional
21634,ASSORTED MINI MADRAS NOTEBOOK,462.6,20.11,23,948,41.22,0.58,0.36,22,23,21.03,41.22,Medium,Occasional
21635,MADRAS NOTEBOOK LARGE ,367.5,24.5,15,270,18.0,1.92,1.14,15,15,24.5,18.0,Medium,Occasional
21636,MADRAS NOTEBOOK MEDIUM,703.95,9.02,78,917,11.76,0.8,0.29,60,71,11.73,12.92,High,Popular
21637,ASSORTED SANSKRIT MINI NOTEBOOK,113.75,22.75,5,91,18.2,1.25,0.0,5,5,22.75,18.2,Medium,Niche
21638,ASSORTED TUTTI FRUTTI NOTEBOOK,493.5,15.42,32,235,7.34,2.1,0.0,25,31,19.74,7.58,Medium,Occasional
21640,ASSORTED TUTTI FRUTTI  FOB NOTEBOOK,447.37,8.44,53,541,10.21,0.85,0.02,38,46,11.77,11.76,Medium,Popular
21641,ASSORTED TUTTI FRUTTI KEYRING BALL,367.98,16.0,23,1102,47.91,0.48,0.27,19,23,19.37,47.91,Medium,Occasional
21642,ASSORTED TUTTI FRUTTI PEN,847.78,8.56,99,2570,25.96,0.39,0.21,81,96,10.47,26.77,High,Popular
21643,ASSORTED TUTTI FRUTTI MIRROR,609.26,19.04,32,502,15.69,1.24,0.05,27,32,22.57,15.69,High,Occasional
21644,ASSORTED TUTTI FRUTTI HEART BOX,300.0,8.33,36,240,6.67,1.25,0.0,30,34,10.0,7.06,Medium,Occasional
21645,ASSORTED TUTTI FRUTTI ROUND BOX,39.6,39.6,1,24,24.0,1.65,,1,1,39.6,24.0,Low,Niche
21647,ASSORTED TUTTI FRUTTI LARGE PURSE,247.8,8.26,30,118,3.93,2.1,0.0,21,25,11.8,4.72,Medium,Occasional
21648,ASSORTED TUTTI FRUTTI SMALL PURSE,791.39,23.28,34,655,19.26,1.24,0.05,27,32,29.31,20.47,High,Occasional
21650,ASSORTED TUTTI FRUTTI BRACELET,445.45,6.46,69,2221,32.19,0.24,0.15,48,62,9.28,35.82,Medium,Popular
21651,HANGING GLASS ETCHED TEALIGHT,201.75,18.34,11,131,11.91,1.61,0.08,9,10,22.42,13.1,Medium,Occasional
21654,RIDGED GLASS FINGER BOWL,432.54,8.65,50,946,18.92,0.64,0.46,40,47,10.81,20.13,Medium,Popular
21655,HANGING RIDGE GLASS T-LIGHT HOLDER,121.68,24.34,5,72,14.4,1.69,0.0,1,5,121.68,14.4,Medium,Niche
21656,RIDGED GLASS POSY VASE ,169.65,9.98,17,117,6.88,1.45,0.0,15,17,11.31,6.88,Medium,Occasional
21657,MILK BOTTLE WITH GLASS STOPPER ,194.6,12.97,15,28,1.87,6.95,0.0,11,15,17.69,1.87,Medium,Occasional
21658,GLASS  BEURRE DISH,2990.36,19.54,153,804,5.25,3.88,0.18,83,149,36.03,5.4,Premium,Best-Seller
21661,VINTAGE GLASS TEA CADDY,17.85,5.95,3,3,1.0,5.95,0.0,3,3,5.95,1.0,Low,Niche
21662,VINTAGE GLASS COFFEE CADDY,416.3,26.02,16,74,4.62,5.92,0.12,14,16,29.74,4.62,Medium,Occasional
21664,RIDGED GLASS STORAGE JAR CREAM LID,346.47,18.24,19,97,5.11,3.73,0.08,15,17,23.1,5.71,Medium,Occasional
21666,RIDGED GLASS T-LIGHT HOLDER,249.6,7.56,33,384,11.64,0.65,0.0,21,33,11.89,11.64,Medium,Occasional
21667,GLASS CAKE COVER AND PLATE,59.8,29.9,2,4,2.0,14.95,0.0,1,2,59.8,2.0,Low,Niche
21668,RED STRIPE CERAMIC DRAWER KNOB,6326.7,17.92,353,5119,14.5,1.3,0.18,170,343,37.22,14.92,Premium,Best-Seller
21669,BLUE STRIPE CERAMIC DRAWER KNOB,6399.26,17.02,376,5049,13.43,1.33,0.23,167,361,38.32,13.99,Premium,Best-Seller
21670,BLUE SPOT CERAMIC DRAWER KNOB,5124.77,16.91,303,4073,13.44,1.3,0.1,159,296,32.23,13.76,Premium,Best-Seller
21671,RED SPOT CERAMIC DRAWER KNOB,5257.21,17.64,298,4232,14.2,1.29,0.1,166,293,31.67,14.44,Premium,Best-Seller
21672,WHITE SPOT RED CERAMIC DRAWER KNOB,5695.59,17.69,322,4623,14.36,1.29,0.1,159,314,35.82,14.72,Premium,Best-Seller
21673,WHITE SPOT BLUE CERAMIC DRAWER KNOB,5104.45,17.42,293,4097,13.98,1.3,0.1,155,284,32.93,14.43,Premium,Best-Seller
21675,BUTTERFLIES STICKERS,458.01,8.64,53,537,10.13,0.94,0.25,45,52,10.18,10.33,Medium,Popular
21676,FLOWERS  STICKERS,191.05,5.97,32,211,6.59,1.09,0.37,21,32,9.1,6.59,Medium,Occasional
21677,HEARTS  STICKERS,665.2,8.21,81,778,9.6,0.92,0.22,62,81,10.73,9.6,High,Popular
21678,PAISLEY PATTERN  STICKERS,88.4,5.52,16,104,6.5,0.85,0.0,16,16,5.52,6.5,Low,Occasional
21679,SKULLS  STICKERS,891.22,10.24,87,1054,12.11,0.85,0.01,67,87,13.3,12.11,High,Popular
21680,WOODLAND  STICKERS,683.4,12.89,53,804,15.17,0.85,0.0,43,53,15.89,15.17,High,Popular
21681,GIANT MEDINA STAMPED METAL BOWL ,19.9,9.95,2,2,1.0,9.95,0.0,2,2,9.95,1.0,Low,Niche
21682,LARGE MEDINA STAMPED METAL BOWL ,896.01,17.57,51,180,3.53,5.05,0.7,42,51,21.33,3.53,High,Popular
21683,MEDIUM MEDINA STAMPED METAL BOWL ,876.15,18.25,48,297,6.19,2.95,0.0,39,48,22.47,6.19,High,Popular
21684,SMALL MEDINA STAMPED METAL BOWL ,575.41,15.55,37,764,20.65,0.89,0.27,27,36,21.31,21.22,Medium,Occasional
21686,MEDINA STAMPED METAL STOOL,1308.3,68.86,19,34,1.79,39.69,1.15,6,19,218.05,1.79,High,Occasional
21688,SILVER PLATE CANDLE BOWL SMALL,932.2,23.9,39,316,8.1,2.95,0.0,36,39,25.89,8.1,High,Occasional
21689,SILVER VANILLA  FLOWER CANDLE POT,345.0,15.0,23,92,4.0,3.75,0.0,22,23,15.68,4.0,Medium,Occasional
21690,SILVER  CANDLEPOT JARDIN ,90.0,10.0,9,24,2.67,3.75,0.0,6,7,15.0,3.43,Low,Niche
21692,SILVER LATTICE VANILLA CANDLE POT,63.75,7.97,8,17,2.12,3.75,0.0,7,7,9.11,2.43,Low,Niche
21693,SMALL HAMMERED SILVER CANDLEPOT ,1056.1,23.47,45,358,7.96,2.95,0.0,40,43,26.4,8.33,High,Popular
21694,SMALL REGAL  SILVER CANDLEPOT ,817.05,40.85,20,303,15.15,2.91,0.12,18,20,45.39,15.15,High,Occasional
21695,SMALL SILVER FLOWER CANDLE POT,834.85,23.19,36,283,7.86,2.95,0.0,35,35,23.85,8.09,High,Occasional
21696,SMALL SILVER TRELLIS CANDLEPOT,702.1,22.65,31,238,7.68,2.95,0.0,27,30,26.0,7.93,High,Occasional
21698,MOCK LOBSTER FRIDGE MAGNET,116.62,5.3,22,266,12.09,0.49,0.2,22,22,5.3,12.09,Medium,Occasional
21700,BIG DOUGHNUT FRIDGE MAGNETS,1106.7,12.58,88,1302,14.8,0.85,0.0,58,86,19.08,15.14,High,Popular
21703,BAG 125g SWIRLY MARBLES,3462.43,13.79,251,9346,37.24,0.43,0.07,174,247,19.9,37.84,Premium,Best-Seller
21704,BAG 250g SWIRLY MARBLES,3850.04,19.25,200,4997,24.98,0.86,0.16,136,199,28.31,25.11,Premium,Best-Seller
21705,BAG 500g SWIRLY MARBLES,1311.01,11.5,114,1385,12.15,1.52,0.67,88,112,14.9,12.37,High,Popular
21706,FOLDING UMBRELLA RED/WHITE POLKADOT,1134.58,16.44,69,229,3.32,5.07,0.86,53,68,21.41,3.37,High,Popular
21707,FOLDING UMBRELLA BLACKBLUE POLKADOT,601.22,12.79,47,120,2.55,5.15,1.03,44,47,13.66,2.55,High,Popular
21708,FOLDING UMBRELLA CREAM POLKADOT,687.4,20.22,34,140,4.12,4.91,0.17,28,33,24.55,4.24,High,Occasional
21709,FOLDING UMBRELLA CHOCOLATE POLKADOT,430.06,13.87,31,87,2.81,5.09,0.91,30,31,14.34,2.81,Medium,Occasional
21710,FOLDING UMBRELLA PINKWHITE POLKADOT,412.41,13.3,31,84,2.71,5.07,0.92,29,31,14.22,2.71,Medium,Occasional
21711,FOLDING UMBRELLA WHITE/RED POLKADOT,420.1,18.27,23,86,3.74,4.89,0.2,22,23,19.1,3.74,Medium,Occasional
21713,CITRONELLA CANDLE FLOWERPOT,1480.45,10.97,135,717,5.31,2.1,0.03,103,130,14.37,5.52,High,Best-Seller
21714,CITRONELLA CANDLE GARDEN POT,1381.25,10.46,132,1105,8.37,1.25,0.0,106,131,13.03,8.44,High,Best-Seller
21715,GIRLS VINTAGE TIN SEASIDE BUCKET,2736.75,19.69,139,1141,8.21,2.52,0.12,116,138,23.59,8.27,Premium,Best-Seller
21716,BOYS VINTAGE TIN SEASIDE BUCKET,2942.12,21.02,140,1214,8.67,2.55,0.31,112,138,26.27,8.8,Premium,Best-Seller
21717,EASTER TIN BUCKET,931.95,24.52,38,405,10.66,2.5,0.14,34,38,27.41,10.66,High,Occasional
21718,RED METAL BEACH SPADE ,1614.92,11.06,146,1290,8.84,1.27,0.14,106,144,15.24,8.96,High,Best-Seller
21719,LOVELY BONBON STICKER SHEET,255.85,7.31,35,301,8.6,0.85,0.0,29,34,8.82,8.85,Medium,Occasional
21720,CAKE SHOP  STICKER SHEET,48.45,6.06,8,57,7.12,0.85,0.0,8,8,6.06,7.12,Low,Niche
21721,CANDY SHOP  STICKER SHEET,148.75,6.76,22,175,7.95,0.85,0.0,19,20,7.83,8.75,Medium,Occasional
21722,SWEET PUDDING STICKER SHEET,56.1,3.51,16,66,4.12,0.85,0.0,14,16,4.01,4.12,Low,Occasional
21723,ALPHABET HEARTS STICKER SHEET,315.35,7.88,40,371,9.28,0.85,0.0,29,38,10.87,9.76,Medium,Occasional
21724,PANDA AND BUNNIES STICKER SHEET,316.2,5.55,57,372,6.53,0.85,0.0,43,57,7.35,6.53,Medium,Popular
21725,SWEETIES  STICKERS,232.9,7.28,32,274,8.56,0.85,0.0,26,32,8.96,8.56,Medium,Occasional
21726,MULTI HEARTS  STICKERS,196.35,5.45,36,231,6.42,0.85,0.0,29,36,6.77,6.42,Medium,Occasional
21730,GLASS STAR FROSTED T-LIGHT HOLDER,2392.74,18.55,129,512,3.97,4.93,0.83,80,127,29.91,4.03,Premium,Popular
21731,RED TOADSTOOL LED NIGHT LIGHT,20106.41,36.82,546,13045,23.89,1.66,0.19,266,533,75.59,24.47,Premium,Best-Seller
21733,RED HANGING HEART T-LIGHT HOLDER,22774.69,32.17,708,7815,11.04,2.95,0.33,384,691,59.31,11.31,Premium,Best-Seller
21735,TWO DOOR CURIO CABINET,2934.9,30.89,95,243,2.56,12.51,0.86,61,95,48.11,2.56,Premium,Popular
21736,GOLD SCROLL GLASS T-LIGHT HOLDER,138.39,19.77,7,83,11.86,1.61,0.83,5,6,27.68,13.83,Medium,Niche
21738,COSY SLIPPER SHOES SMALL  RED ,132.75,6.03,22,45,2.05,2.95,0.0,17,18,7.81,2.5,Medium,Occasional
21739,COSY SLIPPER SHOES SMALL GREEN,417.44,8.35,50,143,2.86,2.88,0.17,38,48,10.99,2.98,Medium,Popular
21741,COSY SLIPPER SHOES LARGE GREEN,386.45,13.8,28,131,4.68,2.95,0.0,27,28,14.31,4.68,Medium,Occasional
21742,LARGE ROUND WICKER PLATTER ,1148.35,12.48,92,193,2.1,5.95,0.0,75,89,15.31,2.17,High,Popular
21743,STAR PORTABLE TABLE LIGHT ,780.2,22.95,34,284,8.35,2.93,0.1,29,33,26.9,8.61,High,Occasional
21744,SNOWFLAKE PORTABLE TABLE LIGHT ,1128.09,13.43,84,367,4.37,3.19,0.79,66,80,17.09,4.59,High,Popular
21745,GAOLERS KEYS DECORATIVE GARDEN ,3427.19,16.32,210,933,4.44,3.78,0.45,115,206,29.8,4.53,Premium,Best-Seller
21746,SMALL RED RETROSPOT WINDMILL,3540.45,18.63,190,2989,15.73,1.26,0.16,122,188,29.02,15.9,Premium,Best-Seller
21747,SMALL SKULL WINDMILL,542.53,12.62,43,449,10.44,1.24,0.04,31,43,17.5,10.44,Medium,Occasional
21749,LARGE RED RETROSPOT WINDMILL,3661.8,33.29,110,1908,17.35,2.08,0.08,80,110,45.77,17.35,Premium,Popular
21750,LARGE SKULL WINDMILL,163.8,9.64,17,78,4.59,2.1,0.0,15,16,10.92,4.88,Medium,Occasional
21754,HOME BUILDING BLOCK WORD,15696.01,21.83,719,2665,3.71,6.02,0.35,360,700,43.6,3.81,Premium,Best-Seller
21755,LOVE BUILDING BLOCK WORD,11559.36,19.86,582,1950,3.35,6.02,0.31,337,557,34.3,3.5,Premium,Best-Seller
21756,BATH BUILDING BLOCK WORD,4739.73,18.44,257,794,3.09,6.03,0.38,168,243,28.21,3.27,Premium,Best-Seller
21757,LIGHTHOUSE PRINTED METAL SIGN,29.7,9.9,3,6,2.0,4.95,0.0,3,3,9.9,2.0,Low,Niche
21758,VINTAGE SHELLS PRINT,202.4,14.46,14,32,2.29,6.41,0.13,13,14,15.57,2.29,Medium,Occasional
21761,WOOD AND GLASS MEDICINE CABINET,299.5,29.95,10,10,1.0,29.95,0.0,10,10,29.95,1.0,Medium,Niche
21763,VINTAGE WOODEN BAR STOOL,169.75,42.44,4,6,1.5,27.46,4.97,4,4,42.44,1.5,Medium,Niche
21769,VINTAGE POST OFFICE CABINET,607.65,303.83,2,11,5.5,66.36,19.22,2,2,303.82,5.5,High,Niche
21770,OPEN CLOSED METAL SIGN,7336.11,21.33,344,1582,4.6,4.94,0.3,262,341,28.0,4.64,Premium,Best-Seller
21773,DECORATIVE ROSE BATHROOM BOTTLE,693.52,11.75,59,920,15.59,1.08,0.34,50,59,13.87,15.59,High,Popular
21774,DECORATIVE CATS BATHROOM BOTTLE,648.28,12.23,53,836,15.77,1.15,0.27,39,53,16.62,15.77,High,Popular
21775,DECORATIVE FLORE BATHROOM BOTTLE,317.66,7.56,42,286,6.81,1.23,0.13,34,42,9.34,6.81,Medium,Occasional
21777,RECIPE BOX WITH METAL HEART,95.4,19.08,5,12,2.4,7.95,0.0,5,5,19.08,2.4,Low,Niche
21781,MA CAMPAGNE CUTLERY BOX,2295.65,25.51,90,159,1.77,14.83,0.51,52,89,44.15,1.79,Premium,Popular
21784,SHOE SHINE BOX ,527.35,13.52,39,53,1.36,9.95,0.0,21,39,25.11,1.36,Medium,Occasional
21785,RAIN PONCHO ,267.95,53.59,5,411,82.2,0.81,0.09,3,4,89.32,102.75,Medium,Niche
21786,POLKADOT RAIN HAT ,700.87,7.15,98,1755,17.91,0.45,0.12,56,90,12.52,19.5,High,Popular
21787,RAIN PONCHO RETROSPOT,7384.63,39.07,189,9283,49.12,0.86,0.15,115,183,64.21,50.73,Premium,Best-Seller
21788,KIDS RAIN MAC BLUE,955.43,13.27,72,1225,17.01,0.85,0.1,61,69,15.66,17.75,High,Popular
21789,KIDS RAIN MAC PINK,692.13,9.48,73,819,11.22,0.86,0.09,55,69,12.58,11.87,High,Popular
21790,VINTAGE SNAP CARDS,10519.67,14.22,740,13421,18.14,0.85,0.1,449,725,23.43,18.51,Premium,Best-Seller
21791,VINTAGE HEADS AND TAILS CARD GAME ,8576.41,17.36,494,7179,14.53,1.27,0.18,342,488,25.08,14.71,Premium,Best-Seller
21792,CLASSIC FRENCH STYLE BASKET GREEN ,1392.6,19.61,71,332,4.68,4.58,1.18,58,71,24.01,4.68,High,Popular
21793,CLASSIC FRENCH STYLE BASKET BROWN,1240.44,18.51,67,296,4.42,4.29,0.95,57,66,21.76,4.48,High,Popular
21794,CLASSIC FRENCH STYLE BASKET NATURAL,2076.32,21.86,95,504,5.31,4.39,1.09,79,95,26.28,5.31,Premium,Popular
21801,CHRISTMAS TREE DECORATION WITH BELL,207.06,9.0,23,493,21.43,0.42,0.0,22,23,9.41,21.43,Medium,Occasional
21802,CHRISTMAS TREE HEART DECORATION,420.42,8.41,50,1001,20.02,0.42,0.0,45,47,9.34,21.3,Medium,Popular
21803,CHRISTMAS TREE STAR DECORATION,477.96,9.37,51,1138,22.31,0.42,0.0,46,49,10.39,23.22,Medium,Popular
21804,WHITE CHRISTMAS GARLAND STARS TREES,656.7,16.02,41,178,4.34,3.72,0.09,37,40,17.75,4.45,High,Occasional
21807,WHITE CHRISTMAS STAR DECORATION,174.3,5.81,30,415,13.83,0.42,0.0,24,25,7.26,16.6,Medium,Occasional
21808,"CHRISTMAS GARLAND STARS,TREES",370.0,16.82,22,100,4.55,3.64,0.53,21,21,17.62,4.76,Medium,Occasional
21809,CHRISTMAS HANGING TREE WITH BELL,995.3,10.94,91,1859,20.43,0.74,0.59,72,85,13.82,21.87,High,Popular
21810,CHRISTMAS HANGING STAR WITH BELL,2516.82,13.18,191,5364,28.08,0.57,0.47,129,175,19.51,30.65,Premium,Best-Seller
21811,CHRISTMAS HANGING HEART WITH BELL,273.75,13.69,20,219,10.95,1.25,0.0,16,17,17.11,12.88,Medium,Occasional
21811,HANGING HEART WITH BELL,1926.55,13.02,148,4161,28.11,0.56,0.39,106,139,18.18,29.94,High,Best-Seller
21812,GARLAND WITH HEARTS AND BELLS,1106.4,24.05,46,232,5.04,4.9,0.17,36,45,30.73,5.16,High,Popular
21813,GARLAND WITH STARS AND BELLS,1221.75,28.41,43,257,5.98,4.9,0.18,38,42,32.15,6.12,High,Occasional
21814,HEART T-LIGHT HOLDER ,108.75,7.25,15,75,5.0,1.45,0.0,11,12,9.89,6.25,Low,Occasional
21815,STAR  T-LIGHT HOLDER ,191.4,9.57,20,132,6.6,1.45,0.0,15,18,12.76,7.33,Medium,Occasional
21816,CHRISTMAS TREE T-LIGHT HOLDER,49.3,5.48,9,34,3.78,1.45,0.0,6,7,8.22,4.86,Low,Niche
21817,GLITTER CHRISTMAS TREE,408.86,6.7,61,908,14.89,0.5,0.2,48,54,8.52,16.81,Medium,Popular
21818,GLITTER CHRISTMAS HEART ,224.4,10.2,22,264,12.0,0.85,0.0,17,18,13.2,14.67,Medium,Occasional
21818,GLITTER HEART DECORATION,1056.73,7.44,142,2435,17.15,0.46,0.2,104,129,10.16,18.88,High,Best-Seller
21819,GLITTER CHRISTMAS STAR ,1054.63,8.18,129,2465,19.11,0.49,0.23,95,118,11.1,20.89,High,Popular
21820,GLITTER HEART GARLAND WITH BELLS ,1192.34,18.07,66,321,4.86,3.79,0.46,49,61,24.33,5.26,High,Popular
21821,GLITTER STAR GARLAND WITH BELLS ,870.45,20.72,42,235,5.6,3.73,0.08,35,41,24.87,5.73,High,Occasional
21822,GLITTER CHRISTMAS TREE WITH BELLS,572.48,8.3,69,618,8.96,1.04,0.67,46,60,12.45,10.3,Medium,Popular
21823,PAINTED METAL HEART WITH HOLLY BELL,687.98,8.93,77,1196,15.53,0.75,0.5,61,69,11.28,17.33,High,Popular
21824,PAINTED METAL STAR WITH HOLLY BELLS,732.8,9.39,78,1474,18.9,0.61,0.43,63,74,11.63,19.92,High,Popular
21826,EIGHT PIECE DINOSAUR SET,116.25,5.54,21,93,4.43,1.25,0.0,16,18,7.27,5.17,Medium,Occasional
21827,EIGHT PIECE CREEPY CRAWLIE SET,7.5,2.5,3,6,2.0,1.25,0.0,3,3,2.5,2.0,Low,Niche
21828,EIGHT PIECE SNAKE  SET,392.5,5.53,71,314,4.42,1.25,0.0,53,68,7.41,4.62,Medium,Popular
21829,DINOSAUR KEYRINGS ASSORTED,1355.61,9.97,136,6570,48.31,0.21,0.03,104,132,13.03,49.77,High,Best-Seller
21830,ASSORTED CREEPY CRAWLIES,1113.79,11.85,94,2647,28.16,0.44,0.08,63,90,17.68,29.41,High,Popular
21832,CHOCOLATE CALCULATOR,1306.73,10.71,122,785,6.43,1.73,0.36,83,115,15.74,6.83,High,Popular
21833,CAMOUFLAGE LED TORCH,4308.54,35.32,122,2646,21.69,1.68,0.04,86,122,50.1,21.69,Premium,Popular
21836,GINGHAM OVEN GLOVE RED HEART ,11.25,5.62,2,3,1.5,3.75,0.0,2,2,5.62,1.5,Low,Niche
21839,MUMMY MOUSE RED GINGHAM RIBBON,5.45,5.45,1,1,1.0,5.45,,1,1,5.45,1.0,Low,Niche
21841,BABY MOUSE RED GINGHAM DRESS,310.25,14.1,22,73,3.32,4.25,0.0,19,20,16.33,3.65,Medium,Occasional
21843,RED RETROSPOT CAKE STAND,20388.35,44.04,463,2129,4.6,10.84,0.61,261,461,78.12,4.62,Premium,Best-Seller
21844,RED RETROSPOT MUG,5030.7,34.22,147,1834,12.48,2.9,0.13,100,145,50.31,12.65,Premium,Best-Seller
21845,DAIRY MAID STRIPE MUG,1796.73,19.74,91,1959,21.53,1.12,0.77,64,90,28.07,21.77,High,Popular
21846,PINK DIAMANTE PEN IN GIFT BOX,425.02,17.0,25,84,3.36,5.59,1.38,12,25,35.42,3.36,Medium,Occasional
21847,GREEN  DIAMANTE PEN IN GIFT BOX,44.55,8.91,5,9,1.8,4.95,0.0,5,5,8.91,1.8,Low,Niche
21849,SILVER DIAMANTE PEN IN GIFT BOX,260.74,10.43,25,52,2.08,5.08,0.67,16,22,16.3,2.36,Medium,Occasional
21850,BLUE  DIAMANTE PEN IN GIFT BOX,429.75,18.68,23,97,4.22,4.89,0.2,12,22,35.81,4.41,Medium,Occasional
21851,LILAC DIAMANTE PEN IN GIFT BOX,138.72,9.25,15,26,1.73,5.62,1.38,12,15,11.56,1.73,Medium,Occasional
21864,UNION JACK FLAG PASSPORT COVER ,1234.44,12.34,100,630,6.3,2.08,0.1,65,97,18.99,6.49,High,Popular
21865,PINK UNION JACK  PASSPORT COVER ,463.38,6.44,72,223,3.1,2.09,0.07,52,68,8.91,3.28,Medium,Popular
21866,UNION JACK FLAG LUGGAGE TAG,670.46,6.1,110,537,4.88,1.3,0.26,79,106,8.49,5.07,High,Popular
21867,PINK UNION JACK  LUGGAGE TAG,336.27,3.82,88,266,3.02,1.28,0.18,56,75,6.0,3.55,Medium,Popular
21868,POTTING SHED TEA MUG,3026.39,12.35,245,2431,9.92,1.33,0.35,153,242,19.78,10.05,Premium,Best-Seller
21870,I CAN ONLY PLEASE ONE PERSON MUG,1701.39,11.82,144,1383,9.6,1.25,0.02,97,140,17.54,9.88,High,Best-Seller
21871,SAVE THE PLANET MUG,6872.92,24.03,286,5938,20.76,1.37,0.3,135,281,50.91,21.13,Premium,Best-Seller
21872,GLAMOROUS  MUG,1388.45,11.02,126,1285,10.2,1.35,0.47,82,121,16.93,10.62,High,Popular
21873,IF YOU CAN'T STAND THE HEAT MUG,1852.41,19.5,95,1677,17.65,1.28,0.54,62,92,29.88,18.23,High,Popular
21874,GIN AND TONIC MUG,3752.07,18.48,203,2874,14.16,1.35,0.18,112,201,33.5,14.3,Premium,Best-Seller
21875,KINGS CHOICE MUG,2284.56,19.53,117,2028,17.33,1.36,0.49,85,116,26.88,17.48,Premium,Popular
21876,POTTERING MUG,4117.66,19.7,209,3590,17.18,1.38,0.48,141,205,29.2,17.51,Premium,Best-Seller
21877,HOME SWEET HOME MUG,7842.43,24.98,314,6399,20.38,1.41,0.39,175,308,44.81,20.78,Premium,Best-Seller
21878,PACK OF 6 SANDCASTLE FLAGS ASSORTED,1984.8,12.48,159,2410,15.16,0.85,0.06,121,154,16.4,15.65,High,Best-Seller
21879,HEARTS GIFT TAPE,303.23,5.14,59,1027,17.41,0.46,0.23,52,57,5.83,18.02,Medium,Popular
21880,RED RETROSPOT TAPE,676.74,6.7,101,1470,14.55,0.55,0.18,84,100,8.06,14.7,High,Popular
21881,CUTE CATS TAPE,315.55,7.01,45,975,21.67,0.57,0.31,37,45,8.53,21.67,Medium,Popular
21882,SKULLS TAPE,191.28,4.67,41,600,14.63,0.53,0.21,35,38,5.47,15.79,Medium,Occasional
21883,STARS GIFT TAPE ,581.25,6.18,94,1369,14.56,0.55,0.23,82,94,7.09,14.56,Medium,Popular
21884,CAKES AND BOWS GIFT  TAPE,318.81,7.25,44,1017,23.11,0.5,0.22,43,44,7.41,23.11,Medium,Occasional
21888,BINGO SET,5721.96,20.15,284,1552,5.46,3.83,0.58,210,282,27.25,5.5,Premium,Best-Seller
21889,WOODEN BOX OF DOMINOES,7248.45,15.49,468,5804,12.4,1.28,0.19,336,451,21.57,12.87,Premium,Best-Seller
21890,S/6 WOODEN SKITTLES IN COTTON BAG,3255.51,17.79,183,1073,5.86,3.24,0.5,142,176,22.93,6.1,Premium,Best-Seller
21891,TRADITIONAL WOODEN SKIPPING ROPE,10057.64,27.78,362,7950,21.96,1.39,0.1,264,344,38.1,23.11,Premium,Best-Seller
21892,TRADITIONAL WOODEN CATCH CUP GAME ,3673.0,11.96,307,2927,9.53,1.3,0.24,235,297,15.63,9.86,Premium,Best-Seller
21894,POTTING SHED SEED ENVELOPES,610.73,8.14,75,476,6.35,1.31,0.27,57,71,10.71,6.7,High,Popular
21895,POTTING SHED SOW 'N' GROW SET,4.25,4.25,1,1,1.0,4.25,,1,1,4.25,1.0,Low,Niche
21896,POTTING SHED TWINE,2168.25,22.82,95,954,10.04,2.1,0.05,80,92,27.1,10.37,Premium,Popular
21897,POTTING SHED CANDLE CITRONELLA,1250.82,625.41,2,402,201.0,2.88,0.47,1,2,1250.82,201.0,High,Niche
21898,POTTING SHED ROSE CANDLE,1423.03,203.29,7,445,63.57,3.02,0.11,6,7,237.17,63.57,High,Niche
21899,GARAGE KEY FOB,491.15,4.16,118,733,6.21,0.71,0.23,81,115,6.06,6.37,Medium,Popular
21899,"KEY FOB , GARAGE DESIGN",1169.87,10.64,110,1915,17.41,0.65,0.02,90,107,13.0,17.9,High,Popular
21900,"KEY FOB , SHED",1966.28,7.23,272,3092,11.37,0.69,0.19,167,267,11.77,11.58,High,Best-Seller
21901,"KEY FOB , BACK DOOR ",1148.71,4.69,245,1755,7.16,0.68,0.16,143,235,8.03,7.47,High,Best-Seller
21902,"KEY FOB , FRONT  DOOR ",1181.93,7.04,168,1923,11.45,0.68,0.17,114,162,10.37,11.87,High,Best-Seller
21903,MAN FLU METAL SIGN,2387.88,15.21,157,1142,7.27,2.23,0.52,113,155,21.13,7.37,Premium,Best-Seller
21904,HOUSE WRECKING METAL SIGN ,107.1,4.28,25,51,2.04,2.1,0.0,21,23,5.1,2.22,Low,Occasional
21905,MORE BUTTER METAL SIGN ,707.41,6.37,111,685,6.17,1.29,0.63,84,110,8.42,6.23,High,Popular
21906,PHARMACIE FIRST AID TIN,3335.56,33.03,101,500,4.95,6.73,0.15,71,100,46.98,5.0,Premium,Popular
21907,I'M ON HOLIDAY METAL SIGN,4763.65,14.31,333,2295,6.89,2.11,0.2,207,330,23.01,6.95,Premium,Best-Seller
21908,CHOCOLATE THIS WAY METAL SIGN,7237.92,18.9,383,3649,9.53,2.14,0.33,219,376,33.05,9.7,Premium,Best-Seller
21910,WAY OUT METAL SIGN ,59.4,7.42,8,36,4.5,1.65,0.0,8,8,7.42,4.5,Low,Niche
21911,GARDEN METAL SIGN ,193.05,9.19,21,117,5.57,1.65,0.0,18,21,10.73,5.57,Medium,Occasional
21912,VINTAGE SNAKES & LADDERS,5523.53,20.38,271,1575,5.81,3.84,0.65,201,268,27.48,5.88,Premium,Best-Seller
21913,VINTAGE SEASIDE JIGSAW PUZZLES,1153.78,12.68,91,308,3.38,3.83,0.55,72,91,16.02,3.38,High,Popular
21914,BLUE HARMONICA IN BOX ,9267.63,17.52,529,7470,14.12,1.28,0.2,307,519,30.19,14.39,Premium,Best-Seller
21915,RED  HARMONICA IN BOX ,23872.68,41.52,575,21038,36.59,1.26,0.17,350,569,68.21,36.97,Premium,Best-Seller
21916,SET 12 RETRO WHITE CHALK STICKS,1781.62,6.96,256,4387,17.14,0.43,0.07,156,249,11.42,17.62,High,Best-Seller
21917,SET 12 KIDS  WHITE CHALK STICKS,1658.7,8.68,191,4108,21.51,0.43,0.06,132,188,12.57,21.85,High,Best-Seller
21918,SET 12 KIDS COLOUR  CHALK STICKS,2821.42,9.76,289,7029,24.32,0.43,0.06,193,285,14.62,24.66,Premium,Best-Seller
21922,UNION STRIPE WITH FRINGE  HAMMOCK,5682.09,33.62,169,759,4.49,7.95,1.22,113,167,50.28,4.54,Premium,Best-Seller
21925,UNION STRIPE CUSHION COVER ,511.25,7.3,70,409,5.84,1.25,0.0,38,69,13.45,5.93,Medium,Popular
21926,RED/CREAM STRIPE CUSHION COVER ,527.4,8.51,62,428,6.9,1.25,0.02,35,62,15.07,6.9,Medium,Popular
21927,BLUE/CREAM STRIPE CUSHION COVER ,818.65,7.65,107,661,6.18,1.25,0.02,42,106,19.49,6.24,High,Popular
21928,JUMBO BAG SCANDINAVIAN BLUE PAISLEY,15112.55,32.57,464,8022,17.29,2.06,0.24,232,459,65.14,17.48,Premium,Best-Seller
21928,JUMBO BAG SCANDINAVIAN PAISLEY,3435.6,36.16,95,1950,20.53,1.91,0.1,76,93,45.21,20.97,Premium,Popular
21929,JUMBO BAG PINK VINTAGE PAISLEY,18817.05,30.45,618,10111,16.36,2.04,0.25,308,614,61.09,16.47,Premium,Best-Seller
21930,JUMBO STORAGE BAG SKULLS,10897.03,22.51,484,5709,11.8,2.03,0.09,220,474,49.53,12.04,Premium,Best-Seller
21931,JUMBO STORAGE BAG SUKI,22391.2,28.02,799,11849,14.83,2.03,0.15,333,790,67.24,15.0,Premium,Best-Seller
21932,SCANDINAVIAN PAISLEY PICNIC BAG,4419.01,13.39,330,2500,7.58,1.85,0.46,218,322,20.27,7.76,Premium,Best-Seller
21933,PINK VINTAGE PAISLEY PICNIC BAG,4300.81,14.48,297,2413,8.12,1.84,0.44,198,286,21.72,8.44,Premium,Best-Seller
21934,SKULL SHOULDER BAG,2097.7,14.57,144,1298,9.01,1.65,0.03,85,144,24.68,9.01,Premium,Best-Seller
21935,SUKI  SHOULDER BAG,2826.02,13.72,206,1764,8.56,1.64,0.03,121,205,23.36,8.6,Premium,Best-Seller
21936,RED RETROSPOT PICNIC BAG,10528.76,26.32,400,3814,9.54,2.94,0.31,223,397,47.21,9.61,Premium,Best-Seller
21937,STRAWBERRY   PICNIC BAG,4480.65,20.94,214,1607,7.51,2.93,0.09,146,212,30.69,7.58,Premium,Best-Seller
21942,SKULLS DESIGN FLANNEL,144.75,6.03,24,173,7.21,0.83,0.09,14,24,10.34,7.21,Medium,Occasional
21943,CAKES AND RABBITS DESIGN FLANNEL ,48.45,4.84,10,57,5.7,0.85,0.0,7,10,6.92,5.7,Low,Niche
21944,KITTENS DESIGN FLANNEL,177.88,5.23,34,232,6.82,0.77,0.18,24,33,7.41,7.03,Medium,Occasional
21945,STRAWBERRIES  DESIGN FLANNEL ,190.79,6.36,30,225,7.5,0.83,0.08,27,29,7.07,7.76,Medium,Occasional
21946,PARTY TIME DESIGN FLANNEL,58.9,5.35,11,72,6.55,0.81,0.14,8,11,7.36,6.55,Low,Occasional
21947,SET OF 6 HEART CHOPSTICKS,743.98,8.45,88,596,6.77,1.36,0.35,62,82,12.0,7.27,High,Popular
21948,SET OF 6 CAKE CHOPSTICKS,543.07,9.7,56,418,7.46,1.4,0.4,37,54,14.68,7.74,Medium,Popular
21949,SET OF 6 STRAWBERRY CHOPSTICKS,725.49,12.3,59,613,10.39,1.31,0.27,46,59,15.77,10.39,High,Popular
21955,DOORMAT UNION JACK GUNS AND ROSES,6635.61,42.0,158,1159,7.34,7.76,0.66,108,155,61.44,7.48,Premium,Best-Seller
21967,PACK OF 12 SKULL TISSUES,1506.24,8.37,180,5166,28.7,0.32,0.05,129,173,11.68,29.86,High,Best-Seller
21972,SET OF 36 DINOSAUR PAPER DOILIES,426.3,10.4,41,294,7.17,1.45,0.0,37,41,11.52,7.17,Medium,Occasional
21973,SET OF 36 MUSHROOM PAPER DOILIES,214.6,7.15,30,148,4.93,1.45,0.0,25,30,8.58,4.93,Medium,Occasional
21974,SET OF 36 PAISLEY FLOWER DOILIES,3013.56,12.88,234,2085,8.91,1.49,0.25,176,234,17.12,8.91,Premium,Best-Seller
21975,PACK OF 60 DINOSAUR CAKE CASES,5970.74,10.49,569,12205,21.45,0.56,0.1,289,532,20.66,22.94,Premium,Best-Seller
21976,PACK OF 60 MUSHROOM CAKE CASES,2515.88,8.68,290,4972,17.14,0.55,0.08,181,277,13.9,17.95,Premium,Best-Seller
21977,PACK OF 60 PINK PAISLEY CAKE CASES,11672.05,16.89,691,24341,35.23,0.55,0.09,410,674,28.47,36.11,Premium,Best-Seller
21980,PACK OF 12 RED RETROSPOT TISSUES ,2031.15,8.0,254,6619,26.06,0.33,0.08,193,252,10.52,26.27,Premium,Best-Seller
21981,PACK OF 12 WOODLAND TISSUES ,1515.66,7.73,196,5302,27.05,0.34,0.11,143,191,10.6,27.76,High,Best-Seller
21982,PACK OF 12 SUKI TISSUES ,2083.97,7.66,272,7347,27.01,0.34,0.11,182,260,11.45,28.26,Premium,Best-Seller
21983,PACK OF 12 BLUE PAISLEY TISSUES ,719.69,5.76,125,2247,17.98,0.35,0.13,99,125,7.27,17.98,High,Popular
21984,PACK OF 12 PINK PAISLEY TISSUES ,1010.91,6.2,163,3333,20.45,0.35,0.12,124,158,8.15,21.09,High,Best-Seller
21985,PACK OF 12 HEARTS DESIGN TISSUES ,2550.29,7.06,361,8569,23.74,0.33,0.1,262,354,9.73,24.21,Premium,Best-Seller
21986,PACK OF 12 PINK POLKADOT TISSUES,1129.79,7.2,157,3985,25.38,0.34,0.11,118,155,9.57,25.71,High,Best-Seller
21987,PACK OF 6 SKULL PAPER CUPS,1263.19,8.2,154,2063,13.4,0.65,0.02,106,149,11.92,13.85,High,Best-Seller
21988,PACK OF 6 SKULL PAPER PLATES,1663.3,11.16,149,2194,14.72,0.84,0.04,101,147,16.47,14.93,High,Best-Seller
21989,PACK OF 20 SKULL PAPER NAPKINS,1675.24,7.94,211,2068,9.8,0.85,0.02,130,205,12.89,10.09,High,Best-Seller
21990,MODERN FLORAL STATIONERY SET,1760.05,9.41,187,1231,6.58,1.5,0.57,128,178,13.75,6.92,High,Best-Seller
21991,BOHEMIAN COLLAGE STATIONERY SET,690.53,6.64,104,483,4.64,1.51,0.56,80,103,8.63,4.69,High,Popular
21992,VINTAGE PAISLEY STATIONERY SET,1658.69,7.68,216,1163,5.38,1.53,0.61,160,199,10.37,5.84,High,Best-Seller
21993,FLORAL FOLK STATIONERY SET,1949.85,9.15,213,1378,6.47,1.52,0.59,151,206,12.91,6.69,High,Best-Seller
22021,BLUE FELT EASTER EGG BASKET,577.5,8.75,66,350,5.3,1.65,0.0,60,64,9.62,5.47,Medium,Popular
22023,EMPIRE BIRTHDAY CARD,486.33,5.59,87,1155,13.28,0.43,0.06,71,85,6.85,13.59,Medium,Popular
22024,RAINY LADIES BIRTHDAY CARD,934.03,7.08,132,2316,17.55,0.43,0.07,90,130,10.38,17.82,High,Best-Seller
22025,RING OF ROSES BIRTHDAY CARD,712.08,7.91,90,1788,19.87,0.42,0.02,73,88,9.75,20.32,High,Popular
22026,BANQUET BIRTHDAY  CARD  ,652.32,6.4,102,1584,15.53,0.42,0.01,71,101,9.19,15.68,High,Popular
22027,TEA PARTY BIRTHDAY CARD,1764.71,6.58,268,4333,16.17,0.42,0.05,180,265,9.8,16.35,High,Best-Seller
22028,PENNY FARTHING BIRTHDAY CARD,1208.53,6.43,188,2927,15.57,0.43,0.07,124,186,9.75,15.74,High,Best-Seller
22029,SPACEBOY BIRTHDAY CARD,3135.26,7.88,398,7870,19.77,0.42,0.06,234,395,13.4,19.92,Premium,Best-Seller
22030,SWALLOWS GREETING CARD,2130.63,8.7,245,5361,21.88,0.42,0.03,179,242,11.9,22.15,Premium,Best-Seller
22031,BOTANICAL LAVENDER BIRTHDAY CARD,163.65,4.96,33,375,11.36,0.47,0.14,28,33,5.84,11.36,Medium,Occasional
22032,BOTANICAL LILY GREETING CARD,151.62,4.89,31,361,11.65,0.42,0.0,28,31,5.42,11.65,Medium,Occasional
22033,BOTANICAL ROSE GREETING CARD,141.12,6.72,21,336,16.0,0.42,0.0,20,21,7.06,16.0,Medium,Occasional
22034,ROBIN CHRISTMAS CARD,6.3,3.15,2,15,7.5,0.42,0.0,2,2,3.15,7.5,Low,Niche
22035,VINTAGE CARAVAN GREETING CARD ,574.06,6.52,88,1406,15.98,0.43,0.06,65,87,8.83,16.16,Medium,Popular
22037,ROBOT BIRTHDAY CARD,1573.12,6.0,262,3795,14.48,0.42,0.03,173,257,9.09,14.77,High,Best-Seller
22038,BOTANICAL LAVENDER GIFT WRAP ,199.5,10.5,19,475,25.0,0.42,0.0,19,19,10.5,25.0,Medium,Occasional
22039,BOTANICAL LILY GIFT WRAP,115.5,14.44,8,275,34.38,0.42,0.0,6,8,19.25,34.38,Medium,Niche
22040,BOTANICAL ROSE GIFT WRAP,304.5,10.88,28,725,25.89,0.42,0.0,27,28,11.28,25.89,Medium,Occasional
22041,"RECORD FRAME 7"" SINGLE SIZE ",8544.57,42.09,203,3850,18.97,2.49,0.44,73,200,117.05,19.25,Premium,Best-Seller
22042,CHRISTMAS CARD SINGING ANGEL,161.28,5.97,27,384,14.22,0.42,0.0,24,26,6.72,14.77,Medium,Occasional
22043,CHRISTMAS CARD SCREEN PRINT ,283.32,6.59,43,1188,27.63,0.24,0.09,40,43,7.08,27.63,Medium,Occasional
22044,CHRISTMAS CARD STACK OF PRESENTS,196.44,5.46,36,816,22.67,0.26,0.11,35,36,5.61,22.67,Medium,Occasional
22045,SPACEBOY GIFT WRAP,2683.84,12.84,209,6552,31.35,0.42,0.01,148,208,18.13,31.5,Premium,Best-Seller
22046,TEA PARTY  WRAPPING PAPER ,932.78,12.27,76,2259,29.72,0.42,0.01,61,76,15.29,29.72,High,Popular
22047,EMPIRE GIFT WRAP,1384.0,12.93,107,3400,31.78,0.42,0.01,92,105,15.04,32.38,High,Popular
22048,BIRTHDAY BANQUET GIFT WRAP,393.5,12.3,32,975,30.47,0.42,0.01,31,32,12.69,30.47,Medium,Occasional
22049,WRAP CHRISTMAS SCREEN PRINT,285.75,8.66,33,1050,31.82,0.27,0.11,27,32,10.58,32.81,Medium,Occasional
22050,PINK PAISLEY ROSE GIFT WRAP,498.5,12.46,40,1225,30.62,0.42,0.01,36,40,13.85,30.62,Medium,Occasional
22051,BLUE SCANDINAVIAN PAISLEY WRAP,409.5,10.5,39,975,25.0,0.42,0.0,35,38,11.7,25.66,Medium,Occasional
22052,VINTAGE CARAVAN GIFT WRAP,250.32,10.43,24,596,24.83,0.42,0.0,22,24,11.38,24.83,Medium,Occasional
22053,EMPIRE DESIGN ROSETTE,3596.42,138.32,26,4236,162.92,1.23,0.09,23,26,156.37,162.92,Premium,Occasional
22055,MINI CAKE STAND  HANGING STRAWBERY,1711.08,10.97,156,1276,8.18,1.46,0.44,103,149,16.61,8.56,High,Best-Seller
22057,CERAMIC PLATE STRAWBERRY DESIGN,719.7,12.0,60,626,10.43,1.26,0.44,46,60,15.65,10.43,High,Popular
22059,CERAMIC STRAWBERRY DESIGN MUG,2008.93,12.48,161,1773,11.01,1.31,0.4,85,150,23.63,11.82,High,Best-Seller
22060,LARGE CAKE STAND HANGING HEARTS,1206.15,28.05,43,249,5.79,5.45,2.6,32,40,37.69,6.22,High,Occasional
22061,LARGE CAKE STAND  HANGING STRAWBERY,4013.68,27.68,145,581,4.01,9.04,2.2,87,144,46.13,4.03,Premium,Best-Seller
22062,CERAMIC BOWL WITH LOVE HEART DESIGN,638.75,10.14,63,601,9.54,1.13,0.75,44,54,14.52,11.13,High,Popular
22063,CERAMIC BOWL WITH STRAWBERRY DESIGN,1144.9,12.18,94,550,5.85,2.73,0.64,56,86,20.44,6.4,High,Popular
22064,PINK DOUGHNUT TRINKET POT ,2200.2,11.7,188,1644,8.74,1.63,0.41,87,178,25.29,9.24,Premium,Best-Seller
22065,CHRISTMAS PUDDING TRINKET POT ,2918.72,15.53,188,6474,34.44,0.63,0.44,132,173,22.11,37.42,Premium,Best-Seller
22066,LOVE HEART TRINKET POT,1037.33,7.31,142,2253,15.87,0.61,0.55,100,133,10.37,16.94,High,Best-Seller
22067,CHOC TRUFFLE GOLD TRINKET POT ,578.23,10.71,54,395,7.31,1.52,0.37,33,51,17.52,7.75,Medium,Popular
22068,BLACK PIRATE TREASURE CHEST,530.82,6.1,87,450,5.17,1.42,0.49,57,83,9.31,5.42,Medium,Popular
22069,BROWN  PIRATE TREASURE CHEST ,240.78,6.17,39,220,5.64,1.42,0.49,26,37,9.26,5.95,Medium,Occasional
22070,SMALL RED RETROSPOT MUG IN BOX ,2370.97,26.05,91,1170,12.86,3.85,1.23,64,89,37.05,13.15,Premium,Popular
22071,SMALL WHITE RETROSPOT MUG IN BOX ,1479.29,18.49,80,997,12.46,3.56,0.91,65,77,22.76,12.95,High,Popular
22072,RED RETROSPOT TEA CUP AND SAUCER ,2610.44,16.63,157,832,5.3,3.47,0.78,91,148,28.69,5.62,Premium,Best-Seller
22073,RED RETROSPOT STORAGE JAR,1119.6,21.95,51,312,6.12,3.71,0.12,38,47,29.46,6.64,High,Popular
22074,6 RIBBONS SHIMMERING PINKS ,794.39,10.18,78,1013,12.99,1.22,0.6,61,76,13.02,13.33,High,Popular
22075,6 RIBBONS ELEGANT CHRISTMAS ,2039.03,16.18,126,1577,12.52,1.52,0.72,96,121,21.24,13.03,Premium,Popular
22076,6 RIBBONS EMPIRE  ,1299.42,11.5,113,1032,9.13,1.43,0.44,95,112,13.68,9.21,High,Popular
22077,6 RIBBONS RUSTIC CHARM,15044.69,19.87,757,8639,11.41,1.78,0.24,413,732,36.43,11.8,Premium,Best-Seller
22078,RIBBON REEL LACE DESIGN ,2610.0,17.17,152,1300,8.55,2.09,0.04,105,143,24.86,9.09,Premium,Best-Seller
22079,RIBBON REEL HEARTS DESIGN ,2881.49,12.21,236,1745,7.39,1.7,0.28,190,228,15.17,7.65,Premium,Best-Seller
22080,RIBBON REEL POLKADOTS ,1918.8,14.54,132,1192,9.03,1.65,0.02,116,127,16.54,9.39,High,Best-Seller
22081,RIBBON REEL FLORA + FAUNA ,1011.37,10.99,92,605,6.58,1.74,0.37,74,90,13.67,6.72,High,Popular
22082,RIBBON REEL STRIPES DESIGN ,4241.78,11.98,354,2578,7.28,1.68,0.23,250,336,16.97,7.67,Premium,Best-Seller
22083,PAPER CHAIN KIT RETROSPOT,12181.86,26.95,452,4354,9.63,2.95,0.35,295,448,41.29,9.72,Premium,Best-Seller
22084,PAPER CHAIN KIT EMPIRE,13556.1,35.21,385,4934,12.82,2.91,0.12,278,376,48.76,13.12,Premium,Best-Seller
22085,PAPER CHAIN KIT SKULLS ,1415.65,19.13,74,507,6.85,2.93,0.09,62,73,22.83,6.95,High,Popular
22086,PAPER CHAIN KIT 50'S CHRISTMAS ,43821.18,42.59,1029,16070,15.62,2.93,0.36,615,990,71.25,16.23,Premium,Best-Seller
22087,PAPER BUNTING WHITE LACE,10487.85,38.42,273,3855,14.12,2.88,0.15,155,265,67.66,14.55,Premium,Best-Seller
22088,PAPER BUNTING COLOURED LACE,4832.3,27.77,174,1754,10.08,2.9,0.13,115,172,42.02,10.2,Premium,Best-Seller
22089,PAPER BUNTING VINTAGE PAISLEY,3469.3,18.85,184,1214,6.6,2.93,0.08,142,181,24.43,6.71,Premium,Best-Seller
22090,PAPER BUNTING RETROSPOT,19059.09,32.8,581,6975,12.01,2.9,0.18,325,575,58.64,12.13,Premium,Best-Seller
22091,EMPIRE TISSUE BOX,931.54,6.85,136,1952,14.35,0.55,0.39,97,131,9.6,14.9,High,Best-Seller
22092,BLUE PAISLEY TISSUE BOX,312.34,3.47,90,668,7.42,0.5,0.29,75,88,4.16,7.59,Medium,Popular
22093,MOTORING TISSUE BOX,821.76,5.1,161,1840,11.43,0.52,0.36,115,154,7.15,11.95,High,Best-Seller
22094,RED RETROSPOT TISSUE BOX,973.21,6.12,159,2152,13.53,0.57,0.4,119,150,8.18,14.35,High,Best-Seller
22095,LADS ONLY TISSUE BOX,1443.1,12.44,116,1587,13.68,0.66,0.4,72,104,20.04,15.26,High,Popular
22096,PINK PAISLEY SQUARE TISSUE BOX ,566.82,4.76,119,1370,11.51,0.52,0.34,89,110,6.37,12.45,Medium,Popular
22097,SWALLOW SQUARE TISSUE BOX,696.63,4.55,153,1601,10.46,0.53,0.32,103,133,6.76,12.04,High,Best-Seller
22098,BOUDOIR SQUARE TISSUE BOX,941.83,6.0,157,2032,12.94,0.66,0.49,98,149,9.61,13.64,High,Best-Seller
22099,CARAVAN SQUARE TISSUE BOX,718.88,5.36,134,1414,10.55,0.61,0.45,96,123,7.49,11.5,High,Best-Seller
22100,SKULLS SQUARE TISSUE BOX,305.81,7.65,40,729,18.23,0.65,0.4,34,38,8.99,19.18,Medium,Occasional
22101,MIRROR MOSAIC VOTIVE HOLDER,757.98,30.32,25,1161,46.44,1.87,0.56,21,25,36.09,46.44,High,Occasional
22102,MIRROR MOSAIC T-LIGHT HOLDER ,995.85,52.41,19,2253,118.58,1.45,0.47,13,19,76.6,118.58,High,Occasional
22103,MIRROR MOSAIC T-LIGHT HOLDER ROUND,915.75,45.79,20,1647,82.35,1.42,0.46,13,18,70.44,91.5,High,Occasional
22104,MIRROR MOSAIC CANDLE PLATE,120.07,10.01,12,151,12.58,1.36,0.3,9,12,13.34,12.58,Medium,Occasional
22105,MIRROR MOSAIC GOBLET CANDLE HOLDER,794.5,72.23,11,746,67.82,3.35,1.54,9,11,88.28,67.82,High,Occasional
22106,MIRROR MOSAIC HURRICANE LAMP ,741.65,52.98,14,407,29.07,5.34,2.25,9,14,82.41,29.07,High,Occasional
22107,PIZZA PLATE IN BOX,1043.73,13.38,78,314,4.03,3.51,0.99,46,73,22.69,4.3,High,Popular
22108,PING! MICROWAVE PLATE,246.53,8.8,28,101,3.61,2.86,1.05,16,28,15.41,3.61,Medium,Occasional
22109,FULL ENGLISH BREAKFAST PLATE,5107.44,30.4,168,1416,8.43,3.83,0.77,101,163,50.57,8.69,Premium,Best-Seller
22110,BIRD HOUSE HOT WATER BOTTLE,1569.71,9.57,164,620,3.78,2.58,0.39,116,155,13.53,4.0,High,Best-Seller
22111,SCOTTIE DOG HOT WATER BOTTLE,20648.8,30.46,678,4388,6.47,4.9,0.19,427,663,48.36,6.62,Premium,Best-Seller
22112,CHOCOLATE HOT WATER BOTTLE,23954.27,33.27,720,5237,7.27,4.87,0.32,382,706,62.71,7.42,Premium,Best-Seller
22113,GREY HEART HOT WATER BOTTLE,12295.4,22.6,544,3183,5.85,4.03,0.37,339,515,36.27,6.18,Premium,Best-Seller
22114,HOT WATER BOTTLE TEA AND SYMPATHY,15545.32,29.67,524,3770,7.19,4.21,0.48,325,518,47.83,7.28,Premium,Best-Seller
22115,METAL SIGN EMPIRE TEA,1706.81,9.23,185,1495,8.08,1.5,1.05,152,183,11.23,8.17,High,Best-Seller
22116,METAL SIGN HIS DINNER IS SERVED,503.59,5.53,91,517,5.68,1.22,0.83,65,91,7.75,5.68,Medium,Popular
22117,METAL SIGN HER DINNER IS SERVED ,3802.5,52.81,72,1290,17.92,2.79,0.59,58,72,65.56,17.92,Premium,Popular
22118,JOY WOODEN BLOCK LETTERS,748.83,9.36,80,219,2.74,4.24,1.73,67,78,11.18,2.81,High,Popular
22119,PEACE WOODEN BLOCK LETTERS,1738.31,15.66,111,349,3.14,6.16,2.21,82,104,21.2,3.36,High,Popular
22120,WELCOME  WOODEN BLOCK LETTERS,4975.92,28.93,172,517,3.01,9.87,0.34,121,169,41.12,3.06,Premium,Best-Seller
22121,NOEL WOODEN BLOCK LETTERS ,1936.84,16.55,117,334,2.85,6.06,0.92,94,115,20.6,2.9,High,Popular
22123,PING MICROWAVE APRON,794.39,10.74,74,443,5.99,2.14,1.21,59,72,13.46,6.15,High,Popular
22124,SET OF 2 TEA TOWELS PING MICROWAVE,130.37,5.43,24,79,3.29,2.32,0.83,14,23,9.31,3.43,Medium,Occasional
22125,UNION JACK HOT WATER BOTTLE ,23.8,23.8,1,4,4.0,5.95,,1,1,23.8,4.0,Low,Niche
22127,PARTY CONES CARNIVAL ASSORTED,479.7,22.84,21,402,19.14,1.24,0.04,20,20,23.98,20.1,Medium,Occasional
22128,PARTY CONES CANDY ASSORTED,2112.69,28.17,75,1785,23.8,1.24,0.05,62,75,34.08,23.8,Premium,Popular
22129,PARTY CONES CANDY DECORATION,233.28,29.16,8,296,37.0,1.44,0.85,6,8,38.88,37.0,Medium,Niche
22129,PARTY CONES CANDY TREE DECORATION,557.28,19.22,29,696,24.0,0.84,0.04,27,28,20.64,24.86,Medium,Occasional
22130,PARTY CONE CHRISTMAS DECORATION ,1365.06,14.68,93,1650,17.74,0.85,0.02,80,90,17.06,18.33,High,Popular
22131,FOOD CONTAINER SET 3 LOVE HEART ,3372.37,17.66,191,1891,9.9,2.04,0.47,115,181,29.32,10.45,Premium,Best-Seller
22132,RED LOVE HEART SHAPE CUP,783.11,9.32,84,947,11.27,0.86,0.09,60,84,13.05,11.27,High,Popular
22133,PINK LOVE HEART SHAPE CUP,585.78,9.76,60,702,11.7,0.87,0.14,41,60,14.29,11.7,High,Popular
22134,LADLE LOVE HEART RED ,2.52,2.52,1,6,6.0,0.42,,1,1,2.52,6.0,Low,Niche
22134,MINI LADLE LOVE HEART RED ,252.66,4.51,56,631,11.27,0.46,0.13,28,54,9.02,11.69,Medium,Popular
22135,LADLE LOVE HEART PINK,7.98,2.66,3,19,6.33,0.42,0.0,3,3,2.66,6.33,Low,Niche
22135,MINI LADLE LOVE HEART PINK,106.98,2.33,46,243,5.28,0.46,0.13,20,45,5.35,5.4,Low,Popular
22136,LOVE HEART SOCK HANGER,533.35,9.88,54,335,6.2,1.64,0.04,37,51,14.41,6.57,Medium,Popular
22137,BATHROOM SET LOVE HEART DESIGN,191.0,17.36,11,68,6.18,2.91,0.12,9,11,21.22,6.18,Medium,Occasional
22138,BAKING SET 9 PIECE RETROSPOT ,23318.65,26.08,894,4865,5.44,4.98,0.68,585,881,39.86,5.52,Premium,Best-Seller
22139,RETROSPOT TEA SET CERAMIC 11 PC ,20656.18,24.36,848,4288,5.06,4.99,0.71,488,838,42.33,5.12,Premium,Best-Seller
22141,CHRISTMAS CRAFT TREE TOP ANGEL,5042.38,13.89,363,2456,6.77,2.15,0.34,256,351,19.7,7.0,Premium,Best-Seller
22142,CHRISTMAS CRAFT WHITE FAIRY ,4355.24,13.0,335,3084,9.21,1.5,0.32,259,323,16.82,9.55,Premium,Best-Seller
22144,CHRISTMAS CRAFT LITTLE FRIENDS,7220.5,16.41,440,3512,7.98,2.15,0.35,319,424,22.63,8.28,Premium,Best-Seller
22145,CHRISTMAS CRAFT HEART STOCKING ,63.0,63.0,1,30,30.0,2.1,,1,1,63.0,30.0,Low,Niche
22146,EASTER CRAFT IVY WREATH WITH CHICK,1.95,1.95,1,1,1.0,1.95,,1,1,1.95,1.0,Low,Niche
22147,FELTCRAFT BUTTERFLY HEARTS,9418.2,20.43,461,7004,15.19,1.46,0.21,287,444,32.82,15.77,Premium,Best-Seller
22148,EASTER CRAFT 4 CHICKS ,3396.3,20.34,167,1834,10.98,1.94,0.06,148,161,22.95,11.39,Premium,Best-Seller
22149,FELTCRAFT 6 FLOWER FRIENDS,12699.49,26.4,481,6501,13.52,2.1,0.19,336,469,37.8,13.86,Premium,Best-Seller
22150,3 STRIPEY MICE FELTCRAFT,5485.85,13.22,415,2927,7.05,1.96,0.25,286,404,19.18,7.25,Premium,Best-Seller
22151,PLACE SETTING WHITE HEART,6244.23,20.68,302,15767,52.21,0.43,0.12,175,294,35.68,53.63,Premium,Best-Seller
22152,PLACE SETTING WHITE STAR,969.23,9.69,100,2355,23.55,0.43,0.12,70,95,13.85,24.79,High,Popular
22153,ANGEL DECORATION STARS ON DRESS,1042.02,10.85,96,2529,26.34,0.42,0.01,62,89,16.81,28.42,High,Popular
22154,ANGEL DECORATION 3 BUTTONS ,1460.46,12.07,121,3539,29.25,0.42,0.01,87,114,16.79,31.04,High,Popular
22155,STAR DECORATION RUSTIC,945.42,9.95,95,2251,23.69,0.42,0.0,67,86,14.11,26.17,High,Popular
22156,HEART DECORATION WITH PEARLS ,1676.37,9.75,172,1980,11.51,0.86,0.12,106,165,15.81,12.0,High,Best-Seller
22157,ANGEL DECORATION WITH LACE PADDED,180.2,16.38,11,212,19.27,0.85,0.0,11,11,16.38,19.27,Medium,Occasional
22158,3 HEARTS HANGING DECORATION RUSTIC,8232.96,29.61,278,2920,10.5,2.97,0.35,201,269,40.96,10.86,Premium,Best-Seller
22161,HEART DECORATION RUSTIC HANGING ,861.89,4.9,176,4167,23.68,0.23,0.14,118,154,7.3,27.06,High,Best-Seller
22162,HEART GARLAND RUSTIC PADDED,351.05,11.32,31,119,3.84,2.95,0.0,21,29,16.72,4.1,Medium,Occasional
22163,HEART STRING MEMO HOLDER HANGING,600.69,11.33,53,651,12.28,1.36,0.96,41,51,14.65,12.76,High,Popular
22164,STRING OF STARS CARD HOLDER,209.45,17.45,12,71,5.92,2.95,0.0,11,12,19.04,5.92,Medium,Occasional
22165,"DIAMANTE HEART SHAPED WALL MIRROR, ",1503.4,38.55,39,268,6.87,10.39,3.86,27,39,55.68,6.87,High,Occasional
22166,WALL MIRROR RECTANGLE DIAMANTE PINK,513.75,28.54,18,125,6.94,7.67,1.18,13,18,39.52,6.94,Medium,Occasional
22167, OVAL WALL MIRROR DIAMANTE ,1117.99,17.47,64,127,1.98,9.83,0.77,41,62,27.27,2.05,High,Popular
22168,ORGANISER WOOD ANTIQUE WHITE ,1290.3,15.18,85,153,1.8,8.49,0.09,71,85,18.17,1.8,High,Popular
22169,FAMILY ALBUM WHITE PICTURE FRAME,8658.89,28.58,303,1105,3.65,8.38,0.78,165,302,52.48,3.66,Premium,Best-Seller
22170,PICTURE FRAME WOOD TRIPLE PORTRAIT,6496.8,28.25,230,1042,4.53,6.74,0.81,142,230,45.75,4.53,Premium,Best-Seller
22171,3 HOOK PHOTO SHELF ANTIQUE WHITE,13170.73,40.53,325,1835,5.65,8.36,0.45,173,320,76.13,5.73,Premium,Best-Seller
22173,METAL 4 HOOK HANGER FRENCH CHATEAU,6553.06,18.83,348,2252,6.47,3.07,0.37,210,343,31.21,6.57,Premium,Best-Seller
22174,PHOTO CUBE,4032.56,22.65,178,2688,15.1,1.73,0.41,104,169,38.77,15.91,Premium,Best-Seller
22175,PINK OWL SOFT TOY,2390.85,16.72,143,843,5.9,2.94,0.06,85,141,28.13,5.98,Premium,Best-Seller
22176,BLUE OWL SOFT TOY,1429.25,13.88,103,491,4.77,2.95,0.04,62,100,23.05,4.91,High,Popular
22178,VICTORIAN GLASS HANGING T-LIGHT,29400.16,34.63,849,22882,26.95,1.43,0.34,403,839,72.95,27.27,Premium,Best-Seller
22179,SET 10 LIGHTS NIGHT OWL,2647.65,31.9,83,415,5.0,6.7,0.19,54,82,49.03,5.06,Premium,Popular
22179,SET 10 NIGHT OWL LIGHTS,2642.04,25.16,105,410,3.9,6.75,0.68,59,102,44.78,4.02,Premium,Popular
22180,RETROSPOT LAMP,3157.3,21.93,144,323,2.24,9.91,0.24,93,143,33.95,2.26,Premium,Best-Seller
22181,SNOWSTORM PHOTO FRAME FRIDGE MAGNET,500.92,10.44,48,604,12.58,0.85,0.02,40,48,12.52,12.58,Medium,Popular
22182,CAKE STAND VICTORIAN FILIGREE SMALL,738.55,18.46,40,209,5.22,4.49,1.24,30,38,24.62,5.5,High,Occasional
22183,CAKE STAND VICTORIAN FILIGREE MED,475.9,25.05,19,76,4.0,6.23,1.18,16,19,29.74,4.0,Medium,Occasional
22184,CAKE STAND VICTORIAN FILIGREE LARGE,85.0,14.17,6,10,1.67,8.5,0.0,5,6,17.0,1.67,Low,Niche
22185,SLATE TILE NATURAL HANGING,2029.7,15.61,130,1428,10.98,1.59,0.44,111,126,18.29,11.33,Premium,Popular
22186,RED STAR CARD HOLDER,1855.94,15.09,123,854,6.94,2.31,0.77,112,122,16.57,7.0,High,Popular
22187,GREEN CHRISTMAS TREE CARD HOLDER,2576.97,17.18,150,1187,7.91,2.58,1.32,124,148,20.78,8.02,Premium,Best-Seller
22188,BLACK HEART CARD HOLDER,12265.85,73.01,168,4845,28.84,3.8,0.6,123,167,99.72,29.01,Premium,Best-Seller
22189,CREAM HEART CARD HOLDER,22747.17,49.02,464,8203,17.68,3.88,0.46,274,457,83.02,17.95,Premium,Best-Seller
22190,LOCAL CAFE MUG,785.13,15.1,52,566,10.88,1.82,0.66,38,52,20.66,10.88,High,Popular
22191,IVORY DINER WALL CLOCK,14240.9,34.15,417,1770,4.24,8.46,0.18,241,407,59.09,4.35,Premium,Best-Seller
22192,BLUE DINER WALL CLOCK,7697.23,22.31,345,928,2.69,8.48,0.48,180,345,42.76,2.69,Premium,Best-Seller
22193,RED DINER WALL CLOCK,11267.34,26.33,428,1376,3.21,8.49,0.72,207,425,54.43,3.24,Premium,Best-Seller
22194,BLACK DINER WALL CLOCK,467.5,13.75,34,55,1.62,8.5,0.0,24,34,19.48,1.62,Medium,Occasional
22195,LARGE HEART MEASURING SPOONS,2843.52,12.42,229,1700,7.42,1.73,0.37,148,221,19.21,7.69,Premium,Best-Seller
22196,SMALL HEART MEASURING SPOONS,2037.86,7.75,263,2414,9.18,0.87,0.13,147,251,13.86,9.62,Premium,Best-Seller
22197,POPCORN HOLDER,23757.12,34.28,693,31358,45.25,0.84,0.11,296,668,80.26,46.94,Premium,Best-Seller
22197,SMALL POPCORN HOLDER,13835.86,32.55,425,18296,43.05,0.83,0.04,228,417,60.68,43.88,Premium,Best-Seller
22198,LARGE POPCORN HOLDER ,1439.8,21.17,68,916,13.47,1.62,0.07,44,68,32.72,13.47,High,Popular
22199,FRYING PAN RED POLKADOT ,4.25,4.25,1,1,1.0,4.25,,1,1,4.25,1.0,Low,Niche
22199,FRYING PAN RED RETROSPOT,1358.25,13.58,100,391,3.91,3.78,1.07,71,99,19.13,3.95,High,Popular
22200,FRYING PAN PINK POLKADOT,1224.54,15.7,78,330,4.23,3.89,1.12,51,77,24.01,4.29,High,Popular
22201,FRYING PAN BLUE POLKADOT,374.5,8.92,42,110,2.62,3.81,1.06,29,42,12.91,2.62,Medium,Occasional
22202,MILK PAN PINK POLKADOT,150.0,8.33,18,40,2.22,3.75,0.0,16,18,9.38,2.22,Medium,Occasional
22203,MILK PAN RED RETROSPOT,1003.63,10.79,93,312,3.35,3.56,0.97,75,93,13.38,3.35,High,Popular
22204,MILK PAN BLUE POLKADOT,321.25,9.73,33,101,3.06,3.37,0.91,23,32,13.97,3.16,Medium,Occasional
22207,FRYING PAN UNION FLAG,5013.61,42.49,118,1275,10.81,4.42,1.07,68,117,73.73,10.9,Premium,Popular
22208,WOOD STAMP SET THANK YOU,1245.71,5.88,212,1302,6.14,0.99,0.41,148,201,8.42,6.48,High,Best-Seller
22209,WOOD STAMP SET HAPPY BIRTHDAY,812.78,6.4,127,837,6.59,0.99,0.38,100,122,8.13,6.86,High,Popular
22210,WOOD STAMP SET BEST WISHES,822.57,5.48,150,914,6.09,0.96,0.42,117,142,7.03,6.44,High,Best-Seller
22211,WOOD STAMP SET FLOWERS,877.98,6.6,133,831,6.25,0.99,0.37,101,127,8.69,6.54,High,Best-Seller
22212,FOUR HOOK  WHITE LOVEBIRDS,2965.77,10.94,271,1445,5.33,2.11,0.18,146,260,20.31,5.56,Premium,Best-Seller
22214,CANDLE PLATE LACE WHITE,246.7,11.75,21,114,5.43,2.38,0.53,18,21,13.71,5.43,Medium,Occasional
22215,CAKE STAND WHITE TWO TIER LACE,2271.5,24.96,91,332,3.65,7.44,2.17,72,91,31.55,3.65,Premium,Popular
22216,T-LIGHT HOLDER WHITE LACE,182.31,9.12,20,327,16.35,0.71,0.34,17,20,10.72,16.35,Medium,Occasional
22217,T-LIGHT HOLDER HANGING LACE,697.51,10.57,66,805,12.2,1.0,0.39,63,65,11.07,12.38,High,Popular
22218,CAKE STAND LACE WHITE,4.25,4.25,1,1,1.0,4.25,,1,1,4.25,1.0,Low,Niche
22219,LOVEBIRD HANGING DECORATION WHITE ,2840.72,8.69,327,3398,10.39,0.86,0.1,190,314,14.95,10.82,Premium,Best-Seller
22220,CAKE STAND LOVEBIRD 2 TIER WHITE,1701.0,20.25,84,236,2.81,8.56,2.75,66,83,25.77,2.84,High,Popular
22221,CAKE STAND LOVEBIRD 2 TIER PINK,984.3,21.4,46,126,2.74,9.16,2.2,38,46,25.9,2.74,High,Popular
22222,CAKE PLATE LOVEBIRD WHITE,2599.2,17.44,149,824,5.53,4.31,1.22,104,149,24.99,5.53,Premium,Best-Seller
22223,CAKE PLATE LOVEBIRD PINK,902.85,21.0,43,315,7.33,4.1,1.36,34,42,26.55,7.5,High,Occasional
22224,WHITE LOVEBIRD LANTERN,1985.4,16.68,119,692,5.82,2.91,0.13,89,117,22.31,5.91,High,Popular
22227,HANGING HEART MIRROR DECORATION ,1278.15,6.95,184,1971,10.71,0.66,0.1,83,172,15.4,11.46,High,Best-Seller
22228,BUNNY WOODEN PAINTED WITH BIRD ,599.86,6.31,95,854,8.99,0.7,0.22,81,94,7.41,9.09,High,Popular
22229,BUNNY WOODEN PAINTED WITH FLOWER ,335.97,5.17,65,497,7.65,0.67,0.23,54,63,6.22,7.89,Medium,Popular
22230,JIGSAW TREE WITH WATERING CAN,369.99,5.29,70,942,13.46,0.56,0.28,51,67,7.25,14.06,Medium,Popular
22231,JIGSAW TREE WITH BIRDHOUSE,918.22,7.65,120,938,7.82,0.96,0.43,93,115,9.87,8.16,High,Popular
22232,JIGSAW TOADSTOOLS 3 PIECE,561.15,8.5,66,687,10.41,0.91,0.49,54,66,10.39,10.41,Medium,Popular
22233,JIGSAW RABBIT AND BIRDHOUSE,548.88,6.46,85,562,6.61,1.04,0.53,71,81,7.73,6.94,Medium,Popular
22236,CAKE STAND 3 TIER MAGIC GARDEN,4133.55,41.75,99,353,3.57,12.51,0.61,67,99,61.69,3.57,Premium,Popular
22241,GARLAND WOODEN HAPPY EASTER,2185.09,12.63,173,1792,10.36,1.25,0.02,125,168,17.48,10.67,Premium,Best-Seller
22242,5 HOOK HANGER MAGIC TOADSTOOL,1020.45,34.02,30,665,22.17,1.63,0.06,23,30,44.37,22.17,High,Occasional
22243,5 HOOK HANGER RED MAGIC TOADSTOOL,4614.9,40.48,114,3066,26.89,1.63,0.06,71,111,65.0,27.62,Premium,Popular
22244,3 HOOK HANGER MAGIC GARDEN,2946.75,28.06,105,1633,15.55,1.93,0.08,67,102,43.98,16.01,Premium,Popular
22245,"HOOK, 1 HANGER ,MAGIC GARDEN",970.36,16.17,60,1204,20.07,0.84,0.03,44,58,22.05,20.76,High,Popular
22246,"GARLAND, MAGIC GARDEN 1.8M",23.4,23.4,1,12,12.0,1.95,,1,1,23.4,12.0,Low,Niche
22246,MAGIC GARDEN FELT GARLAND ,555.18,15.42,36,278,7.72,2.19,0.69,31,36,17.91,7.72,Medium,Occasional
22247,BUNNY DECORATION MAGIC GARDEN,408.09,6.69,61,485,7.95,0.85,0.02,54,56,7.56,8.66,Medium,Popular
22248,DECORATION  PINK CHICK MAGIC GARDEN,338.39,6.91,49,403,8.22,0.85,0.02,43,46,7.87,8.76,Medium,Popular
22249,DECORATION WHITE CHICK MAGIC GARDEN,547.49,6.29,87,649,7.46,0.85,0.01,73,76,7.5,8.54,Medium,Popular
22250,DECORATION  BUTTERFLY  MAGIC GARDEN,380.89,6.35,60,453,7.55,0.85,0.02,57,58,6.68,7.81,Medium,Popular
22251,BIRDHOUSE DECORATION MAGIC GARDEN,665.44,8.53,78,536,6.87,1.25,0.02,67,75,9.93,7.15,High,Popular
22252,BIRDCAGE DECORATION TEALIGHT HOLDER,777.82,10.8,72,656,9.11,1.24,0.05,48,68,16.2,9.65,High,Popular
22254,FELT TOADSTOOL LARGE,706.02,17.22,41,594,14.49,1.25,0.03,33,41,21.39,14.49,High,Occasional
22255,FELT TOADSTOOL  SMALL,460.7,10.47,44,542,12.32,0.85,0.0,33,44,13.96,12.32,Medium,Occasional
22256,FELT FARM ANIMAL CHICKEN,327.5,8.4,39,262,6.72,1.25,0.0,32,33,10.23,7.94,Medium,Occasional
22257,FELT FARM ANIMAL SHEEP,194.39,10.8,18,283,15.72,1.16,0.27,16,16,12.15,17.69,Medium,Occasional
22258,FELT FARM ANIMAL RABBIT,552.69,14.54,38,729,19.18,1.14,0.28,35,38,15.79,19.18,Medium,Occasional
22259,FELT FARM ANIMAL HEN,240.96,14.17,17,384,22.59,1.05,0.36,16,16,15.06,24.0,Medium,Occasional
22260,FELT EGG COSY BLUE RABBIT ,355.02,6.96,51,414,8.12,0.91,0.21,37,48,9.6,8.62,Medium,Popular
22261,FELT EGG COSY WHITE RABBIT ,450.86,5.64,80,524,6.55,0.89,0.17,61,71,7.39,7.38,Medium,Popular
22262,FELT EGG COSY CHICKEN,792.77,8.01,99,929,9.38,0.87,0.11,62,92,12.79,10.1,High,Popular
22263,FELT EGG COSY LADYBIRD ,158.02,7.18,22,305,13.86,0.86,0.39,14,19,11.29,16.05,Medium,Occasional
22264,FELT FARM ANIMAL WHITE BUNNY ,518.77,11.79,44,1393,31.66,0.67,0.3,38,40,13.65,34.83,Medium,Occasional
22265,EASTER DECORATION NATURAL CHICK,334.1,6.07,55,514,9.35,0.65,0.0,42,48,7.95,10.71,Medium,Popular
22266,EASTER DECORATION HANGING BUNNY,563.35,6.55,86,1861,21.64,0.46,0.23,69,78,8.16,23.86,Medium,Popular
22267,EASTER DECORATION EGG BUNNY ,654.7,8.5,77,828,10.75,0.97,0.4,67,75,9.77,11.04,High,Popular
22268,DECORATION SITTING BUNNY,265.02,6.02,44,1374,31.23,0.2,0.1,32,42,8.28,32.71,Medium,Occasional
22268,EASTER DECORATION SITTING BUNNY,409.68,6.94,59,504,8.54,0.85,0.02,44,55,9.31,9.16,Medium,Popular
22269,EGG CUP NATURAL CHICKEN,521.73,5.86,89,841,9.45,0.93,0.59,62,87,8.42,9.67,Medium,Popular
22270,HAPPY EASTER HANGING DECORATION,799.86,16.66,48,218,4.54,3.74,0.07,35,45,22.85,4.84,High,Popular
22271,FELTCRAFT DOLL ROSIE,4740.47,17.89,265,1661,6.27,2.97,0.31,181,258,26.19,6.44,Premium,Best-Seller
22272,FELTCRAFT DOLL MARIA,556.05,11.58,48,195,4.06,2.94,0.06,44,47,12.64,4.15,Medium,Popular
22273,FELTCRAFT DOLL MOLLY,15275.64,49.92,306,5916,19.33,2.96,0.34,212,298,72.05,19.85,Premium,Best-Seller
22274,FELTCRAFT DOLL EMILY,3752.8,15.64,240,1308,5.45,2.99,0.37,168,233,22.34,5.61,Premium,Best-Seller
22275,WEEKEND BAG VINTAGE ROSE PAISLEY,527.85,527.85,1,69,69.0,7.65,,1,1,527.85,69.0,Medium,Niche
22276,WASH BAG VINTAGE ROSE PAISLEY,663.0,10.36,64,260,4.06,2.55,0.0,53,64,12.51,4.06,High,Popular
22277,COSMETIC BAG VINTAGE ROSE PAISLEY,728.62,11.57,63,355,5.63,2.22,0.5,54,63,13.49,5.63,High,Popular
22278,OVERNIGHT BAG VINTAGE ROSE PAISLEY,1237.5,13.75,90,250,2.78,4.95,0.0,59,85,20.97,2.94,High,Popular
22279,POCKET BAG BLUE PAISLEY RED SPOT,579.66,11.15,52,481,9.25,1.27,0.17,44,47,13.17,10.23,Medium,Popular
22280,POCKET BAG PINK PAISELY BROWN SPOT,224.88,7.03,32,177,5.53,1.36,0.36,26,30,8.65,5.9,Medium,Occasional
22281,EASTER TREE YELLOW BIRDS,648.55,14.74,44,109,2.48,5.95,0.0,35,43,18.53,2.53,High,Occasional
22282,12 EGG HOUSE PAINTED WOOD,1438.02,22.12,65,112,1.72,12.91,1.53,39,65,36.87,1.72,High,Popular
22283,6 EGG HOUSE PAINTED WOOD,2090.74,17.42,120,262,2.18,8.02,0.72,82,119,25.5,2.2,Premium,Popular
22284,HEN HOUSE DECORATION,1508.1,14.23,106,914,8.62,1.65,0.0,79,101,19.09,9.05,High,Popular
22285,"DECORATION HEN ON NEST, HANGING",64.35,21.45,3,39,13.0,1.65,0.0,3,3,21.45,13.0,Low,Niche
22285,HANGING HEN ON NEST DECORATION,1311.75,14.41,91,795,8.74,1.65,0.0,72,87,18.22,9.14,High,Popular
22286,"DECORATION , WOBBLY RABBIT , METAL ",491.7,13.29,37,298,8.05,1.65,0.0,30,34,16.39,8.76,Medium,Occasional
22286,DECORATION WOBBLY RABBIT METAL ,375.57,8.35,45,753,16.73,0.67,0.53,35,45,10.73,16.73,Medium,Popular
22287,"DECORATION , WOBBLY CHICKEN, METAL ",377.85,12.6,30,229,7.63,1.65,0.0,27,28,13.99,8.18,Medium,Occasional
22287,DECORATION WOBBLY CHICKEN,260.79,8.69,30,533,17.77,0.64,0.51,25,30,10.43,17.77,Medium,Occasional
22288,HANGING METAL RABBIT DECORATION,557.5,13.27,42,446,10.62,1.25,0.0,36,38,15.49,11.74,Medium,Occasional
22289,HANGING METAL CHICKEN DECORATION,152.5,7.62,20,122,6.1,1.25,0.0,18,18,8.47,6.78,Medium,Occasional
22291,HANGING CHICK CREAM DECORATION,1835.7,18.92,97,1266,13.05,1.45,0.0,71,90,25.85,14.07,High,Popular
22292,HANGING CHICK  YELLOW DECORATION,1520.0,16.0,95,1088,11.45,1.45,0.02,76,88,20.0,12.36,High,Popular
22293,HANGING CHICK GREEN DECORATION,1190.45,13.38,89,821,9.22,1.45,0.0,63,82,18.9,10.01,High,Popular
22294,HEART FILIGREE DOVE  SMALL,6713.57,25.43,264,5473,20.73,1.25,0.03,162,249,41.44,21.98,Premium,Best-Seller
22295,HEART FILIGREE DOVE LARGE,4439.97,20.0,222,2749,12.38,1.67,0.19,156,213,28.46,12.91,Premium,Best-Seller
22296,HEART IVORY TRELLIS LARGE,4990.48,17.51,285,3056,10.72,1.66,0.14,189,271,26.4,11.28,Premium,Best-Seller
22297,HEART IVORY TRELLIS SMALL,4715.03,20.32,232,3863,16.65,1.26,0.12,157,221,30.03,17.48,Premium,Best-Seller
22299,PIG KEYRING WITH LIGHT & SOUND ,1296.34,28.81,45,1368,30.4,1.06,0.36,39,45,33.24,30.4,High,Popular
22300,COFFEE MUG DOG + BALL DESIGN,3080.49,20.4,151,1463,9.69,2.53,0.13,100,148,30.8,9.89,Premium,Best-Seller
22301,COFFEE MUG CAT + BIRD DESIGN,4588.74,23.41,196,2142,10.93,2.52,0.15,123,192,37.31,11.16,Premium,Best-Seller
22302,COFFEE MUG PEARS  DESIGN,4990.45,25.59,195,2300,11.79,2.52,0.24,134,193,37.24,11.92,Premium,Best-Seller
22303,COFFEE MUG APPLES DESIGN,6295.3,26.12,241,2844,11.8,2.51,0.22,156,239,40.35,11.9,Premium,Best-Seller
22304,COFFEE MUG BLUE PAISLEY DESIGN,1268.06,26.42,48,744,15.5,2.61,0.54,38,47,33.37,15.83,High,Popular
22305,COFFEE MUG PINK PAISLEY DESIGN,1561.99,34.71,45,685,15.22,2.69,0.62,35,45,44.63,15.22,High,Popular
22306,SILVER MUG BONE CHINA TREE OF LIFE,1331.99,12.45,107,1155,10.79,1.15,0.24,85,103,15.67,11.21,High,Popular
22307,GOLD MUG BONE CHINA TREE OF LIFE,881.51,13.16,67,768,11.46,1.16,0.24,53,66,16.63,11.64,High,Popular
22308,TEA COSY BLUE STRIPE,356.89,9.91,36,145,4.03,2.81,0.78,27,36,13.22,4.03,Medium,Occasional
22309,TEA COSY RED  STRIPE,709.38,10.75,66,293,4.44,2.65,0.51,48,64,14.78,4.58,High,Popular
22310,IVORY KNITTED MUG COSY ,841.79,15.88,53,531,10.02,1.79,0.49,29,51,29.03,10.41,High,Popular
22311,OFFICE MUG WARMER BLACK+SILVER ,2946.15,28.88,102,1061,10.4,3.15,0.78,62,95,47.52,11.17,Premium,Popular
22312,OFFICE MUG WARMER POLKADOT,1460.89,14.76,99,505,5.1,3.01,0.64,62,94,23.56,5.37,High,Popular
22313,OFFICE MUG WARMER PINK,2120.39,37.2,57,803,14.09,2.84,0.63,41,55,51.72,14.6,Premium,Popular
22314,OFFICE MUG WARMER CHOC+BLUE,1439.99,14.85,97,519,5.35,3.04,1.06,59,94,24.41,5.52,High,Popular
22315,200 RED + WHITE BENDY STRAWS,913.52,7.55,121,760,6.28,1.25,0.02,89,118,10.26,6.44,High,Popular
22316,200 BENDY SKULL STRAWS,707.55,16.45,43,639,14.86,1.24,0.05,28,42,25.27,15.21,High,Occasional
22317,FIVE CATS HANGING DECORATION,506.32,12.66,40,172,4.3,3.07,0.64,35,39,14.47,4.41,Medium,Occasional
22318,FIVE HEART HANGING DECORATION,1181.65,12.84,92,403,4.38,2.94,0.06,67,91,17.64,4.43,High,Popular
22319,HAIRCLIPS FORTIES FABRIC ASSORTED,591.76,9.25,64,1352,21.12,0.57,0.17,54,62,10.96,21.81,High,Popular
22320,BIRDS MOBILE VINTAGE DESIGN,1147.81,15.94,72,191,2.65,6.11,0.94,55,72,20.87,2.65,High,Popular
22321,BIRD DECORATION RED RETROSPOT,646.85,10.96,59,761,12.9,0.85,0.0,45,58,14.37,13.12,High,Popular
22322,BIRD DECORATION GREEN POLKADOT,341.7,8.99,38,402,10.58,0.85,0.0,30,38,11.39,10.58,Medium,Occasional
22323,PINK POLKADOT KIDS BAG,1.95,1.95,1,1,1.0,1.95,,1,1,1.95,1.0,Low,Niche
22324,BLUE POLKADOT KIDS BAG,456.36,15.21,30,228,7.6,2.45,0.94,20,29,22.82,7.86,Medium,Occasional
22325,MOBILE VINTAGE HEARTS ,814.65,12.73,64,165,2.58,4.94,0.09,51,63,15.97,2.62,High,Popular
22326,ROUND SNACK BOXES SET OF4 WOODLAND ,22296.47,35.56,627,8141,12.98,2.94,0.22,281,612,79.35,13.3,Premium,Best-Seller
22327,ROUND SNACK BOXES SET OF 4 SKULLS,2390.85,13.43,178,843,4.74,2.94,0.06,106,167,22.56,5.05,Premium,Best-Seller
22328,ROUND SNACK BOXES SET OF 4 FRUITS ,19290.59,39.69,486,7137,14.69,2.93,0.17,228,473,84.61,15.09,Premium,Best-Seller
22329,ROUND CONTAINER SET OF 5 RETROSPOT,2211.0,14.17,156,1404,9.0,1.64,0.04,104,154,21.26,9.12,Premium,Best-Seller
22331,WOODLAND PARTY BAG + STICKER SET,2754.26,18.99,145,1770,12.21,1.66,0.2,103,145,26.74,12.21,Premium,Best-Seller
22332,SKULLS PARTY BAG + STICKER SET,1579.2,11.79,134,992,7.4,1.64,0.03,92,132,17.17,7.52,High,Best-Seller
22333,RETROSPOT PARTY BAG + STICKER SET,6861.43,24.25,283,4459,15.76,1.63,0.16,169,278,40.6,16.04,Premium,Best-Seller
22334,DINOSAUR PARTY BAG + STICKER SET,1101.44,11.97,92,684,7.43,1.66,0.17,77,91,14.3,7.52,High,Popular
22335,HEART DECORATION PAINTED ZINC ,1250.2,9.4,133,2024,15.22,0.66,0.09,88,123,14.21,16.46,High,Best-Seller
22336,DOVE DECORATION PAINTED ZINC ,683.04,12.65,54,2306,42.7,0.44,0.23,48,50,14.23,46.12,High,Popular
22337,ANGEL DECORATION PAINTED ZINC ,383.95,14.22,27,635,23.52,0.69,0.16,24,26,16.0,24.42,Medium,Occasional
22338,STAR DECORATION PAINTED ZINC ,937.98,7.63,123,4200,34.15,0.32,0.27,94,118,9.98,35.59,High,Popular
22339,CHRISTMAS TREE PAINTED ZINC ,586.22,10.28,57,2314,40.6,0.27,0.23,45,53,13.03,43.66,High,Popular
22340,NOEL GARLAND PAINTED ZINC ,447.63,6.99,64,1005,15.7,0.46,0.28,53,62,8.45,16.21,Medium,Popular
22341,LOVE GARLAND PAINTED ZINC ,672.65,16.41,41,405,9.88,1.8,0.5,37,41,18.18,9.88,High,Occasional
22342,HOME GARLAND PAINTED ZINC ,809.85,15.0,54,869,16.09,0.99,0.39,49,54,16.53,16.09,High,Popular
22343,PARTY PIZZA DISH RED RETROSPOT,760.21,11.7,65,1723,26.51,0.56,0.32,48,64,15.84,26.92,High,Popular
22344,PARTY PIZZA DISH PINK POLKADOT,373.31,7.94,47,1049,22.32,0.58,0.36,34,46,10.98,22.8,Medium,Popular
22345,PARTY PIZZA DISH BLUE POLKADOT,333.78,7.42,45,990,22.0,0.55,0.33,29,42,11.51,23.57,Medium,Popular
22346,PARTY PIZZA DISH GREEN POLKADOT,309.69,9.11,34,885,26.03,0.54,0.37,23,32,13.46,27.66,Medium,Occasional
22348,TEA BAG PLATE RED RETROSPOT,3233.69,12.44,260,3875,14.9,0.87,0.12,144,255,22.46,15.2,Premium,Best-Seller
22349,DOG BOWL CHASING BALL DESIGN,5276.68,44.72,118,1354,11.47,3.76,0.38,86,116,61.36,11.67,Premium,Popular
22350,ILLUSTRATED CAT BOWL ,3588.87,39.88,90,1357,15.08,2.55,0.02,63,89,56.97,15.25,Premium,Popular
22351,DOTCOMGIFTSHOP TEA TOWEL,19.8,19.8,1,12,12.0,1.65,,1,1,19.8,12.0,Low,Niche
22352,LUNCH BOX WITH CUTLERY RETROSPOT ,6758.59,19.88,340,2869,8.44,2.55,0.28,185,333,36.53,8.62,Premium,Best-Seller
22353,LUNCH BOX WITH CUTLERY FAIRY CAKES ,155.55,6.22,25,61,2.44,2.55,0.0,23,24,6.76,2.54,Medium,Occasional
22354,RETROSPOT PADDED SEAT CUSHION,2506.21,37.97,66,701,10.62,3.8,0.67,44,66,56.96,10.62,Premium,Popular
22355,CHARLOTTE BAG SUKI DESIGN,7252.24,11.87,611,9125,14.93,0.85,0.1,249,597,29.13,15.28,Premium,Best-Seller
22356,CHARLOTTE BAG PINK POLKADOT,6042.17,11.76,514,7572,14.73,0.86,0.13,220,504,27.46,15.02,Premium,Best-Seller
22357,KINGS CHOICE BISCUIT TIN,1409.1,14.83,95,342,3.6,4.21,0.12,70,95,20.13,3.6,High,Popular
22358,KINGS CHOICE TEA CADDY ,1364.88,11.67,117,464,3.97,3.0,0.37,87,114,15.69,4.07,High,Popular
22359,GLASS JAR KINGS CHOICE,489.59,7.53,65,165,2.54,2.99,0.35,47,64,10.42,2.58,Medium,Popular
22360,GLASS JAR ENGLISH CONFECTIONERY,2740.85,16.41,167,991,5.93,2.99,0.51,103,159,26.61,6.23,Premium,Best-Seller
22361,GLASS JAR DAISY FRESH COTTON WOOL,1548.25,11.73,132,551,4.17,2.93,0.08,92,129,16.83,4.27,High,Best-Seller
22362,GLASS JAR PEACOCK BATH SALTS,1084.58,12.32,88,382,4.34,3.01,0.43,62,88,17.49,4.34,High,Popular
22363,GLASS JAR MARMALADE ,1562.44,24.41,64,584,9.12,2.96,0.37,46,61,33.97,9.57,High,Popular
22364,GLASS JAR DIGESTIVE BISCUITS,1612.42,14.27,113,586,5.19,2.98,0.49,69,109,23.37,5.38,High,Popular
22365,DOORMAT RESPECTABLE HOUSE,4889.34,38.2,128,732,5.72,7.87,0.92,83,127,58.91,5.76,Premium,Popular
22366,DOORMAT AIRMAIL ,5081.89,31.96,159,749,4.71,7.8,0.58,104,159,48.86,4.71,Premium,Best-Seller
22367,CHILDRENS APRON SPACEBOY DESIGN,6642.69,14.16,469,3579,7.63,1.98,0.32,300,459,22.14,7.8,Premium,Best-Seller
22371,AIRLINE BAG VINTAGE TOKYO 78,3543.53,13.47,263,843,3.21,4.36,0.75,145,256,24.44,3.29,Premium,Best-Seller
22372,AIRLINE BAG VINTAGE WORLD CHAMPION ,939.58,9.21,102,222,2.18,4.32,0.57,81,102,11.6,2.18,High,Popular
22374,AIRLINE BAG VINTAGE JET SET RED,1899.84,11.73,162,452,2.79,4.26,0.32,108,159,17.59,2.84,High,Best-Seller
22375,AIRLINE BAG VINTAGE JET SET BROWN,1056.05,10.67,99,253,2.56,4.23,0.07,67,96,15.76,2.64,High,Popular
22376,AIRLINE BAG VINTAGE JET SET WHITE,820.69,9.66,85,193,2.27,4.29,0.44,66,82,12.43,2.35,High,Popular
22377,BOTTLE BAG RETROSPOT ,1529.34,14.29,107,1047,9.79,1.95,0.59,83,107,18.43,9.79,High,Popular
22378,WALL TIDY RETROSPOT ,2094.66,19.76,106,1686,15.91,1.84,0.62,69,104,30.36,16.21,Premium,Popular
22379,RECYCLING BAG RETROSPOT ,12065.08,28.79,419,6152,14.68,2.12,0.31,188,412,64.18,14.93,Premium,Best-Seller
22380,TOY TIDY SPACEBOY  ,2352.45,11.42,206,1193,5.79,2.13,0.44,114,201,20.64,5.94,Premium,Best-Seller
22381,TOY TIDY PINK POLKADOT,6286.03,20.81,302,3196,10.58,2.12,0.29,134,296,46.91,10.8,Premium,Best-Seller
22382,LUNCH BAG SPACEBOY DESIGN ,16123.55,15.79,1021,10071,9.86,1.66,0.16,491,1001,32.84,10.06,Premium,Best-Seller
22383,LUNCH BAG SUKI  DESIGN ,3346.05,21.87,153,2125,13.89,1.64,0.05,122,147,27.43,14.46,Premium,Best-Seller
22383,LUNCH BAG SUKI DESIGN ,15584.95,16.41,950,9735,10.25,1.65,0.14,400,916,38.96,10.63,Premium,Best-Seller
22384,LUNCH BAG PINK POLKADOT,16585.7,16.98,977,10406,10.65,1.65,0.14,445,951,37.27,10.94,Premium,Best-Seller
22385,JUMBO BAG SPACEBOY DESIGN,15571.12,31.65,492,8366,17.0,2.04,0.19,247,482,63.04,17.36,Premium,Best-Seller
22386,JUMBO BAG PINK POLKADOT,38106.17,42.2,903,20621,22.84,2.02,0.13,372,884,102.44,23.33,Premium,Best-Seller
22389,PAPERWEIGHT SAVE THE PLANET,806.91,21.81,37,429,11.59,1.99,0.89,36,37,22.41,11.59,High,Occasional
22390,PAPERWEIGHT CHILDHOOD MEMORIES,410.72,13.25,31,261,8.42,2.36,1.32,24,30,17.11,8.7,Medium,Occasional
22391,PAPERWEIGHT HOME SWEET HOME,186.06,10.34,18,146,8.11,1.6,0.99,18,18,10.34,8.11,Medium,Occasional
22393,PAPERWEIGHT VINTAGE COLLAGE,627.58,12.07,52,491,9.44,2.01,1.02,44,51,14.26,9.63,High,Popular
22394,PAPERWEIGHT KINGS CHOICE ,206.1,12.12,17,166,9.76,1.67,0.98,17,17,12.12,9.76,Medium,Occasional
22395,PAPERWEIGHT VINTAGE PAISLEY,130.26,8.68,15,134,8.93,1.32,1.05,15,15,8.68,8.93,Medium,Occasional
22396,MAGNETS PACK OF 4 RETRO PHOTO,579.93,5.18,112,1187,10.6,0.64,0.45,86,107,6.74,11.09,Medium,Popular
22398,MAGNETS PACK OF 4 SWALLOWS,1626.18,6.92,235,2623,11.16,0.64,0.41,167,231,9.74,11.35,High,Best-Seller
22399,MAGNETS PACK OF 4 CHILDHOOD MEMORY,1332.4,14.97,89,1148,12.9,1.24,0.04,71,89,18.77,12.9,High,Popular
22400,MAGNETS PACK OF 4 HOME SWEET HOME,714.99,4.67,153,1394,9.11,0.57,0.4,112,144,6.38,9.68,High,Best-Seller
22402,MAGNETS PACK OF 4 VINTAGE COLLAGE,1015.64,6.77,150,1711,11.41,0.63,0.43,107,145,9.49,11.8,High,Best-Seller
22403,MAGNETS PACK OF 4 VINTAGE LABELS ,577.25,6.64,87,1229,14.13,0.59,0.36,72,86,8.02,14.29,Medium,Popular
22405,MONEY BOX POCKET MONEY DESIGN,352.25,6.18,57,348,6.11,1.13,0.3,47,55,7.49,6.33,Medium,Popular
22406,MONEY BOX KINGS CHOICE DESIGN,338.14,5.2,65,320,4.92,1.22,0.51,49,65,6.9,4.92,Medium,Popular
22407,MONEY BOX FIRST ADE DESIGN,63.75,4.55,14,51,3.64,1.25,0.0,11,13,5.8,3.92,Low,Occasional
22407,MONEY BOX FIRST AID DESIGN,34.32,3.43,10,43,4.3,1.2,0.57,9,10,3.81,4.3,Low,Niche
22408,MONEY BOX CONFECTIONERY DESIGN,141.5,6.15,23,137,5.96,1.19,0.4,20,22,7.08,6.23,Medium,Occasional
22409,MONEY BOX BISCUITS DESIGN,271.25,5.9,46,217,4.72,1.25,0.0,36,46,7.53,4.72,Medium,Popular
22410,MONEY BOX HOUSEKEEPING DESIGN,212.88,4.63,46,223,4.85,1.15,0.37,34,46,6.26,4.85,Medium,Popular
22411,JUMBO SHOPPER VINTAGE RED PAISLEY,20771.22,25.55,813,10859,13.36,2.04,0.19,374,800,55.54,13.57,Premium,Best-Seller
22412,METAL SIGN NEIGHBOURHOOD WITCH ,1788.9,15.16,118,879,7.45,2.09,0.04,73,114,24.51,7.71,High,Popular
22413,METAL SIGN TAKE IT OR LEAVE IT ,10682.7,29.67,360,3702,10.28,2.96,0.22,227,353,47.06,10.49,Premium,Best-Seller
22414,DOORMAT NEIGHBOURHOOD WITCH ,1661.87,23.08,72,255,3.54,8.28,2.54,37,72,44.92,3.54,High,Popular
22415,WHITE TISSUE REAM,151.05,11.62,13,19,1.46,7.95,0.0,13,13,11.62,1.46,Medium,Occasional
22416,SET OF 36 DOILIES SPACEBOY DESIGN ,1102.4,19.69,56,800,14.29,1.44,0.04,47,56,23.46,14.29,High,Popular
22416,SET OF 36 SPACEBOY PAPER DOILIES,81.2,10.15,8,56,7.0,1.45,0.0,8,8,10.15,7.0,Low,Niche
22417,PACK OF 60 SPACEBOY CAKE CASES,4156.99,9.85,422,8149,19.31,0.55,0.08,270,409,15.4,19.92,Premium,Best-Seller
22418,10 COLOUR SPACEBOY PEN,5349.42,21.4,250,6432,25.73,0.87,0.14,179,249,29.89,25.83,Premium,Best-Seller
22419,LIPSTICK PEN RED,1238.64,7.42,167,2818,16.87,0.45,0.11,94,158,13.18,17.84,High,Best-Seller
22420,LIPSTICK PEN BABY PINK,500.33,5.75,87,1199,13.78,0.48,0.15,55,84,9.1,14.27,Medium,Popular
22421,LIPSTICK PEN FUSCHIA,796.04,6.42,124,1927,15.54,0.46,0.12,80,121,9.95,15.93,High,Popular
22422,TOOTHPASTE TUBE PEN,397.25,5.16,77,971,12.61,0.66,0.33,53,73,7.5,13.3,Medium,Popular
22423,REGENCY CAKESTAND 3 TIER,152417.5,80.09,1903,13267,6.97,12.44,1.21,885,1882,172.22,7.05,Premium,Best-Seller
22424,ENAMEL BREAD BIN CREAM,8861.6,25.69,345,741,2.15,12.66,0.84,189,343,46.89,2.16,Premium,Best-Seller
22425,ENAMEL COLANDER CREAM,2115.81,14.69,144,440,3.06,4.96,0.44,110,144,19.23,3.06,Premium,Best-Seller
22426,ENAMEL WASH BOWL CREAM,2273.05,15.26,149,671,4.5,3.66,0.25,104,147,21.86,4.56,Premium,Best-Seller
22427,ENAMEL FLOWER JUG CREAM,11682.88,25.45,459,2036,4.44,5.91,0.31,311,453,37.57,4.49,Premium,Best-Seller
22428,ENAMEL FIRE BUCKET CREAM,1549.58,16.48,94,224,2.38,7.01,0.75,75,94,20.66,2.38,High,Popular
22429,ENAMEL MEASURING JUG CREAM,5086.04,14.96,340,1224,3.6,4.26,0.22,227,330,22.41,3.71,Premium,Best-Seller
22430,ENAMEL WATERING CAN CREAM,2745.6,15.87,173,564,3.26,4.93,0.12,131,168,20.96,3.36,Premium,Best-Seller
22431,WATERING CAN BLUE ELEPHANT,3702.25,13.13,282,1989,7.05,1.97,0.27,159,278,23.28,7.15,Premium,Best-Seller
22432,WATERING CAN PINK BUNNY,3127.88,12.87,243,1662,6.84,1.95,0.15,158,237,19.8,7.01,Premium,Best-Seller
22433,WATERING CAN GREEN DINOSAUR,2493.38,12.85,194,1344,6.93,1.95,0.17,121,192,20.61,7.0,Premium,Best-Seller
22434,BALLOON PUMP WITH 10 BALLOONS,1556.33,13.19,118,797,6.75,1.97,0.2,94,114,16.56,6.99,High,Popular
22435,SET OF 9 HEART SHAPED BALLOONS,3272.04,14.74,222,2692,12.13,1.26,0.12,153,214,21.39,12.58,Premium,Best-Seller
22436,12 COLOURED PARTY BALLOONS,1386.3,9.5,146,2130,14.59,0.66,0.09,105,140,13.2,15.21,High,Best-Seller
22437,SET OF 9 BLACK SKULL BALLOONS,2280.35,12.88,177,2747,15.52,0.85,0.02,139,174,16.41,15.79,Premium,Best-Seller
22438,BALLOON ART MAKE YOUR OWN FLOWERS,825.24,11.15,74,900,12.16,1.51,0.71,66,68,12.5,13.24,High,Popular
22439,6 ROCKET BALLOONS ,1221.0,7.36,166,1836,11.06,0.69,0.15,116,159,10.53,11.55,High,Best-Seller
22440,BALLOON WATER BOMB PACK OF 35,2258.34,15.36,147,5907,40.18,0.42,0.01,100,139,22.58,42.5,Premium,Best-Seller
22441,GROW YOUR OWN BASIL IN ENAMEL MUG,2075.7,11.79,176,997,5.66,2.1,0.03,130,170,15.97,5.86,Premium,Best-Seller
22442,GROW YOUR OWN FLOWERS SET OF 3,1265.25,15.62,81,303,3.74,6.44,2.59,69,81,18.34,3.74,High,Popular
22443,GROW YOUR OWN HERBS SET OF 3,1232.25,14.85,83,155,1.87,7.95,0.0,60,82,20.54,1.89,High,Popular
22444,GROW YOUR OWN PLANT IN A CAN ,975.51,26.37,37,795,21.49,1.24,0.03,31,36,31.47,22.08,High,Occasional
22445,PENCIL CASE LIFE IS BEAUTIFUL,1368.2,13.68,100,472,4.72,3.06,0.56,72,93,19.0,5.08,High,Popular
22446,PIN CUSHION BABUSHKA PINK,432.99,10.56,41,161,3.93,3.26,1.45,25,38,17.32,4.24,Medium,Occasional
22447,PIN CUSHION BABUSHKA BLUE,223.95,14.0,16,75,4.69,3.09,0.72,16,16,14.0,4.69,Medium,Occasional
22448,PIN CUSHION BABUSHKA RED,576.31,16.95,34,187,5.5,3.2,0.91,29,34,19.87,5.5,Medium,Occasional
22449,SILK PURSE BABUSHKA PINK,1234.43,13.87,89,370,4.16,3.33,0.14,64,87,19.29,4.25,High,Popular
22450,SILK PURSE BABUSHKA BLUE,614.0,11.37,54,184,3.41,3.34,0.05,41,52,14.98,3.54,High,Popular
22451,SILK PURSE BABUSHKA RED,657.5,16.86,39,202,5.18,3.34,0.06,35,38,18.79,5.32,High,Occasional
22452,MEASURING TAPE BABUSHKA PINK,1097.75,15.91,69,389,5.64,2.89,0.23,53,67,20.71,5.81,High,Popular
22453,MEASURING TAPE BABUSHKA BLUE,951.7,20.25,47,334,7.11,2.92,0.1,38,46,25.04,7.26,High,Popular
22454,MEASURING TAPE BABUSHKA RED,639.0,16.82,38,228,6.0,2.92,0.11,31,37,20.61,6.16,High,Occasional
22456,NATURAL SLATE CHALKBOARD LARGE ,7160.0,21.18,338,1520,4.5,4.88,0.21,220,335,32.55,4.54,Premium,Best-Seller
22457,NATURAL SLATE HEART CHALKBOARD ,24398.12,24.47,997,8532,8.56,2.97,0.35,590,984,41.35,8.67,Premium,Best-Seller
22458,CAST IRON HOOK GARDEN FORK,1371.43,97.96,14,513,36.64,2.57,0.05,12,14,114.29,36.64,High,Occasional
22459,CAST IRON HOOK GARDEN TROWEL,962.73,64.18,15,375,25.0,2.53,0.12,12,15,80.23,25.0,High,Occasional
22460,EMBOSSED GLASS TEALIGHT HOLDER,2895.59,17.03,170,2400,14.12,1.28,0.23,119,168,24.33,14.29,Premium,Best-Seller
22461,SAVOY ART DECO CLOCK,1411.95,24.77,57,253,4.44,7.99,4.32,37,57,38.16,4.44,High,Popular
22464,HANGING METAL HEART LANTERN,5017.0,16.89,297,3326,11.2,1.59,0.28,193,289,25.99,11.51,Premium,Best-Seller
22465,HANGING METAL STAR LANTERN,2881.78,16.95,170,1992,11.72,1.54,0.39,120,166,24.01,12.0,Premium,Best-Seller
22466,FAIRY TALE COTTAGE NIGHT LIGHT,1747.2,20.8,84,930,11.07,1.94,0.06,74,82,23.61,11.34,High,Popular
22466,FAIRY TALE COTTAGE NIGHTLIGHT,3354.75,47.92,70,2017,28.81,1.91,0.11,51,70,65.78,28.81,Premium,Popular
22467,GUMBALL COAT RACK,17915.3,29.13,615,7834,12.74,2.5,0.28,263,599,68.12,13.08,Premium,Best-Seller
22468,BABUSHKA LIGHTS STRING OF 10,3051.84,25.86,118,470,3.98,6.75,0.64,83,118,36.77,3.98,Premium,Popular
22469,HEART OF WICKER SMALL,28436.59,28.55,996,16910,16.98,1.64,0.11,573,972,49.63,17.4,Premium,Best-Seller
22470,HEART OF WICKER LARGE,28710.45,34.38,835,9659,11.57,2.96,0.26,487,817,58.95,11.82,Premium,Best-Seller
22471,TV DINNER TRAY AIR HOSTESS ,1099.63,16.66,66,361,5.47,4.32,1.51,53,65,20.75,5.55,High,Popular
22472,TV DINNER TRAY DOLLY GIRL,1243.97,14.81,84,295,3.51,4.77,1.52,58,82,21.45,3.6,High,Popular
22473,TV DINNER TRAY VINTAGE PAISLEY,1239.39,15.69,79,437,5.53,4.24,2.22,58,79,21.37,5.53,High,Popular
22474,SPACEBOY TV DINNER TRAY,1145.04,13.63,84,276,3.29,4.59,1.22,71,84,16.13,3.29,High,Popular
22475,SKULL DESIGN TV DINNER TRAY,1225.95,10.95,112,281,2.51,4.64,0.9,49,109,25.02,2.58,High,Popular
22476,EMPIRE UNION JACK TV DINNER TRAY,2190.37,27.38,80,819,10.24,4.96,1.79,61,79,35.91,10.37,Premium,Popular
22477,WATERING CAN GARDEN MARKER,1779.35,24.71,72,1291,17.93,1.26,0.04,64,71,27.8,18.18,High,Popular
22478,BIRDHOUSE GARDEN MARKER ,1936.85,25.15,77,1417,18.4,1.26,0.04,59,76,32.83,18.64,High,Popular
22479,DAISY GARDEN MARKER,1513.1,28.02,54,1078,19.96,1.26,0.04,48,54,31.52,19.96,High,Popular
22480,RED TEA TOWEL CLASSIC DESIGN,729.77,10.73,68,613,9.01,1.24,0.03,57,67,12.8,9.15,High,Popular
22481,BLACK TEA TOWEL CLASSIC DESIGN,608.52,6.99,87,694,7.98,1.04,0.37,68,84,8.95,8.26,High,Popular
22482,BLUE TEA TOWEL CLASSIC DESIGN,523.52,10.91,48,448,9.33,1.24,0.04,40,48,13.09,9.33,Medium,Popular
22483,RED GINGHAM TEDDY BEAR ,2044.73,15.15,135,727,5.39,2.98,0.35,91,131,22.47,5.55,Premium,Best-Seller
22485,SET OF 2 WOODEN MARKET CRATES,5678.4,34.0,167,464,2.78,12.63,0.45,140,167,40.56,2.78,Premium,Best-Seller
22486,PLASMATRONIC LAMP,365.44,28.11,13,58,4.46,9.02,4.34,10,13,36.54,4.46,Medium,Occasional
22487,WHITE WOOD GARDEN PLANT LADDER,7011.61,17.66,397,749,1.89,9.76,0.73,278,396,25.22,1.89,Premium,Best-Seller
22488,NATURAL SLATE RECTANGLE CHALKBOARD,4694.66,14.63,321,2946,9.18,1.65,0.17,211,318,22.25,9.26,Premium,Best-Seller
22489,PACK OF 12 TRADITIONAL CRAYONS,3755.73,11.59,324,9316,28.75,0.43,0.08,232,320,16.19,29.11,Premium,Best-Seller
22491,PACK OF 12 COLOURED PENCILS,3141.04,15.4,204,3922,19.23,0.86,0.1,162,201,19.39,19.51,Premium,Best-Seller
22492,MINI PAINT SET VINTAGE ,16166.64,48.26,335,26272,78.42,0.66,0.11,213,335,75.9,78.42,Premium,Best-Seller
22493,PAINT YOUR OWN CANVAS SET,4137.03,22.48,184,2627,14.28,1.7,0.3,125,180,33.1,14.59,Premium,Best-Seller
22494,EMERGENCY FIRST AID TIN ,1152.64,9.15,126,930,7.38,1.34,0.33,79,126,14.59,7.38,High,Popular
22495,SET OF 2 ROUND TINS CAMEMBERT ,532.88,7.95,67,248,3.7,2.6,0.81,60,66,8.88,3.76,Medium,Popular
22496,SET OF 2 ROUND TINS DUTCH CHEESE,488.89,6.89,71,247,3.48,2.68,0.72,63,70,7.76,3.53,Medium,Popular
22497,SET OF 2 TINS VINTAGE BATHROOM ,752.25,12.75,59,177,3.0,4.25,0.0,49,58,15.35,3.05,High,Popular
22498,WOODEN REGATTA BUNTING,1362.55,14.05,97,229,2.36,5.95,0.0,68,96,20.04,2.39,High,Popular
22499,WOODEN UNION JACK BUNTING,9952.63,33.07,301,1738,5.77,5.95,0.41,217,298,45.86,5.83,Premium,Best-Seller
22500,SET OF 2 TINS JARDIN DE PROVENCE,840.2,9.34,90,240,2.67,4.05,1.6,78,85,10.77,2.82,High,Popular
22501,PICNIC BASKET WICKER LARGE,11692.1,42.36,276,1294,4.69,9.75,0.63,187,274,62.52,4.72,Premium,Best-Seller
22502,PICNIC BASKET WICKER 60 PIECES,39619.5,19809.75,2,61,30.5,649.5,0.0,1,2,39619.5,30.5,Premium,Niche
22502,PICNIC BASKET WICKER SMALL,8131.95,33.06,246,1502,6.11,5.81,0.41,175,241,46.47,6.23,Premium,Best-Seller
22503,CABIN BAG VINTAGE PAISLEY,1591.35,88.41,18,77,4.28,23.38,7.95,15,18,106.09,4.28,High,Occasional
22504,CABIN BAG VINTAGE RETROSPOT,3144.95,73.14,43,165,3.84,22.8,8.32,32,43,98.28,3.84,Premium,Occasional
22505,MEMO BOARD COTTAGE DESIGN,6330.94,23.19,273,1370,5.02,4.93,0.4,187,267,33.86,5.13,Premium,Best-Seller
22507,MEMO BOARD RETROSPOT  DESIGN,12444.97,35.25,353,2793,7.91,4.94,0.49,230,353,54.11,7.91,Premium,Best-Seller
22508,DOORSTOP RETROSPOT HEART,6020.71,24.68,244,1538,6.3,3.84,0.58,179,240,33.64,6.41,Premium,Best-Seller
22509,SEWING BOX RETROSPOT DESIGN ,2170.95,25.84,84,221,2.63,11.65,6.26,71,82,30.58,2.7,Premium,Popular
22510,GINGHAM BABUSHKA DOORSTOP,404.62,9.63,42,210,5.0,2.44,1.4,34,41,11.9,5.12,Medium,Occasional
22511,RETROSPOT BABUSHKA DOORSTOP,455.87,9.5,48,245,5.1,2.33,1.38,44,48,10.36,5.1,Medium,Popular
22512,DOORSTOP RACING CAR DESIGN,236.0,7.15,33,118,3.58,2.68,1.6,28,32,8.43,3.69,Medium,Occasional
22513,DOORSTOP FOOTBALL DESIGN,408.73,7.86,52,135,2.6,3.78,2.18,37,51,11.05,2.65,Medium,Popular
22514,CHILDS GARDEN SPADE BLUE,539.1,7.09,76,261,3.43,2.1,0.03,61,75,8.84,3.48,Medium,Popular
22515,CHILDS GARDEN SPADE PINK,492.9,7.7,64,239,3.73,2.1,0.03,53,64,9.3,3.73,Medium,Popular
22516,CHILDS GARDEN RAKE BLUE,350.1,7.96,44,171,3.89,2.09,0.04,35,41,10.0,4.17,Medium,Occasional
22517,CHILDS GARDEN RAKE PINK,381.6,6.58,58,186,3.21,2.1,0.03,48,54,7.95,3.44,Medium,Popular
22518,CHILDS GARDEN BRUSH BLUE,663.3,11.64,57,333,5.84,2.08,0.06,44,57,15.08,5.84,High,Popular
22519,CHILDS GARDEN BRUSH PINK,741.0,11.4,65,370,5.69,2.08,0.06,53,65,13.98,5.69,High,Popular
22520,CHILDS GARDEN TROWEL BLUE ,599.25,5.6,107,705,6.59,0.85,0.0,88,105,6.81,6.71,High,Popular
22521,CHILDS GARDEN TROWEL PINK,515.95,5.16,100,607,6.07,0.85,0.0,81,94,6.37,6.46,Medium,Popular
22522,CHILDS GARDEN FORK BLUE ,769.79,6.16,125,935,7.48,0.85,0.01,100,121,7.7,7.73,High,Popular
22523,CHILDS GARDEN FORK PINK,727.6,6.06,120,856,7.13,0.85,0.0,98,119,7.42,7.19,High,Popular
22524,CHILDRENS GARDEN GLOVES BLUE,721.0,10.92,66,592,8.97,1.25,0.02,55,65,13.11,9.11,High,Popular
22525,CHILDRENS GARDEN GLOVES PINK,553.5,10.64,52,458,8.81,1.25,0.03,42,52,13.18,8.81,Medium,Popular
22526,WHEELBARROW FOR CHILDREN ,1482.9,20.89,71,118,1.66,12.72,0.21,57,71,26.02,1.66,High,Popular
22529,MAGIC DRAWING SLATE GO TO THE FAIR ,329.76,5.32,62,816,13.16,0.42,0.01,52,61,6.34,13.38,Medium,Popular
22530,MAGIC DRAWING SLATE DOLLY GIRL ,1442.04,7.71,187,3538,18.92,0.42,0.01,143,182,10.08,19.44,High,Best-Seller
22531,MAGIC DRAWING SLATE CIRCUS PARADE  ,1348.5,8.12,166,3293,19.84,0.42,0.0,127,163,10.62,20.2,High,Best-Seller
22532,MAGIC DRAWING SLATE LEAP FROG ,360.06,5.3,68,1063,15.63,0.41,0.03,54,66,6.67,16.11,Medium,Popular
22533,MAGIC DRAWING SLATE BAKE A CAKE ,617.7,7.72,80,1769,22.11,0.41,0.03,68,79,9.08,22.39,High,Popular
22534,MAGIC DRAWING SLATE SPACEBOY ,1736.34,8.35,208,4333,20.83,0.42,0.01,173,203,10.04,21.34,High,Best-Seller
22535,MAGIC DRAWING SLATE BUNNIES ,651.6,5.72,114,1764,15.47,0.42,0.03,88,111,7.4,15.89,High,Popular
22536,MAGIC DRAWING SLATE PURDEY,1825.38,12.25,149,4841,32.49,0.41,0.03,109,145,16.75,33.39,High,Best-Seller
22537,MAGIC DRAWING SLATE DINOSAUR,783.72,5.64,139,1866,13.42,0.42,0.0,115,136,6.81,13.72,High,Best-Seller
22538,MINI JIGSAW GO TO THE FAIR,151.5,5.61,27,387,14.33,0.41,0.04,25,26,6.06,14.88,Medium,Occasional
22539,MINI JIGSAW DOLLY GIRL,1050.41,11.67,90,2824,31.38,0.4,0.08,74,85,14.19,33.22,High,Popular
22540,MINI JIGSAW CIRCUS PARADE ,916.2,13.88,66,2452,37.15,0.41,0.1,51,66,17.96,37.15,High,Popular
22541,MINI JIGSAW LEAP FROG,181.04,8.23,22,466,21.18,0.43,0.1,19,21,9.53,22.19,Medium,Occasional
22543,MINI JIGSAW BAKE A CAKE ,516.61,12.6,41,1436,35.02,0.38,0.08,32,39,16.14,36.82,Medium,Occasional
22544,MINI JIGSAW SPACEBOY,1646.36,12.76,129,4457,34.55,0.41,0.12,102,125,16.14,35.66,High,Popular
22545,MINI JIGSAW BUNNIES,391.53,7.99,49,1090,22.24,0.4,0.09,40,48,9.79,22.71,Medium,Popular
22546,MINI JIGSAW PURDEY,768.25,12.59,61,2066,33.87,0.4,0.11,50,60,15.36,34.43,High,Popular
22547,MINI JIGSAW DINOSAUR ,280.35,5.39,52,740,14.23,0.44,0.15,41,51,6.84,14.51,Medium,Popular
22548,HEADS AND TAILS SPORTING FUN,2097.96,11.4,184,1873,10.18,1.26,0.17,149,179,14.08,10.46,Premium,Best-Seller
22549,PICTURE DOMINOES,4237.04,16.95,250,2992,11.97,1.52,0.36,195,244,21.73,12.26,Premium,Best-Seller
22550,HOLIDAY FUN LUDO,3840.71,21.58,178,1110,6.24,3.83,0.64,136,178,28.24,6.24,Premium,Best-Seller
22551,PLASTERS IN TIN SPACEBOY,12199.65,20.27,602,7693,12.78,1.66,0.15,339,587,35.99,13.11,Premium,Best-Seller
22553,PLASTERS IN TIN SKULLS,6684.0,14.16,472,4144,8.78,1.65,0.03,283,447,23.62,9.27,Premium,Best-Seller
22554,PLASTERS IN TIN WOODLAND ANIMALS,11685.28,19.16,610,7336,12.03,1.65,0.1,352,592,33.2,12.39,Premium,Best-Seller
22555,PLASTERS IN TIN STRONGMAN,9496.94,20.42,465,5906,12.7,1.65,0.08,294,453,32.3,13.04,Premium,Best-Seller
22556,PLASTERS IN TIN CIRCUS PARADE ,9704.21,17.97,540,6017,11.14,1.66,0.14,305,530,31.82,11.35,Premium,Best-Seller
22557,PLASTERS IN TIN VINTAGE PAISLEY ,7391.24,14.72,502,4600,9.16,1.68,0.23,316,484,23.39,9.5,Premium,Best-Seller
22558,CLOTHES PEGS RETROSPOT PACK 24 ,12611.96,19.14,659,8460,12.84,1.6,0.23,364,650,34.65,13.02,Premium,Best-Seller
22559,SEASIDE FLYING DISC,472.77,12.12,39,387,9.92,1.36,0.38,33,39,14.33,9.92,Medium,Occasional
22560,TRADITIONAL MODELLING CLAY,9312.53,27.55,338,8015,23.71,1.27,0.24,229,337,40.67,23.78,Premium,Best-Seller
22561,WOODEN SCHOOL COLOURING SET,9477.87,23.06,411,5971,14.53,1.66,0.14,288,398,32.91,15.0,Premium,Best-Seller
22562,MONSTERS STENCIL CRAFT,1720.42,8.78,196,1398,7.13,1.26,0.15,149,190,11.55,7.36,High,Best-Seller
22563,HAPPY STENCIL CRAFT,3255.85,12.38,263,2786,10.59,1.26,0.14,171,253,19.04,11.01,Premium,Best-Seller
22564,ALPHABET STENCIL CRAFT,3463.36,20.25,171,3105,18.16,1.26,0.17,120,166,28.86,18.7,Premium,Best-Seller
22565,FELTCRAFT HAIRBANDS PINK AND WHITE ,712.46,6.48,110,818,7.44,0.92,0.23,85,108,8.38,7.57,High,Popular
22566,FELTCRAFT HAIRBAND PINK AND PURPLE,721.38,5.82,124,834,6.73,0.89,0.18,94,118,7.67,7.07,High,Popular
22567,20 DOLLY PEGS RETROSPOT,3068.4,15.74,195,2384,12.23,1.35,0.11,135,185,22.73,12.89,Premium,Best-Seller
22568,FELTCRAFT CUSHION OWL,12811.87,29.52,434,3586,8.26,3.78,0.48,245,424,52.29,8.46,Premium,Best-Seller
22569,FELTCRAFT CUSHION BUTTERFLY,10313.86,33.93,304,2892,9.51,3.74,0.23,193,297,53.44,9.74,Premium,Best-Seller
22570,FELTCRAFT CUSHION RABBIT,11527.16,34.31,336,3263,9.71,3.74,0.22,202,327,57.07,9.98,Premium,Best-Seller
22571,ROCKING HORSE RED CHRISTMAS ,1893.72,10.07,188,2316,12.32,0.85,0.02,152,179,12.46,12.94,High,Best-Seller
22572,ROCKING HORSE GREEN CHRISTMAS ,1050.29,7.9,133,1265,9.51,0.85,0.02,114,126,9.21,10.04,High,Best-Seller
22573,STAR WOODEN CHRISTMAS DECORATION,2040.81,13.08,156,2445,15.67,0.91,0.21,127,154,16.07,15.88,Premium,Best-Seller
22574,HEART WOODEN CHRISTMAS DECORATION,1992.78,12.38,161,2316,14.39,0.9,0.19,132,158,15.1,14.66,High,Best-Seller
22575,METAL MERRY CHRISTMAS WREATH,1171.8,14.65,80,628,7.85,1.94,0.06,62,77,18.9,8.16,High,Popular
22576,SWALLOW WOODEN CHRISTMAS DECORATION,1223.73,9.34,131,1425,10.88,0.89,0.18,102,126,12.0,11.31,High,Popular
22577,WOODEN HEART CHRISTMAS SCANDINAVIAN,3499.53,7.26,482,9885,20.51,0.42,0.28,344,465,10.17,21.26,Premium,Best-Seller
22578,WOODEN STAR CHRISTMAS SCANDINAVIAN,3277.71,7.19,456,9763,21.41,0.38,0.26,334,436,9.81,22.39,Premium,Best-Seller
22579,WOODEN TREE CHRISTMAS SCANDINAVIAN,1746.76,6.04,289,4904,16.97,0.41,0.28,227,277,7.69,17.7,High,Best-Seller
22580,ADVENT CALENDAR GINGHAM SACK,5114.53,29.91,171,899,5.26,6.08,0.99,129,169,39.65,5.32,Premium,Best-Seller
22581,WOOD STOCKING CHRISTMAS SCANDISPOT,707.42,6.74,105,1092,10.4,0.74,0.33,84,99,8.42,11.03,High,Popular
22582,PACK OF 6 SWEETIE GIFT BOXES,2527.36,31.59,80,1041,13.01,2.57,0.28,73,78,34.62,13.35,Premium,Popular
22583,PACK OF 6 HANDBAG GIFT BOXES,1354.05,16.72,81,531,6.56,2.55,0.0,73,79,18.55,6.72,High,Popular
22584,PACK OF 6 PANETTONE GIFT BOXES,549.61,36.64,15,240,16.0,2.68,0.64,15,15,36.64,16.0,Medium,Occasional
22584,PACK OF 6 PANNETONE GIFT BOXES,4954.63,34.89,142,2004,14.11,2.57,0.3,116,139,42.71,14.42,Premium,Best-Seller
22585,PACK OF 6 BIRDY GIFT TAGS,7189.7,21.08,341,6094,17.87,1.26,0.15,239,320,30.08,19.04,Premium,Best-Seller
22586,FELTCRAFT HAIRBAND PINK AND BLUE,717.4,5.98,120,844,7.03,0.85,0.0,100,119,7.17,7.09,High,Popular
22587,FELTCRAFT HAIRBAND RED AND BLUE,718.25,5.79,124,845,6.81,0.85,0.0,103,120,6.97,7.04,High,Popular
22588,CARD HOLDER GINGHAM HEART,2144.28,15.32,140,800,5.71,2.94,0.68,111,138,19.32,5.8,Premium,Best-Seller
22589,CARDHOLDER GINGHAM STAR,940.49,16.22,58,323,5.57,3.16,0.84,46,57,20.45,5.67,High,Popular
22591,CARDHOLDER GINGHAM CHRISTMAS TREE,1406.89,20.39,69,433,6.28,3.64,1.26,55,69,25.58,6.28,High,Popular
22592,CARDHOLDER HOLLY WREATH METAL,1893.58,20.36,93,508,5.46,3.92,0.85,80,93,23.67,5.46,High,Popular
22593,CHRISTMAS GINGHAM STAR,1840.65,12.87,143,2193,15.34,0.91,0.21,107,139,17.2,15.78,High,Best-Seller
22594,CHRISTMAS GINGHAM TREE,1480.91,11.66,127,1745,13.74,0.92,0.23,93,126,15.92,13.85,High,Popular
22595,CHRISTMAS GINGHAM HEART,554.16,17.88,31,696,22.45,0.84,0.03,30,31,18.47,22.45,Medium,Occasional
22595,GINGHAM HEART DECORATION,4828.38,14.2,340,5964,17.54,0.86,0.1,251,331,19.24,18.02,Premium,Best-Seller
22596,CHRISTMAS STAR WISH LIST CHALKBOARD,3598.42,14.63,246,3315,13.48,1.17,0.41,197,240,18.27,13.81,Premium,Best-Seller
22597,CHRISTMAS MUSICAL ZINC HEART ,29.75,5.95,5,35,7.0,0.85,0.0,5,5,5.95,7.0,Low,Niche
22597,MUSICAL ZINC HEART DECORATION ,972.83,8.11,120,2533,21.11,0.49,0.33,90,115,10.81,22.03,High,Popular
22598,CHRISTMAS MUSICAL ZINC TREE,296.43,5.39,55,821,14.93,0.48,0.36,42,52,7.06,15.79,Medium,Popular
22599,CHRISTMAS MUSICAL ZINC STAR,548.61,7.62,72,1513,21.01,0.48,0.38,58,71,9.46,21.31,Medium,Popular
22600,CHRISTMAS RETROSPOT STAR WOOD,1327.34,8.97,148,1568,10.59,0.89,0.18,122,146,10.88,10.74,High,Best-Seller
22601,CHRISTMAS RETROSPOT ANGEL WOOD,1830.82,11.66,157,2242,14.28,0.9,0.19,121,153,15.13,14.65,High,Best-Seller
22602,CHRISTMAS RETROSPOT HEART WOOD,93.5,8.5,11,110,10.0,0.85,0.0,10,10,9.35,11.0,Low,Occasional
22602,RETROSPOT WOODEN HEART DECORATION,1587.92,9.23,172,1892,11.0,0.86,0.1,133,166,11.94,11.4,High,Best-Seller
22603,CHRISTMAS RETROSPOT TREE WOOD,1100.88,8.28,133,1308,9.83,0.89,0.18,112,127,9.83,10.3,High,Best-Seller
22604,SET OF 4 NAPKIN CHARMS CUTLERY,2637.76,23.55,112,1169,10.44,2.54,0.26,76,106,34.71,11.03,Premium,Popular
22605,WOODEN CROQUET GARDEN SET,9652.98,38.92,248,717,2.89,14.3,1.61,182,247,53.04,2.9,Premium,Best-Seller
22606,WOODEN SKITTLES GARDEN SET,4455.0,31.15,143,316,2.21,15.12,1.68,112,140,39.78,2.26,Premium,Best-Seller
22607,WOODEN ROUNDERS GARDEN SET ,11638.04,37.42,311,1273,4.09,9.77,0.76,224,307,51.96,4.15,Premium,Best-Seller
22608,PENS ASSORTED FUNKY JEWELED ,986.06,11.47,86,4940,57.44,0.21,0.1,63,85,15.65,58.12,High,Popular
22609,PENS ASSORTED SPACEBALL,1226.72,10.06,122,5672,46.49,0.27,0.31,89,119,13.78,47.66,High,Popular
22610,PENS ASSORTED FUNNY FACE,2320.58,13.41,173,9146,52.87,0.23,0.15,123,171,18.87,53.49,Premium,Best-Seller
22611,VINTAGE UNION JACK SHOPPING BAG,1016.85,24.8,41,219,5.34,4.9,0.18,36,40,28.25,5.48,High,Occasional
22613,PACK OF 20 SPACEBOY NAPKINS,1158.88,9.99,116,1498,12.91,0.85,0.08,82,115,14.13,13.03,High,Popular
22614,PACK OF 12 SPACEBOY TISSUES,975.72,5.45,179,2994,16.73,0.35,0.1,133,174,7.34,17.21,High,Best-Seller
22615,PACK OF 12 CIRCUS PARADE TISSUES ,623.1,8.78,71,2036,28.68,0.33,0.08,61,70,10.21,29.09,High,Popular
22616,PACK OF 12 LONDON TISSUES ,7274.87,18.23,399,25369,63.58,0.33,0.07,195,384,37.31,66.07,Premium,Best-Seller
22617,BAKING SET SPACEBOY DESIGN,10353.04,23.42,442,2182,4.94,5.03,0.84,300,439,34.51,4.97,Premium,Best-Seller
22618,COOKING SET RETROSPOT,795.84,28.42,28,86,3.07,9.85,0.38,25,28,31.83,3.07,High,Occasional
22619,SET OF 6 SOLDIER SKITTLES,8868.7,25.56,347,2377,6.85,3.87,0.68,249,340,35.62,6.99,Premium,Best-Seller
22620,4 TRADITIONAL SPINNING TOPS,5945.58,15.81,376,4481,11.92,1.43,0.19,259,364,22.96,12.31,Premium,Best-Seller
22621,TRADITIONAL KNITTING NANCY,9342.82,17.83,524,5934,11.32,1.64,0.27,365,512,25.6,11.59,Premium,Best-Seller
22622,BOX OF VINTAGE ALPHABET BLOCKS,13187.01,55.88,236,1308,5.54,11.13,1.4,174,236,75.79,5.54,Premium,Best-Seller
22623,BOX OF VINTAGE JIGSAW BLOCKS ,5116.77,22.64,226,936,4.14,5.82,1.19,166,224,30.82,4.18,Premium,Best-Seller
22624,IVORY KITCHEN SCALES,14956.63,23.19,645,1804,2.8,8.58,1.03,376,629,39.78,2.87,Premium,Best-Seller
22625,RED KITCHEN SCALES,12085.28,25.6,472,1499,3.18,8.44,0.48,291,465,41.53,3.22,Premium,Best-Seller
22626,BLACK KITCHEN SCALES,4236.03,22.29,190,513,2.7,8.51,0.62,134,187,31.61,2.74,Premium,Best-Seller
22627,MINT KITCHEN SCALES,6700.0,21.0,319,805,2.52,8.44,0.78,193,316,34.72,2.55,Premium,Best-Seller
22628,PICNIC BOXES SET OF 3 RETROSPOT ,3716.2,28.37,131,796,6.08,4.93,0.11,85,129,43.72,6.17,Premium,Popular
22629,SPACEBOY LUNCH BOX ,24787.29,34.05,728,13973,19.19,1.93,0.17,322,712,76.98,19.62,Premium,Best-Seller
22630,DOLLY GIRL LUNCH BOX,20590.54,31.92,645,11602,17.99,1.95,0.24,288,625,71.49,18.56,Premium,Best-Seller
22631,CIRCUS PARADE LUNCH BOX ,6186.98,23.17,267,3408,12.76,1.94,0.15,168,261,36.83,13.06,Premium,Best-Seller
22632,HAND WARMER RED POLKA DOT,225.0,12.5,18,120,6.67,1.86,0.06,2,18,112.5,6.67,Medium,Occasional
22632,HAND WARMER RED RETROSPOT,8560.07,23.71,361,4291,11.89,2.09,0.06,261,348,32.8,12.33,Premium,Best-Seller
22633,HAND WARMER UNION JACK,9605.16,20.14,477,4772,10.0,2.08,0.06,301,448,31.91,10.65,Premium,Best-Seller
22634,CHILDS BREAKFAST SET SPACEBOY ,7063.7,30.58,231,772,3.34,9.7,0.55,156,226,45.28,3.42,Premium,Best-Seller
22635,CHILDS BREAKFAST SET DOLLY GIRL ,6790.05,35.74,190,741,3.9,9.78,0.47,143,187,47.48,3.96,Premium,Best-Seller
22636,CHILDS BREAKFAST SET CIRCUS PARADE,4903.65,24.89,197,595,3.02,8.42,0.25,141,196,34.78,3.04,Premium,Best-Seller
22637,PIGGY BANK RETROSPOT ,6444.77,22.3,289,2674,9.25,2.52,0.19,191,285,33.74,9.38,Premium,Best-Seller
22638,SET OF 4 NAPKIN CHARMS CROWNS ,396.97,10.18,39,256,6.56,2.25,0.84,37,39,10.73,6.56,Medium,Occasional
22639,SET OF 4 NAPKIN CHARMS HEARTS,1733.37,13.23,131,763,5.82,2.48,0.57,101,127,17.16,6.01,High,Popular
22640,SET OF 4 NAPKIN CHARMS 3 KEYS ,344.22,8.2,42,186,4.43,2.38,0.52,33,41,10.43,4.54,Medium,Occasional
22641,SET OF 4 NAPKIN CHARMS INSTRUMENT,225.92,9.41,24,112,4.67,2.41,0.49,23,24,9.82,4.67,Medium,Occasional
22642,SET OF 4 NAPKIN CHARMS STARS   ,516.8,11.48,45,253,5.62,2.23,0.82,39,43,13.25,5.88,Medium,Popular
22643,SET OF 4 NAPKIN CHARMS LEAVES   ,334.63,10.46,32,185,5.78,2.06,0.8,29,30,11.54,6.17,Medium,Occasional
22644,CERAMIC CHERRY CAKE MONEY BANK,2341.83,12.07,194,2061,10.62,1.34,0.4,147,192,15.93,10.73,Premium,Best-Seller
22645,CERAMIC HEART FAIRY CAKE MONEY BANK,2280.38,9.46,241,1774,7.36,1.41,0.47,161,237,14.16,7.49,Premium,Best-Seller
22646,CERAMIC STRAWBERRY CAKE MONEY BANK,4798.81,16.38,293,3958,13.51,1.39,0.35,185,288,25.94,13.74,Premium,Best-Seller
22647,CERAMIC LOVE HEART MONEY BANK,447.25,12.09,37,733,19.81,0.94,0.53,34,37,13.15,19.81,Medium,Occasional
22649,STRAWBERRY FAIRY CAKE TEAPOT,3848.95,20.58,187,791,4.23,4.93,0.12,87,180,44.24,4.39,Premium,Best-Seller
22650,CERAMIC PIRATE CHEST MONEY BANK,1140.35,10.37,110,803,7.3,1.44,0.04,78,108,14.62,7.44,High,Popular
22651,GENTLEMAN SHIRT REPAIR KIT ,1602.72,17.05,94,1992,21.19,0.89,0.19,73,94,21.96,21.19,High,Popular
22652,TRAVEL SEWING KIT,7795.61,19.34,403,4869,12.08,1.66,0.14,262,398,29.75,12.23,Premium,Best-Seller
22653,BUTTON BOX ,2061.66,16.76,123,1092,8.88,1.94,0.22,73,119,28.24,9.18,Premium,Popular
22654,DELUXE SEWING KIT ,6167.97,25.92,238,1091,4.58,6.06,0.92,159,236,38.79,4.62,Premium,Best-Seller
22655,VINTAGE RED KITCHEN CABINET,9855.5,214.25,46,70,1.52,150.66,67.16,35,46,281.59,1.52,Premium,Popular
22656,VINTAGE BLUE KITCHEN CABINET,4485.0,172.5,26,32,1.23,143.65,58.58,19,26,236.05,1.23,Premium,Occasional
22659,LUNCH BOX I LOVE LONDON,19899.22,36.38,547,11416,20.87,1.92,0.19,214,522,92.99,21.87,Premium,Best-Seller
22660,DOORMAT I LOVE LONDON,2157.33,31.27,69,327,4.74,7.93,1.11,56,69,38.52,4.74,Premium,Popular
22661,CHARLOTTE BAG DOLLY GIRL DESIGN,4038.98,11.44,353,5098,14.44,0.84,0.07,172,347,23.48,14.69,Premium,Best-Seller
22662,LUNCH BAG DOLLY GIRL DESIGN,10387.09,16.73,621,6561,10.57,1.66,0.18,312,605,33.29,10.84,Premium,Best-Seller
22663,JUMBO BAG DOLLY GIRL DESIGN,6029.86,18.84,320,3108,9.71,2.05,0.22,171,319,35.26,9.74,Premium,Best-Seller
22664,TOY TIDY DOLLY GIRL DESIGN,1203.38,11.46,105,654,6.23,2.12,0.55,62,105,19.41,6.23,High,Popular
22665,RECIPE BOX BLUE SKETCHBOOK DESIGN,3487.11,14.47,241,1241,5.15,2.97,0.38,163,240,21.39,5.17,Premium,Best-Seller
22666,RECIPE BOX PANTRY YELLOW DESIGN,21280.32,23.91,890,7524,8.45,2.96,0.35,473,875,44.99,8.6,Premium,Best-Seller
22667,RECIPE BOX RETROSPOT ,8213.65,17.26,476,2963,6.22,2.92,0.11,233,462,35.25,6.41,Premium,Best-Seller
22668,PINK BABY BUNTING,5605.11,26.69,210,2025,9.64,2.97,0.41,162,207,34.6,9.78,Premium,Best-Seller
22669,RED BABY BUNTING ,3097.15,18.44,168,1077,6.41,2.94,0.06,143,168,21.66,6.41,Premium,Best-Seller
22670,FRENCH WC SIGN BLUE METAL,2200.24,10.33,213,1759,8.26,1.27,0.14,141,210,15.6,8.38,Premium,Best-Seller
22671,FRENCH LAUNDRY SIGN BLUE METAL,1466.76,13.97,105,920,8.76,1.71,0.32,76,104,19.3,8.85,High,Popular
22672,FRENCH BATHROOM SIGN BLUE METAL,2254.02,13.83,163,1398,8.58,1.66,0.13,125,161,18.03,8.68,Premium,Best-Seller
22673,FRENCH GARDEN SIGN BLUE METAL,975.58,8.56,114,784,6.88,1.27,0.16,85,111,11.48,7.06,High,Popular
22674,FRENCH TOILET SIGN BLUE METAL,1552.96,10.35,150,1287,8.58,1.25,0.1,106,146,14.65,8.82,High,Best-Seller
22675,FRENCH KITCHEN SIGN BLUE METAL,1457.64,11.13,131,1203,9.18,1.3,0.26,94,126,15.51,9.55,High,Popular
22676,FRENCH BLUE METAL DOOR SIGN 1,1317.39,9.28,142,1051,7.4,1.28,0.17,61,140,21.6,7.51,High,Best-Seller
22677,FRENCH BLUE METAL DOOR SIGN 2,1106.26,9.62,115,885,7.7,1.26,0.11,59,115,18.75,7.7,High,Popular
22678,FRENCH BLUE METAL DOOR SIGN 3,954.93,9.09,105,762,7.26,1.27,0.17,59,104,16.19,7.33,High,Popular
22679,FRENCH BLUE METAL DOOR SIGN 4,823.07,8.85,93,657,7.06,1.28,0.18,54,92,15.24,7.14,High,Popular
22680,FRENCH BLUE METAL DOOR SIGN 5,969.97,9.24,105,775,7.38,1.27,0.17,61,102,15.9,7.6,High,Popular
22681,FRENCH BLUE METAL DOOR SIGN 6,800.38,9.31,86,639,7.43,1.28,0.19,45,84,17.79,7.61,High,Popular
22682,FRENCH BLUE METAL DOOR SIGN 7,786.86,9.6,82,629,7.67,1.26,0.13,52,81,15.13,7.77,High,Popular
22683,FRENCH BLUE METAL DOOR SIGN 8,735.57,8.97,82,587,7.16,1.28,0.19,54,82,13.62,7.16,High,Popular
22684,FRENCH BLUE METAL DOOR SIGN 9,595.65,9.31,64,477,7.45,1.25,0.01,41,63,14.53,7.57,High,Popular
22685,FRENCH BLUE METAL DOOR SIGN 0,690.65,9.73,71,553,7.79,1.25,0.01,49,71,14.09,7.79,High,Popular
22686,FRENCH BLUE METAL DOOR SIGN No,1027.2,13.7,75,883,11.77,1.26,0.15,40,75,25.68,11.77,High,Popular
22687,DOORMAT CHRISTMAS VILLAGE,2991.7,85.48,35,568,16.23,8.84,2.97,30,35,99.72,16.23,Premium,Occasional
22688,DOORMAT PEACE ON EARTH BLUE,3442.04,127.48,27,700,25.93,7.96,1.86,26,27,132.39,25.93,Premium,Occasional
22689,DOORMAT MERRY CHRISTMAS RED ,4694.44,40.82,115,666,5.79,8.74,2.51,95,114,49.42,5.84,Premium,Popular
22690,DOORMAT HOME SWEET HOME BLUE ,9684.19,36.14,268,1603,5.98,7.88,0.78,198,265,48.91,6.05,Premium,Best-Seller
22691,DOORMAT WELCOME SUNRISE,2276.89,23.47,97,345,3.56,7.94,1.0,64,96,35.58,3.59,Premium,Popular
22692,DOORMAT WELCOME TO OUR HOME,9491.93,27.75,342,1381,4.04,7.92,0.76,231,340,41.09,4.06,Premium,Best-Seller
22693,GROW A FLYTRAP OR SUNFLOWER IN TIN,17316.2,71.85,241,16012,66.44,1.24,0.06,167,241,103.69,66.44,Premium,Best-Seller
22694,WICKER STAR ,3446.4,10.91,316,1664,5.27,2.1,0.03,229,307,15.05,5.42,Premium,Best-Seller
22695,WICKER WREATH SMALL,850.87,8.68,98,695,7.09,1.33,0.49,82,96,10.38,7.24,High,Popular
22696,WICKER WREATH LARGE,1307.36,10.06,130,694,5.34,1.99,0.34,108,123,12.11,5.64,High,Popular
22697,GREEN REGENCY TEACUP AND SAUCER,18199.39,23.92,761,6573,8.64,2.94,0.37,390,733,46.67,8.97,Premium,Best-Seller
22698,PINK REGENCY TEACUP AND SAUCER,15156.99,24.49,619,5481,8.85,2.93,0.33,321,591,47.22,9.27,Premium,Best-Seller
22699,ROSES REGENCY TEACUP AND SAUCER ,26010.05,30.46,854,9567,11.2,2.92,0.33,427,836,60.91,11.44,Premium,Best-Seller
22700,BLACK AND WHITE DOG BOWL,2613.03,50.25,52,1215,23.37,2.33,0.97,40,51,65.33,23.82,Premium,Popular
22701,PINK DOG BOWL,653.29,11.46,57,451,7.91,2.25,0.97,38,56,17.19,8.05,High,Popular
22702,BLACK AND WHITE CAT BOWL,2661.9,61.9,43,1357,31.56,1.79,0.62,35,43,76.05,31.56,Premium,Occasional
22703,PINK CAT BOWL,247.32,6.34,39,167,4.28,1.6,0.67,29,39,8.53,4.28,Medium,Occasional
22704,WRAP RED APPLES ,2188.5,12.43,176,5325,30.26,0.42,0.01,129,175,16.97,30.43,Premium,Best-Seller
22705,WRAP GREEN PEARS ,808.5,10.64,76,1925,25.33,0.42,0.0,61,75,13.25,25.67,High,Popular
22706,WRAP COWBOYS  ,855.5,12.22,70,2075,29.64,0.42,0.01,64,70,13.37,29.64,High,Popular
22707,WRAP MONSTER FUN ,514.5,11.18,46,1225,26.63,0.42,0.0,40,46,12.86,26.63,Medium,Popular
22708,WRAP DOLLY GIRL,1160.0,11.6,100,2800,28.0,0.42,0.01,79,100,14.68,28.0,High,Popular
22709,WRAP WEDDING DAY,518.0,13.63,38,1300,34.21,0.42,0.02,37,38,14.0,34.21,Medium,Occasional
22710,WRAP I LOVE LONDON ,1753.0,17.36,101,4450,44.06,0.42,0.02,79,101,22.19,44.06,High,Popular
22711,WRAP CIRCUS PARADE,1181.84,11.7,101,2852,28.24,0.42,0.01,88,100,13.43,28.52,High,Popular
22712,CARD DOLLY GIRL ,1731.87,7.91,219,4344,19.84,0.44,0.09,141,216,12.28,20.11,High,Best-Seller
22713,CARD I LOVE LONDON ,1315.48,8.43,156,3317,21.26,0.42,0.05,109,150,12.07,22.11,High,Best-Seller
22714,CARD BIRTHDAY COWBOY,1329.93,8.53,156,3379,21.66,0.42,0.05,125,156,10.64,21.66,High,Best-Seller
22715,CARD WEDDING DAY,615.24,6.28,98,1506,15.37,0.42,0.01,78,98,7.89,15.37,High,Popular
22716,CARD CIRCUS PARADE,1272.27,5.92,215,3088,14.36,0.42,0.05,167,214,7.62,14.43,High,Best-Seller
22717,CARD DOG AND BALL ,487.08,5.6,87,1170,13.45,0.42,0.01,69,87,7.06,13.45,Medium,Popular
22718,CARD CAT AND TREE ,656.64,6.08,108,1584,14.67,0.42,0.01,70,106,9.38,14.94,High,Popular
22719,GUMBALL MONOCHROME COAT RACK,519.24,13.66,38,473,12.45,1.19,0.09,25,38,20.77,12.45,Medium,Occasional
22720,SET OF 3 CAKE TINS PANTRY DESIGN ,34087.8,27.67,1232,7176,5.82,4.95,0.5,640,1218,53.26,5.89,Premium,Best-Seller
22721,SET OF 3 CAKE TINS SKETCHBOOK,3949.72,15.86,249,910,3.65,4.82,1.34,183,246,21.58,3.7,Premium,Best-Seller
22722,SET OF 6 SPICE TINS PANTRY DESIGN,20648.0,30.1,686,5402,7.87,3.92,0.13,393,665,52.54,8.12,Premium,Best-Seller
22723,SET OF 6 HERB TINS SKETCHBOOK,3713.79,15.16,245,1061,4.33,3.75,0.76,170,237,21.85,4.48,Premium,Best-Seller
22725,ALARM CLOCK BAKELIKE CHOCOLATE,6761.76,19.66,344,1826,5.31,3.8,0.45,174,335,38.86,5.45,Premium,Best-Seller
22726,ALARM CLOCK BAKELIKE GREEN,21004.15,25.28,831,5674,6.83,3.79,0.41,323,809,65.03,7.01,Premium,Best-Seller
22727,ALARM CLOCK BAKELIKE RED ,26198.95,28.14,931,7294,7.83,3.77,0.3,390,906,67.18,8.05,Premium,Best-Seller
22728,ALARM CLOCK BAKELIKE PINK,18722.84,29.35,638,5115,8.02,3.79,0.39,292,629,64.12,8.13,Premium,Best-Seller
22729,ALARM CLOCK BAKELIKE ORANGE,8111.52,21.07,385,2213,5.75,3.76,0.27,181,376,44.82,5.89,Premium,Best-Seller
22730,ALARM CLOCK BAKELIKE IVORY,10446.86,21.28,491,2771,5.64,3.76,0.18,242,480,43.17,5.77,Premium,Best-Seller
22731,3D CHRISTMAS STAMPS STICKERS ,1379.45,12.89,107,1089,10.18,1.35,0.34,85,106,16.23,10.27,High,Popular
22732,3D VINTAGE CHRISTMAS STICKERS ,1929.13,15.31,126,1521,12.07,1.34,0.33,101,125,19.1,12.17,High,Popular
22733,3D TRADITIONAL CHRISTMAS STICKERS,1879.81,13.15,143,1469,10.27,1.33,0.31,118,140,15.93,10.49,High,Best-Seller
22734,SET OF 6 RIBBONS VINTAGE CHRISTMAS,8138.53,23.45,347,2873,8.28,2.89,0.16,278,333,29.28,8.63,Premium,Best-Seller
22735,RIBBON REEL SOCKS AND MITTENS,1106.13,12.43,89,673,7.56,1.74,0.38,73,86,15.15,7.83,High,Popular
22736,RIBBON REEL MAKING SNOWMEN ,1846.91,11.76,157,1115,7.1,1.72,0.34,130,154,14.21,7.24,High,Best-Seller
22737,RIBBON REEL CHRISTMAS PRESENT ,2141.39,11.15,192,1267,6.6,1.74,0.37,148,189,14.47,6.7,Premium,Best-Seller
22738,RIBBON REEL SNOWY VILLAGE,3409.93,18.63,183,2137,11.68,1.7,0.3,147,178,23.2,12.01,Premium,Best-Seller
22739,RIBBON REEL CHRISTMAS SOCK BAUBLE,2720.94,12.77,213,1598,7.5,1.74,0.38,168,205,16.2,7.8,Premium,Best-Seller
22740,POLKADOT PEN,5475.25,51.17,107,6625,61.92,0.85,0.02,89,107,61.52,61.92,Premium,Popular
22741,FUNKY DIVA PEN,7054.29,44.65,158,8379,53.03,0.85,0.06,107,158,65.93,53.03,Premium,Best-Seller
22742,MAKE YOUR OWN PLAYTIME CARD KIT,1251.78,13.61,92,630,6.85,2.62,0.78,78,89,16.05,7.08,High,Popular
22743,MAKE YOUR OWN FLOWERPOWER CARD KIT,2048.31,13.39,153,873,5.71,2.81,0.86,116,149,17.66,5.86,Premium,Best-Seller
22744,MAKE YOUR OWN MONSOON CARD KIT,1922.43,12.65,152,841,5.53,2.68,0.77,123,148,15.63,5.68,High,Best-Seller
22745,POPPY'S PLAYHOUSE BEDROOM ,3717.25,11.3,329,1801,5.47,2.11,0.2,216,319,17.21,5.65,Premium,Best-Seller
22746,POPPY'S PLAYHOUSE LIVINGROOM ,2758.22,10.65,259,1331,5.14,2.13,0.25,179,254,15.41,5.24,Premium,Best-Seller
22747,POPPY'S PLAYHOUSE BATHROOM,1800.9,10.35,174,879,5.05,2.1,0.03,123,169,14.64,5.2,High,Best-Seller
22748,POPPY'S PLAYHOUSE KITCHEN,3961.01,11.0,360,1908,5.3,2.13,0.24,233,349,17.0,5.47,Premium,Best-Seller
22749,FELTCRAFT PRINCESS CHARLOTTE DOLL,8071.51,19.17,421,2223,5.28,3.75,0.27,275,401,29.35,5.54,Premium,Best-Seller
22750,FELTCRAFT PRINCESS LOLA DOLL,7185.69,18.33,392,1969,5.02,3.77,0.33,246,379,29.21,5.2,Premium,Best-Seller
22751,FELTCRAFT PRINCESS OLIVIA DOLL,5453.6,21.3,256,1516,5.92,3.79,0.47,184,252,29.64,6.02,Premium,Best-Seller
22752,SET 7 BABUSHKA NESTING BOXES,13574.79,44.65,304,1773,5.83,8.4,1.54,186,300,72.98,5.91,Premium,Best-Seller
22753,SMALL YELLOW BABUSHKA NOTEBOOK ,614.63,3.66,168,918,5.46,0.77,0.25,98,166,6.27,5.53,High,Best-Seller
22754,SMALL RED BABUSHKA NOTEBOOK ,1096.24,5.62,195,1790,9.18,0.77,0.26,119,193,9.21,9.27,High,Best-Seller
22755,SMALL PURPLE BABUSHKA NOTEBOOK ,1012.78,5.12,198,1577,7.96,0.79,0.28,110,193,9.21,8.17,High,Best-Seller
22756,LARGE YELLOW BABUSHKA NOTEBOOK ,546.88,5.88,93,554,5.96,1.11,0.43,68,93,8.04,5.96,Medium,Popular
22757,LARGE RED BABUSHKA NOTEBOOK ,951.71,8.28,115,1010,8.78,1.12,0.47,81,114,11.75,8.86,High,Popular
22758,LARGE PURPLE BABUSHKA NOTEBOOK  ,927.02,7.19,129,1110,8.6,1.12,0.46,84,126,11.04,8.81,High,Popular
22759,SET OF 3 NOTEBOOKS IN PARCEL,8323.35,24.63,338,5231,15.48,1.69,0.28,253,321,32.9,16.3,Premium,Best-Seller
22760,"TRAY, BREAKFAST IN BED",3164.55,43.95,72,265,3.68,12.5,0.63,50,72,63.29,3.68,Premium,Popular
22761,CHEST 7 DRAWER MA CAMPAGNE,865.2,34.61,25,36,1.44,24.47,1.12,21,25,41.2,1.44,High,Occasional
22762,CUPBOARD 3 DRAWER MA CAMPAGNE,2315.85,24.64,94,163,1.73,14.74,0.65,74,94,31.3,1.73,Premium,Popular
22763,KEY CABINET MA CAMPAGNE,1915.4,19.75,97,196,2.02,9.91,0.25,76,96,25.2,2.04,High,Popular
22764,"RUSTIC WOODEN CABINET, GLASS DOORS",99.8,33.27,3,4,1.33,24.95,0.0,2,3,49.9,1.33,Low,Niche
22765,NEWSPAPER STAND,257.37,85.79,3,25,8.33,13.26,2.92,3,3,85.79,8.33,Medium,Niche
22766,PHOTO FRAME CORNICE,9486.73,19.72,481,3247,6.75,2.95,0.19,280,469,33.88,6.92,Premium,Best-Seller
22767,TRIPLE PHOTO FRAME CORNICE ,7281.08,32.36,225,796,3.54,9.86,0.42,154,225,47.28,3.54,Premium,Best-Seller
22768,FAMILY PHOTO FRAME CORNICE,8002.14,30.78,260,873,3.36,9.9,0.74,186,258,43.02,3.38,Premium,Best-Seller
22769,CHALKBOARD KITCHEN ORGANISER,363.2,72.64,5,16,3.2,23.75,1.64,4,5,90.8,3.2,Medium,Niche
22770,MIRROR CORNICE,1283.05,21.75,59,87,1.47,14.91,0.29,44,59,29.16,1.47,High,Popular
22771,CLEAR DRAWER KNOB ACRYLIC EDWARDIAN,6960.67,20.59,338,5783,17.11,1.24,0.04,169,325,41.19,17.79,Premium,Best-Seller
22772,PINK DRAWER KNOB ACRYLIC EDWARDIAN,3930.47,21.96,179,3348,18.7,1.25,0.11,85,172,46.24,19.47,Premium,Best-Seller
22773,GREEN DRAWER KNOB ACRYLIC EDWARDIAN,2242.52,14.95,150,1852,12.35,1.25,0.04,82,145,27.35,12.77,Premium,Best-Seller
22774,RED DRAWER KNOB ACRYLIC EDWARDIAN,2342.08,22.74,103,2023,19.64,1.24,0.06,57,100,41.09,20.23,Premium,Popular
22775,PURPLE DRAWERKNOB ACRYLIC EDWARDIAN,3204.87,19.66,163,2642,16.21,1.26,0.1,80,147,40.06,17.97,Premium,Best-Seller
22776,"CAKESTAND, 3 TIER, LOVEHEART",19.9,19.9,1,2,2.0,9.95,,1,1,19.9,2.0,Low,Niche
22776,SWEETHEART 3 TIER CAKE STAND ,2394.05,17.87,134,246,1.84,9.91,0.25,103,133,23.24,1.85,Premium,Best-Seller
22776,SWEETHEART CAKESTAND 3 TIER,9019.65,25.34,356,961,2.7,9.83,0.4,256,355,35.23,2.71,Premium,Best-Seller
22777,GLASS BELL JAR LARGE,17.0,17.0,1,2,2.0,8.5,,1,1,17.0,2.0,Low,Niche
22777,GLASS CLOCHE LARGE,2623.1,58.29,45,334,7.42,8.33,0.34,36,45,72.86,7.42,Premium,Popular
22778,GLASS BELL JAR SMALL,15.8,15.8,1,4,4.0,3.95,,1,1,15.8,4.0,Low,Niche
22778,GLASS CLOCHE SMALL,2958.97,22.76,130,819,6.3,3.84,0.22,81,125,36.53,6.55,Premium,Popular
22779,WOODEN OWLS LIGHT GARLAND ,5887.6,37.26,158,1560,9.87,4.19,0.21,88,153,66.9,10.2,Premium,Best-Seller
22780,LIGHT GARLAND BUTTERFILES PINK,5125.09,36.61,140,1365,9.75,4.19,0.21,82,138,62.5,9.89,Premium,Best-Seller
22781,GUMBALL MAGAZINE RACK,4269.14,24.54,174,582,3.34,7.69,1.0,121,173,35.28,3.36,Premium,Best-Seller
22782,SET 3 WICKER STORAGE BASKETS ,3399.95,45.95,74,241,3.26,19.36,7.2,65,74,52.31,3.26,Premium,Popular
22783,SET 3 WICKER OVAL BASKETS W LIDS,5922.12,185.07,32,462,14.44,13.86,5.61,29,32,204.21,14.44,Premium,Occasional
22784,LANTERN CREAM GAZEBO ,5922.27,20.01,296,1255,4.24,4.97,0.79,194,286,30.53,4.39,Premium,Best-Seller
22785,SQUARECUSHION COVER PINK UNION FLAG,415.3,16.61,25,62,2.48,6.72,0.16,23,25,18.06,2.48,Medium,Occasional
22785,SQUARECUSHION COVER PINK UNION JACK,382.14,13.18,29,150,5.17,6.1,3.76,27,29,14.15,5.17,Medium,Occasional
22786,CUSHION COVER PINK UNION JACK,576.64,15.58,37,108,2.92,5.93,1.99,31,37,18.6,2.92,Medium,Occasional
22788,BROCANTE COAT RACK,1790.85,35.82,50,211,4.22,9.8,0.56,35,50,51.17,4.22,High,Popular
22789,T-LIGHT HOLDER SWEETHEART HANGING,1607.79,12.18,132,839,6.36,1.99,0.33,101,127,15.92,6.61,High,Best-Seller
22791,T-LIGHT GLASS FLUTED ANTIQUE,8571.64,31.06,276,7513,27.22,1.23,0.17,184,270,46.58,27.83,Premium,Best-Seller
22792,FLUTED ANTIQUE CANDLE HOLDER,1898.51,14.49,131,2325,17.75,0.86,0.14,100,129,18.99,18.02,High,Popular
22794,SWEETHEART WIRE MAGAZINE RACK,2412.75,14.99,161,305,1.89,7.94,0.09,114,161,21.16,1.89,Premium,Best-Seller
22795,SWEETHEART RECIPE BOOK STAND,7163.1,24.36,294,1116,3.8,6.67,0.41,170,290,42.14,3.85,Premium,Best-Seller
22796,PHOTO FRAME 3 CLASSIC HANGING,5901.5,24.9,237,609,2.57,9.89,0.29,146,234,40.42,2.6,Premium,Best-Seller
22797,CHEST OF DRAWERS GINGHAM HEART ,2696.34,30.3,89,160,1.8,17.07,1.78,63,89,42.8,1.8,Premium,Popular
22798,ANTIQUE GLASS DRESSING TABLE POT,4819.76,23.4,206,1688,8.19,2.97,0.35,126,205,38.25,8.23,Premium,Best-Seller
22799,SWEETHEART WIRE FRUIT BOWL,1497.8,18.72,80,198,2.48,8.13,1.35,70,79,21.4,2.51,High,Popular
22800,ANTIQUE TALL SWIRLGLASS TRINKET POT,2839.63,19.72,144,771,5.35,3.79,0.44,109,143,26.05,5.39,Premium,Best-Seller
22801,ANTIQUE GLASS PEDESTAL BOWL,3294.24,18.72,176,909,5.16,3.76,0.41,124,170,26.57,5.35,Premium,Best-Seller
22802,FAUX FUR CHOCOLATE THROW,1055.7,30.16,35,66,1.89,18.06,4.25,30,34,35.19,1.94,High,Occasional
22803,IVORY EMBROIDERED QUILT ,1715.9,68.64,25,46,1.84,38.1,2.13,18,25,95.33,1.84,High,Occasional
22804,CANDLEHOLDER PINK HANGING HEART,5807.18,16.13,360,2058,5.72,2.94,0.23,223,348,26.04,5.91,Premium,Best-Seller
22804,PINK HANGING HEART T-LIGHT HOLDER,1895.93,27.48,69,987,14.3,3.17,0.95,50,69,37.92,14.3,High,Popular
22805,BLUE DRAWER KNOB ACRYLIC EDWARDIAN,1940.43,15.28,127,1587,12.5,1.25,0.03,77,124,25.2,12.8,High,Popular
22806,SET OF 6 T-LIGHTS WEDDING CAKE ,595.65,21.27,28,243,8.68,2.63,0.66,28,28,21.27,8.68,High,Occasional
22807,SET OF 6 T-LIGHTS TOADSTOOLS,1796.64,16.19,111,676,6.09,2.78,0.6,74,107,24.28,6.32,High,Popular
22808,SET OF 6 T-LIGHTS EASTER CHICKS,952.9,17.33,55,338,6.15,2.86,0.39,51,55,18.68,6.15,High,Popular
22809,SET OF 6 T-LIGHTS SANTA,3583.66,19.8,181,1222,6.75,3.12,0.72,142,175,25.24,6.98,Premium,Best-Seller
22810,SET OF 6 T-LIGHTS SNOWMEN,2932.18,20.5,143,962,6.73,3.15,0.77,106,139,27.66,6.92,Premium,Best-Seller
22811,SET OF 6 T-LIGHTS CACTI ,1990.88,34.93,57,776,13.61,3.01,1.2,38,56,52.39,13.86,High,Popular
22812,PACK 3 BOXES CHRISTMAS PANETTONE,107.37,8.26,13,45,3.46,2.45,0.96,9,13,11.93,3.46,Low,Occasional
22812,PACK 3 BOXES CHRISTMAS PANNETONE,2898.35,24.77,117,1547,13.22,2.1,0.59,92,112,31.5,13.81,Premium,Popular
22813,PACK 3 BOXES BIRD PANETTONE ,340.33,24.31,14,177,12.64,2.55,1.04,11,14,30.94,12.64,Medium,Occasional
22813,PACK 3 BOXES BIRD PANNETONE ,3863.0,27.59,140,2088,14.91,2.01,0.41,110,140,35.12,14.91,Premium,Best-Seller
22814,CARD PARTY GAMES ,633.78,6.6,96,1581,16.47,0.42,0.01,75,95,8.45,16.64,High,Popular
22815,CARD PSYCHEDELIC APPLES,742.2,6.57,113,1798,15.91,0.42,0.01,78,112,9.52,16.05,High,Popular
22816,CARD MOTORBIKE SANTA,1420.2,7.89,180,3438,19.1,0.42,0.01,158,176,8.99,19.53,High,Best-Seller
22817,CARD SUKI BIRTHDAY,763.08,6.06,126,1858,14.75,0.42,0.01,79,126,9.66,14.75,High,Popular
22818,CARD CHRISTMAS VILLAGE,1359.72,8.14,167,3258,19.51,0.42,0.01,151,165,9.0,19.75,High,Best-Seller
22819,"BIRTHDAY CARD, RETRO SPOT",758.88,6.02,126,1848,14.67,0.42,0.01,94,126,8.07,14.67,High,Popular
22820,GIFT BAG BIRTHDAY,496.13,10.56,47,763,16.23,0.65,0.03,43,46,11.54,16.59,Medium,Popular
22821,GIFT BAG PSYCHEDELIC APPLES,550.26,8.09,68,846,12.44,0.66,0.03,52,67,10.58,12.63,Medium,Popular
22822,CREAM WALL PLANTER HEART SHAPED,2414.56,16.43,147,419,2.85,5.95,0.58,121,146,19.96,2.87,Premium,Best-Seller
22823,CHEST NATURAL WOOD 20 DRAWERS,2745.0,211.15,13,24,1.85,118.08,7.78,13,13,211.15,1.85,Premium,Occasional
22824,3 TIER SWEETHEART GARDEN SHELF,1974.2,44.87,44,56,1.27,35.68,0.87,42,44,47.0,1.27,High,Occasional
22825,DECORATIVE PLANT POT WITH FRIEZE,558.0,21.46,26,72,2.77,7.86,0.33,23,26,24.26,2.77,Medium,Occasional
22826,LOVE SEAT ANTIQUE WHITE METAL,6727.5,149.5,45,62,1.38,115.39,50.8,33,45,203.86,1.38,Premium,Popular
22827,RUSTIC  SEVENTEEN DRAWER SIDEBOARD,5830.0,201.03,29,38,1.31,156.03,16.55,21,29,277.62,1.31,Premium,Occasional
22828,REGENCY MIRROR WITH SHUTTERS,1530.0,218.57,7,10,1.43,156.43,10.69,7,7,218.57,1.43,High,Niche
22829,SWEETHEART WIRE WALL TIDY,2154.65,21.33,101,225,2.23,9.85,0.37,80,99,26.93,2.27,Premium,Popular
22830,UTILTY CABINET WITH HOOKS,2610.29,435.05,6,131,21.83,21.77,6.72,5,6,522.06,21.83,Premium,Niche
22831,WHITE BROCANTE SOAP DISH,1960.2,18.49,106,684,6.45,2.95,0.04,91,104,21.54,6.58,High,Popular
22832,BROCANTE SHELF WITH HOOKS,1720.7,23.25,74,162,2.19,10.73,0.13,65,74,26.47,2.19,High,Popular
22833,HALL CABINET WITH 3 DRAWERS,2503.53,625.88,4,75,18.75,45.64,8.63,4,4,625.88,18.75,Premium,Niche
22834,HAND WARMER BABUSHKA DESIGN,6451.18,21.22,304,4834,15.9,1.88,0.5,198,293,32.58,16.5,Premium,Best-Seller
22835,HOT WATER BOTTLE I AM SO POORLY,15322.98,29.3,523,3318,6.34,4.86,0.5,317,510,48.34,6.51,Premium,Best-Seller
22837,HOT WATER BOTTLE BABUSHKA ,4599.65,33.57,137,1021,7.45,4.62,0.11,107,135,42.99,7.56,Premium,Best-Seller
22837,HOT WATER BOTTLE BABUSHKA LARGE,37.2,37.2,1,8,8.0,4.65,,1,1,37.2,8.0,Low,Niche
22838,3 TIER CAKE TIN RED AND CREAM,10394.43,69.76,149,779,5.23,14.73,1.48,118,149,88.09,5.23,Premium,Best-Seller
22839,3 TIER CAKE TIN GREEN AND CREAM,5148.91,34.79,148,377,2.55,14.94,1.84,107,145,48.12,2.6,Premium,Best-Seller
22840,ROUND CAKE TIN VINTAGE RED,6734.88,25.32,266,908,3.41,7.92,0.76,192,263,35.08,3.45,Premium,Best-Seller
22841,ROUND CAKE TIN VINTAGE GREEN,3990.88,19.1,209,528,2.53,7.96,0.83,156,208,25.58,2.54,Premium,Best-Seller
22842,BISCUIT TIN VINTAGE RED,3737.25,23.36,160,591,3.69,6.64,0.27,120,160,31.14,3.69,Premium,Best-Seller
22843,BISCUIT TIN VINTAGE GREEN,2759.38,22.43,123,444,3.61,6.7,0.69,92,122,29.99,3.64,Premium,Popular
22844,VINTAGE CREAM DOG FOOD CONTAINER,6990.15,23.07,303,852,2.81,8.53,0.84,175,299,39.94,2.85,Premium,Best-Seller
22845,VINTAGE CREAM CAT FOOD CONTAINER,4270.79,17.43,245,714,2.91,6.38,0.72,154,243,27.73,2.94,Premium,Best-Seller
22846,BREAD BIN DINER STYLE RED ,9980.11,37.66,265,650,2.45,16.34,1.2,157,265,63.57,2.45,Premium,Best-Seller
22847,BREAD BIN DINER STYLE IVORY,13828.74,37.27,371,890,2.4,16.52,1.55,214,371,64.62,2.4,Premium,Best-Seller
22847,"BREAD BIN, DINER STYLE, IVORY",59.8,59.8,1,4,4.0,14.95,,1,1,59.8,4.0,Low,Niche
22848,BREAD BIN DINER STYLE PINK,4774.8,39.79,120,313,2.61,16.23,1.17,68,119,70.22,2.63,Premium,Popular
22849,BREAD BIN DINER STYLE MINT,4880.81,38.13,128,319,2.49,16.25,1.03,79,126,61.78,2.53,Premium,Popular
22849,"BREAD BIN, DINER STYLE, MINT",59.8,59.8,1,4,4.0,14.95,,1,1,59.8,4.0,Low,Niche
22851,SET 20 NAPKINS FAIRY CAKES DESIGN ,2159.28,7.22,299,2622,8.77,0.86,0.11,198,288,10.91,9.1,Premium,Best-Seller
22852,DOG BOWL VINTAGE CREAM,1529.17,13.9,110,359,3.26,4.25,0.06,83,110,18.42,3.26,High,Popular
22853,CAT BOWL VINTAGE CREAM,1396.95,13.83,101,431,4.27,3.25,0.05,75,101,18.63,4.27,High,Popular
22854,CREAM SWEETHEART EGG HOLDER,3562.15,23.44,152,753,4.95,4.92,0.15,123,150,28.96,5.02,Premium,Best-Seller
22855,FINE WICKER HEART ,2999.52,16.57,181,2520,13.92,1.24,0.05,152,180,19.73,14.0,Premium,Best-Seller
22856,ASSORTED EASTER DECORATIONS  BELLS,676.53,28.19,24,585,24.38,1.24,0.04,21,24,32.22,24.38,High,Occasional
22857,ASSORTED EASTER GIFT TAGS,945.16,15.49,61,1156,18.95,0.85,0.02,56,58,16.88,19.93,High,Popular
22858,EASTER TIN KEEPSAKE,1735.35,14.96,116,1091,9.41,1.64,0.03,103,113,16.85,9.65,High,Popular
22859,EASTER TIN BUNNY BOUQUET,1885.5,13.86,136,1182,8.69,1.65,0.03,112,133,16.83,8.89,High,Best-Seller
22860,EASTER TIN CHICKS PINK DAISY,960.3,10.79,89,582,6.54,1.65,0.0,83,87,11.57,6.69,High,Popular
22861,EASTER TIN CHICKS IN GARDEN,481.8,12.68,38,292,7.68,1.65,0.0,36,38,13.38,7.68,Medium,Occasional
22862,LOVE HEART NAPKIN BOX ,607.75,13.21,46,143,3.11,4.25,0.0,42,45,14.47,3.18,High,Popular
22863,SOAP DISH BROCANTE,1986.7,20.48,97,706,7.28,2.93,0.09,77,95,25.8,7.43,High,Popular
22865,HAND WARMER OWL DESIGN,16495.68,27.27,605,8238,13.62,2.11,0.22,375,583,43.99,14.13,Premium,Best-Seller
22866,HAND WARMER SCOTTY DOG DESIGN,12432.66,24.57,506,6217,12.29,2.09,0.05,330,475,37.67,13.09,Premium,Best-Seller
22867,HAND WARMER BIRD DESIGN,12192.73,24.68,494,6054,12.26,2.11,0.21,333,480,36.61,12.61,Premium,Best-Seller
22868,NUMBER TILE COTTAGE GARDEN 0 ,105.3,9.57,11,54,4.91,1.95,0.0,10,10,10.53,5.4,Low,Occasional
22869,NUMBER TILE COTTAGE GARDEN 1,136.5,6.82,20,70,3.5,1.95,0.0,19,20,7.18,3.5,Medium,Occasional
22870,NUMBER TILE COTTAGE GARDEN 2,130.65,7.69,17,67,3.94,1.95,0.0,14,15,9.33,4.47,Medium,Occasional
22871,NUMBER TILE COTTAGE GARDEN 3 ,101.4,10.14,10,52,5.2,1.95,0.0,10,10,10.14,5.2,Low,Niche
22872,NUMBER TILE COTTAGE GARDEN 4,107.25,8.25,13,55,4.23,1.95,0.0,13,13,8.25,4.23,Low,Occasional
22873,NUMBER TILE COTTAGE GARDEN 5,91.65,7.05,13,47,3.62,1.95,0.0,12,13,7.64,3.62,Low,Occasional
22874,NUMBER TILE COTTAGE GARDEN 6,105.3,8.78,12,54,4.5,1.95,0.0,10,11,10.53,4.91,Low,Occasional
22875,NUMBER TILE COTTAGE GARDEN 7,99.45,7.1,14,51,3.64,1.95,0.0,14,14,7.1,3.64,Low,Occasional
22876,NUMBER TILE COTTAGE GARDEN 8,101.4,9.22,11,52,4.73,1.95,0.0,11,11,9.22,4.73,Low,Occasional
22877,NUMBER TILE COTTAGE GARDEN 9,111.15,7.94,14,57,4.07,1.95,0.0,13,14,8.55,4.07,Low,Occasional
22878,NUMBER TILE COTTAGE GARDEN No,111.3,9.28,12,53,4.42,2.1,0.0,11,12,10.12,4.42,Low,Occasional
22879,NUMBER TILE VINTAGE FONT 0,69.34,8.67,8,62,7.75,1.6,0.73,6,8,11.56,7.75,Low,Niche
22880,NUMBER TILE VINTAGE FONT 1,88.84,7.4,12,72,6.0,1.71,0.61,8,11,11.1,6.55,Low,Occasional
22881,NUMBER TILE VINTAGE FONT 2,102.49,7.88,13,79,6.08,1.73,0.59,9,13,11.39,6.08,Low,Occasional
22882,NUMBER TILE VINTAGE FONT 3,112.24,5.34,21,84,4.0,1.81,0.47,13,21,8.63,4.0,Low,Occasional
22883,NUMBER TILE VINTAGE FONT 4,102.49,8.54,12,79,6.58,1.71,0.61,9,12,11.39,6.58,Low,Occasional
22884,NUMBER TILE VINTAGE FONT 5,94.69,5.92,16,75,4.69,1.77,0.53,12,16,7.89,4.69,Low,Occasional
22885,NUMBER TILE VINTAGE FONT 6 ,104.44,8.03,13,80,6.15,1.73,0.59,10,13,10.44,6.15,Low,Occasional
22886,NUMBER TILE VINTAGE FONT 7,92.74,7.13,13,74,5.69,1.73,0.59,8,13,11.59,5.69,Low,Occasional
22887,NUMBER TILE VINTAGE FONT 8,77.14,7.01,11,66,6.0,1.69,0.63,8,11,9.64,6.0,Low,Occasional
22888,NUMBER TILE VINTAGE FONT 9 ,71.29,8.91,8,63,7.88,1.6,0.73,7,8,10.18,7.88,Low,Niche
22889,NUMBER TILE VINTAGE FONT No ,164.58,18.29,9,147,16.33,1.81,0.6,6,7,27.43,21.0,Medium,Niche
22890,NOVELTY BISCUITS CAKE STAND 3 TIER,3773.37,23.44,161,395,2.45,9.98,1.18,97,155,38.9,2.55,Premium,Best-Seller
22891,TEA FOR ONE POLKADOT,1642.26,13.14,125,374,2.99,4.57,1.1,70,121,23.46,3.09,High,Popular
22892,SET OF SALT AND PEPPER TOADSTOOLS,3123.04,14.59,214,2557,11.95,1.24,0.04,118,213,26.47,12.0,Premium,Best-Seller
22893,MINI CAKE STAND T-LIGHT HOLDER,600.66,8.46,71,1485,20.92,0.42,0.01,45,70,13.35,21.21,High,Popular
22894,TABLECLOTH RED APPLES DESIGN ,2821.95,25.65,110,291,2.65,9.7,0.56,82,109,34.41,2.67,Premium,Popular
22895,SET OF 2 TEA TOWELS APPLE AND PEARS,5872.94,23.87,246,1986,8.07,3.18,0.42,163,239,36.03,8.31,Premium,Best-Seller
22896,PEG BAG APPLE DESIGN,210.0,210.0,1,100,100.0,2.1,,1,1,210.0,100.0,Medium,Niche
22896,PEG BAG APPLES DESIGN,3402.67,14.99,227,1416,6.24,2.59,0.4,144,222,23.63,6.38,Premium,Best-Seller
22897,OVEN MITT APPLES DESIGN,1911.56,10.68,179,1340,7.49,1.55,0.43,135,177,14.16,7.57,High,Best-Seller
22898,CHILDRENS APRON APPLES DESIGN,4120.85,14.51,284,2201,7.75,1.95,0.14,201,277,20.5,7.95,Premium,Best-Seller
22899,CHILDREN'S APRON DOLLY GIRL ,3999.48,15.04,266,1988,7.47,2.13,0.28,191,263,20.94,7.56,Premium,Best-Seller
22900, SET 2 TEA TOWELS I LOVE LONDON ,7234.35,35.29,205,2635,12.85,3.03,0.17,131,195,55.22,13.51,Premium,Best-Seller
22900,SET 2 TEA TOWELS I LOVE LONDON ,6383.2,33.07,193,2160,11.19,3.22,0.13,111,183,57.51,11.8,Premium,Best-Seller
22902,TOTE BAG I LOVE LONDON,2354.88,24.28,97,1235,12.73,2.05,0.13,70,95,33.64,13.0,Premium,Popular
22903,CALENDAR FAMILY FAVOURITES,427.43,13.36,32,153,4.78,2.76,0.35,21,32,20.35,4.78,Medium,Occasional
22904,CALENDAR PAPER CUT DESIGN,5078.54,20.99,242,1770,7.31,2.98,0.32,162,235,31.35,7.53,Premium,Best-Seller
22905,CALENDAR IN SEASON DESIGN,1225.49,17.76,69,478,6.93,2.75,0.46,50,67,24.51,7.13,High,Popular
22906,12 MESSAGE CARDS WITH ENVELOPES,2585.25,13.06,198,1625,8.21,1.64,0.04,149,186,17.35,8.74,Premium,Best-Seller
22907,PACK OF 20 NAPKINS PANTRY DESIGN,5000.32,8.77,570,6142,10.78,0.85,0.06,357,538,14.01,11.42,Premium,Best-Seller
22908,PACK OF 20 NAPKINS RED APPLES,3333.19,10.22,326,4237,13.0,0.85,0.07,212,315,15.72,13.45,Premium,Best-Seller
22909,SET OF 20 VINTAGE CHRISTMAS NAPKINS,6725.45,12.98,518,8381,16.18,0.85,0.03,368,496,18.28,16.9,Premium,Best-Seller
22910,PAPER CHAIN KIT VINTAGE CHRISTMAS,26600.72,36.69,725,9784,13.5,2.94,0.36,470,709,56.6,13.8,Premium,Best-Seller
22911,PAPER CHAIN KIT LONDON,1258.74,14.98,84,442,5.26,2.97,0.32,68,83,18.51,5.33,High,Popular
22912,YELLOW COAT RACK PARIS FASHION,1252.44,13.47,93,276,2.97,4.93,0.16,74,92,16.92,3.0,High,Popular
22913,RED COAT RACK PARIS FASHION,1499.49,15.46,97,331,3.41,4.93,0.17,78,97,19.22,3.41,High,Popular
22914,BLUE COAT RACK PARIS FASHION,2004.39,14.32,140,433,3.09,4.93,0.15,106,138,18.91,3.14,High,Best-Seller
22915,ASSORTED BOTTLE TOP  MAGNETS ,1127.04,8.23,137,2982,21.77,0.4,0.06,110,136,10.25,21.93,High,Best-Seller
22916,HERB MARKER THYME,1178.15,6.04,195,1831,9.39,0.65,0.01,130,187,9.06,9.79,High,Best-Seller
22917,HERB MARKER ROSEMARY,1203.5,6.05,199,1870,9.4,0.65,0.01,132,191,9.12,9.79,High,Best-Seller
22918,HERB MARKER PARSLEY,1130.2,5.77,196,1788,9.12,0.65,0.01,130,188,8.69,9.51,High,Best-Seller
22919,HERB MARKER MINT,1080.65,5.43,199,1681,8.45,0.65,0.01,132,192,8.19,8.76,High,Best-Seller
22920,HERB MARKER BASIL,2841.4,14.5,196,4856,24.78,0.65,0.01,133,190,21.36,25.56,Premium,Best-Seller
22921,HERB MARKER CHIVES ,1067.0,6.17,173,1660,9.6,0.65,0.01,116,167,9.2,9.94,High,Best-Seller
22922,FRIDGE MAGNETS US DINER ASSORTED,1348.5,14.66,92,1644,17.87,0.85,0.1,73,92,18.47,17.87,High,Popular
22923,FRIDGE MAGNETS LES ENFANTS ASSORTED,1176.05,14.34,82,1457,17.77,0.84,0.03,65,81,18.09,17.99,High,Popular
22924,FRIDGE MAGNETS LA VIE EN ROSE,1081.15,13.86,78,1327,17.01,0.84,0.03,61,76,17.72,17.46,High,Popular
22925,BLUE GIANT GARDEN THERMOMETER,2565.27,15.18,169,435,2.57,5.98,0.51,125,167,20.52,2.6,Premium,Best-Seller
22926,IVORY GIANT GARDEN THERMOMETER,3402.8,17.72,192,584,3.04,5.94,0.1,140,188,24.31,3.11,Premium,Best-Seller
22927,GREEN GIANT GARDEN THERMOMETER,2361.55,17.36,136,409,3.01,5.94,0.12,94,136,25.12,3.01,Premium,Best-Seller
22928,YELLOW GIANT GARDEN THERMOMETER,1571.27,17.08,92,257,2.79,6.36,1.62,62,92,25.34,2.79,High,Popular
22929,SCHOOL DESK AND CHAIR ,1394.75,92.98,15,22,1.47,64.06,2.48,13,15,107.29,1.47,High,Occasional
22930,BAKING MOULD HEART MILK CHOCOLATE,2717.27,18.36,148,1137,7.68,2.56,0.3,120,146,22.64,7.79,Premium,Best-Seller
22931,BAKING MOULD HEART WHITE CHOCOLATE,1878.61,16.62,113,794,7.03,2.55,0.25,95,110,19.77,7.22,High,Popular
22932,BAKING MOULD TOFFEE CUP  CHOCOLATE,15.3,15.3,1,6,6.0,2.55,,1,1,15.3,6.0,Low,Niche
22932,BAKING MOULD TOFFEE CUP CHOCOLATE,2198.4,33.82,65,986,15.17,2.49,0.15,51,65,43.11,15.17,Premium,Popular
22933,BAKING MOULD EASTER EGG MILK CHOC,2610.0,27.77,94,1032,10.98,2.91,0.16,82,93,31.83,11.1,Premium,Popular
22934,BAKING MOULD EASTER EGG WHITE CHOC,1536.05,21.94,70,563,8.04,2.92,0.11,65,70,23.63,8.04,High,Popular
22935,BAKING MOULD ROSE MILK CHOCOLATE,2162.25,40.8,53,745,14.06,3.16,0.2,46,53,47.01,14.06,Premium,Popular
22936,BAKING MOULD ROSE WHITE CHOCOLATE,964.88,26.8,36,330,9.17,3.29,0.59,30,34,32.16,9.71,High,Occasional
22937,BAKING MOULD CHOCOLATE CUP CAKES,30.6,15.3,2,12,6.0,2.55,0.0,2,2,15.3,6.0,Low,Niche
22937,BAKING MOULD CHOCOLATE CUPCAKES,2397.14,17.12,140,930,6.64,2.61,0.41,119,135,20.14,6.89,Premium,Best-Seller
22937,BAKING MOULD CUPCAKE CHOCOLATE,30.6,30.6,1,12,12.0,2.55,,1,1,30.6,12.0,Low,Niche
22938,CUPCAKE LACE PAPER SET 6,4472.33,25.41,176,2381,13.53,1.94,0.18,160,174,27.95,13.68,Premium,Best-Seller
22939,ADULT APRON APPLE DELIGHT,896.88,21.88,41,180,4.39,5.79,2.1,32,40,28.03,4.5,High,Occasional
22939,APRON APPLE DELIGHT,1360.9,20.94,65,282,4.34,4.94,0.09,52,64,26.17,4.41,High,Popular
22940,FELTCRAFT CHRISTMAS FAIRY,7800.93,24.45,319,1925,6.03,4.34,0.75,241,306,32.37,6.29,Premium,Best-Seller
22941,CHRISTMAS LIGHTS 10 REINDEER,12579.25,45.74,275,1623,5.9,8.45,0.25,215,273,58.51,5.95,Premium,Best-Seller
22942,CHRISTMAS LIGHTS 10 SANTAS ,4713.1,32.73,144,657,4.56,7.52,2.06,116,143,40.63,4.59,Premium,Best-Seller
22943,CHRISTMAS LIGHTS 10 VINTAGE BAUBLES,6104.78,35.7,171,1308,7.65,4.96,0.67,133,169,45.9,7.74,Premium,Best-Seller
22944,CHRISTMAS METAL POSTCARD WITH BELLS,1131.87,18.26,62,2717,43.82,0.53,0.32,51,59,22.19,46.05,High,Popular
22945,CHRISTMAS METAL TAGS ASSORTED ,2535.31,17.61,144,3043,21.13,0.89,0.21,118,140,21.49,21.74,Premium,Best-Seller
22946,WOODEN ADVENT CALENDAR CREAM,5577.75,56.92,98,387,3.95,16.29,1.66,66,96,84.51,4.03,Premium,Popular
22947,WOODEN ADVENT CALENDAR RED,5087.35,47.55,107,541,5.06,10.26,3.86,81,107,62.81,5.06,Premium,Popular
22948,METAL DECORATION NAUGHTY CHILDREN ,1291.66,12.07,107,1462,13.66,0.92,0.24,69,99,18.72,14.77,High,Popular
22949,36 DOILIES DOLLY GIRL,1329.65,17.5,76,917,12.07,1.45,0.0,71,75,18.73,12.23,High,Popular
22949,SET OF 36 DOLLY GIRL PAPER DOILIES,63.8,4.91,13,44,3.38,1.45,0.0,13,13,4.91,3.38,Low,Occasional
22950,36 DOILIES VINTAGE CHRISTMAS,7401.05,45.41,163,5465,33.53,1.44,0.05,150,162,49.34,33.73,Premium,Best-Seller
22950,SET OF 36 VINTAGE CHRISTMAS DOILIES,40.6,5.8,7,28,4.0,1.45,0.0,7,7,5.8,4.0,Low,Niche
22951,60 CAKE CASES DOLLY GIRL DESIGN,3821.41,10.22,374,7367,19.7,0.56,0.11,237,359,16.12,20.52,Premium,Best-Seller
22952,60 CAKE CASES VINTAGE CHRISTMAS,7538.45,15.14,498,15011,30.14,0.54,0.03,341,469,22.11,32.01,Premium,Best-Seller
22952,72 CAKE CASES VINTAGE CHRISTMAS,13.2,13.2,1,24,24.0,0.55,,1,1,13.2,24.0,Low,Niche
22953,BIRTHDAY BANNER TAPE,30.0,30.0,1,24,24.0,1.25,,1,1,30.0,24.0,Low,Niche
22953,BIRTHDAY PARTY CORDON BARRIER TAPE,518.63,6.4,81,412,5.09,1.28,0.19,59,80,8.79,5.15,Medium,Popular
22954,HEN PARTY CORDON BARRIER TAPE,207.5,6.92,30,166,5.53,1.25,0.0,20,29,10.38,5.72,Medium,Occasional
22955,36 FOIL STAR CAKE CASES ,2195.54,19.6,112,1149,10.26,2.01,0.3,91,107,24.13,10.74,Premium,Popular
22956,36 FOIL HEART CAKE CASES,4106.76,22.69,181,2155,11.91,2.04,0.41,145,173,28.32,12.46,Premium,Best-Seller
22957,SET 3 PAPER VINTAGE CHICK PAPER EGG,4953.05,24.16,205,1775,8.66,2.93,0.09,179,200,27.67,8.88,Premium,Best-Seller
22959,WRAP CHRISTMAS VILLAGE,2129.92,14.89,143,5176,36.2,0.42,0.01,133,143,16.01,36.2,Premium,Best-Seller
22960,JAM MAKING SET WITH JARS,33643.72,34.61,972,8390,8.63,4.18,0.47,572,963,58.82,8.71,Premium,Best-Seller
22961,JAM MAKING SET PRINTED,21596.5,24.32,888,15386,17.33,1.47,0.23,538,880,40.14,17.48,Premium,Best-Seller
22962,JAM JAR WITH PINK LID,3025.54,11.25,269,3767,14.0,0.85,0.08,181,267,16.72,14.11,Premium,Best-Seller
22963,JAM JAR WITH BLUE LID,17.28,17.28,1,24,24.0,0.72,,1,1,17.28,24.0,Low,Niche
22963,JAM JAR WITH GREEN LID,2525.59,11.38,222,3162,14.24,0.84,0.08,165,221,15.31,14.31,Premium,Best-Seller
22964,3 PIECE SPACEBOY COOKIE CUTTER SET,5064.04,16.39,309,2528,8.18,2.13,0.28,218,303,23.23,8.34,Premium,Best-Seller
22965,3 TRADITIONAL COOKIE CUTTERS  SET,304.2,76.05,4,162,40.5,2.04,0.12,4,4,76.05,40.5,Medium,Niche
22965,3 TRADITIONAl BISCUIT CUTTERS  SET,2476.82,11.85,209,1182,5.66,2.13,0.24,169,206,14.66,5.74,Premium,Best-Seller
22966,GINGERBREAD MAN COOKIE CUTTER,8631.38,15.04,574,7209,12.56,1.26,0.15,388,556,22.25,12.97,Premium,Best-Seller
22967,SET 3 SONG BIRD PAPER EGGS ASSORTED,3295.45,24.23,136,1183,8.7,2.93,0.09,122,135,27.01,8.76,Premium,Best-Seller
22968,ROSE COTTAGE KEEPSAKE BOX ,6763.8,43.64,155,749,4.83,9.72,0.54,118,154,57.32,4.86,Premium,Best-Seller
22969,HOMEMADE JAM SCENTED CANDLES,17707.4,33.6,527,12232,23.21,1.45,0.12,429,526,41.28,23.25,Premium,Best-Seller
22970,LONDON BUS COFFEE MUG,9699.9,33.8,287,4262,14.85,2.49,0.15,180,279,53.89,15.28,Premium,Best-Seller
22971,QUEENS GUARD COFFEE MUG,5641.22,23.51,240,2381,9.92,2.52,0.2,165,238,34.19,10.0,Premium,Best-Seller
22972,CHILDREN'S SPACEBOY MUG,2807.21,14.77,190,1725,9.08,1.65,0.12,137,186,20.49,9.27,Premium,Best-Seller
22972,CHILDRENS SPACEBOY MUG,39.6,19.8,2,24,12.0,1.65,0.0,2,2,19.8,12.0,Low,Niche
22973,CHILDREN'S CIRCUS PARADE MUG,1960.78,16.76,117,1214,10.38,1.67,0.22,81,115,24.21,10.56,High,Popular
22974,CHILDRENS DOLLY GIRL MUG,2490.99,14.74,169,1543,9.13,1.68,0.25,126,164,19.77,9.41,Premium,Best-Seller
22975,SPACEBOY CHILDRENS EGG CUP,1407.22,9.7,145,1119,7.72,1.28,0.17,110,143,12.79,7.83,High,Best-Seller
22976,CIRCUS PARADE CHILDRENS EGG CUP ,1359.84,11.33,120,1084,9.03,1.26,0.11,77,114,17.66,9.51,High,Popular
22977,DOLLY GIRL CHILDRENS EGG CUP,1133.71,9.94,114,906,7.95,1.26,0.11,98,112,11.57,8.09,High,Popular
22978,PANTRY ROLLING PIN,9456.89,45.03,210,2482,11.82,3.75,0.27,153,209,61.81,11.88,Premium,Best-Seller
22979,PANTRY WASHING UP BRUSH,5913.41,18.6,318,4011,12.61,1.49,0.29,225,309,26.28,12.98,Premium,Best-Seller
22980,PANTRY SCRUBBING BRUSH,3785.94,14.96,253,2370,9.37,1.67,0.23,198,248,19.12,9.56,Premium,Best-Seller
22981,PANTRY APPLE CORER,612.1,7.85,78,442,5.67,1.45,0.02,58,74,10.55,5.97,High,Popular
22982,PANTRY PASTRY BRUSH,1338.3,8.98,149,1069,7.17,1.31,0.27,120,148,11.15,7.22,High,Best-Seller
22983,CARD BILLBOARD FONT,2121.39,6.33,335,5171,15.44,0.43,0.06,223,334,9.51,15.48,Premium,Best-Seller
22984,CARD GINGHAM ROSE ,1073.74,7.56,142,2678,18.86,0.42,0.05,91,140,11.8,19.13,High,Best-Seller
22985,WRAP BILLBOARD FONTS DESIGN,745.5,12.22,61,1775,29.1,0.42,0.0,51,61,14.62,29.1,High,Popular
22985,"WRAP, BILLBOARD FONTS DESIGN",731.0,21.5,34,1950,57.35,0.42,0.02,34,34,21.5,57.35,High,Occasional
22986,GINGHAM ROSE WRAP,756.0,10.65,71,1800,25.35,0.42,0.0,67,71,11.28,25.35,High,Popular
22986,WRAP GINGHAM ROSE ,954.42,11.5,83,2301,27.72,0.42,0.01,69,83,13.83,27.72,High,Popular
22987,WRAP SUMMER ROSE DESIGN,42.0,10.5,4,100,25.0,0.42,0.0,4,4,10.5,25.0,Low,Niche
22988,SOLDIERS EGG CUP ,10283.0,29.63,347,8933,25.74,1.26,0.17,198,335,51.93,26.67,Premium,Best-Seller
22989,SET 2 PANTRY DESIGN TEA TOWELS,8381.67,26.11,321,2715,8.46,3.23,0.09,240,314,34.92,8.65,Premium,Best-Seller
22990,COTTON APRON PANTRY DESIGN,3248.99,20.96,155,733,4.73,4.77,0.89,117,151,27.77,4.85,Premium,Best-Seller
22991,GIRAFFE WOODEN RULER,7994.94,32.5,246,4418,17.96,2.05,0.48,185,239,43.22,18.49,Premium,Best-Seller
22992,REVOLVER WOODEN RULER ,10131.99,33.44,303,5627,18.57,1.96,0.23,217,292,46.69,19.27,Premium,Best-Seller
22993,SET OF 4 PANTRY JELLY MOULDS,14250.17,15.82,901,11848,13.15,1.26,0.15,430,874,33.14,13.56,Premium,Best-Seller
22994,TRAVEL CARD WALLET RETROSPOT,896.1,5.3,169,2137,12.64,0.42,0.0,89,166,10.07,12.87,High,Best-Seller
22995,TRAVEL CARD WALLET SUKI,956.82,5.04,190,2285,12.03,0.42,0.01,90,186,10.63,12.28,High,Best-Seller
22996,TRAVEL CARD WALLET VINTAGE TICKET,1891.08,6.2,305,4578,15.01,0.42,0.01,155,296,12.2,15.47,High,Best-Seller
22997,TRAVEL CARD WALLET UNION JACK,1092.66,5.63,194,2605,13.43,0.42,0.0,101,189,10.82,13.78,High,Best-Seller
22998,TRAVEL CARD WALLET KEEP CALM,4767.74,10.39,459,11946,26.03,0.43,0.06,218,448,21.87,26.67,Premium,Best-Seller
22999,TRAVEL CARD WALLET RETRO PETALS,624.36,6.79,92,1490,16.2,0.42,0.01,61,88,10.24,16.93,High,Popular
22999,TRAVEL CARD WALLET VINTAGE LEAF,582.96,5.66,103,1388,13.48,0.42,0.0,66,99,8.83,14.02,High,Popular
23000,TRAVEL CARD WALLET TRANSPORT,1291.98,6.09,212,3083,14.54,0.42,0.0,126,209,10.25,14.75,High,Best-Seller
23002,TRAVEL CARD WALLET SKULLS,925.08,6.05,153,2206,14.42,0.42,0.0,85,148,10.88,14.91,High,Best-Seller
23003,TRAVEL CARD WALLET VINTAGE ROSE ,225.78,4.26,53,541,10.21,0.42,0.01,38,52,5.94,10.4,Medium,Popular
23004,TRAVEL CARD WALLET PANTRY,860.96,6.47,133,2046,15.38,0.43,0.06,73,127,11.79,16.11,High,Best-Seller
23005,TRAVEL CARD WALLET I LOVE LONDON,1789.14,9.78,183,4397,24.03,0.42,0.01,105,176,17.04,24.98,High,Best-Seller
23006,TRAVEL CARD WALLET FLOWER MEADOW,744.9,5.48,136,1777,13.07,0.42,0.01,88,135,8.46,13.16,High,Best-Seller
23007, SPACEBOY BABY GIFT SET,7150.25,49.31,145,455,3.14,16.52,0.82,109,144,65.6,3.16,Premium,Best-Seller
23008,DOLLY GIRL BABY GIFT SET,6669.65,53.36,125,427,3.42,16.44,0.88,98,123,68.06,3.47,Premium,Popular
23009,I LOVE LONDON BABY GIFT SET,3262.55,53.48,61,209,3.43,16.43,0.89,48,61,67.97,3.43,Premium,Popular
23010,CIRCUS PARADE BABY GIFT SET,4495.6,49.4,91,288,3.16,16.49,0.85,73,91,61.58,3.16,Premium,Popular
23012,GLASS APOTHECARY BOTTLE PERFUME,3803.14,18.37,207,1024,4.95,3.88,0.36,150,202,25.35,5.07,Premium,Best-Seller
23013,GLASS APOTHECARY BOTTLE TONIC,3238.74,17.51,185,872,4.71,3.89,0.38,135,183,23.99,4.77,Premium,Best-Seller
23014,GLASS APOTHECARY BOTTLE ELIXIR,2991.28,18.02,166,808,4.87,3.91,0.52,121,162,24.72,4.99,Premium,Best-Seller
23015,CORDIAL GLASS JUG,313.5,17.42,18,38,2.11,8.25,0.0,14,16,22.39,2.38,Medium,Occasional
23015,CORDIAL JUG,49.5,24.75,2,6,3.0,8.25,0.0,2,2,24.75,3.0,Low,Niche
23016,GLASS TWIST BON BON JAR,532.8,26.64,20,72,3.6,7.67,0.44,19,20,28.04,3.6,Medium,Occasional
23017,APOTHECARY MEASURING JAR,763.9,34.72,22,65,2.95,12.19,0.58,20,22,38.2,2.95,High,Occasional
23018,LARGE APOTHECARY MEASURING JAR ,587.2,29.36,20,50,2.5,12.3,0.49,19,20,30.91,2.5,High,Occasional
23019,SMALL APOTHECARY MEASURING JAR ,629.05,22.47,28,81,2.89,8.08,0.33,26,28,24.19,2.89,High,Occasional
23020,GLASS  SONGBIRD STORAGE JAR,2038.95,27.19,75,171,2.28,12.34,0.44,65,75,31.37,2.28,Premium,Popular
23020,GLASS SONGBIRD STORAGE JAR,126.7,42.23,3,11,3.67,12.05,0.78,3,3,42.23,3.67,Medium,Niche
23021,GLASS BONNE JAM JAR,480.1,18.47,26,118,4.54,4.13,0.08,24,25,20.0,4.72,Medium,Occasional
23022,SMALL BONNE JAM JAR  T-LIGHT HOLDER,858.08,34.32,25,446,17.84,2.03,0.11,19,23,45.16,19.39,High,Occasional
23023,RIDGED BONNE JAM JAR T-LIGHT HOLDER,434.54,16.71,26,274,10.54,1.7,0.33,23,24,18.89,11.42,Medium,Occasional
23024,LARGE BONNE JAM JAR  T-LIGHT HOLDER,667.04,60.64,11,256,23.27,2.71,0.21,8,11,83.38,23.27,High,Occasional
23025,DRAWER KNOB VINTAGE GLASS BALL,682.09,14.51,47,323,6.87,2.12,0.3,40,47,17.05,6.87,High,Popular
23026,DRAWER KNOB VINTAGE GLASS STAR,1048.17,18.07,58,518,8.93,2.11,0.28,43,55,24.38,9.42,High,Popular
23027,DRAWER KNOB VINTAGE GLASS HEXAGON,596.96,22.11,27,287,10.63,2.08,0.0,26,27,22.96,10.63,High,Occasional
23028,DOORKNOB CRACKED GLAZE BLUE,238.5,79.5,3,162,54.0,1.58,0.12,3,3,79.5,54.0,Medium,Niche
23028,DRAWER KNOB CRACKLE GLAZE BLUE,1773.24,15.29,116,1092,9.41,1.66,0.15,87,114,20.38,9.58,High,Popular
23029,DOORKNOB CRACKED GLAZE GREEN,19.8,9.9,2,12,6.0,1.65,0.0,2,2,9.9,6.0,Low,Niche
23029,DRAWER KNOB CRACKLE GLAZE GREEN,2106.6,14.63,144,1300,9.03,1.65,0.02,97,144,21.72,9.03,Premium,Best-Seller
23031,DOORKNOB CRACKED GLAZE PINK,19.8,9.9,2,12,6.0,1.65,0.0,2,2,9.9,6.0,Low,Niche
23031,DRAWER KNOB CRACKLE GLAZE PINK,2030.7,13.81,147,1254,8.53,1.65,0.02,93,145,21.84,8.65,Premium,Best-Seller
23032,DOORKNOB CRACKED GLAZE IVORY,268.2,44.7,6,180,30.0,1.62,0.08,5,5,53.64,36.0,Medium,Niche
23032,DRAWER KNOB CRACKLE GLAZE IVORY,3437.7,17.63,195,2130,10.92,1.65,0.03,115,188,29.89,11.33,Premium,Best-Seller
23033,DRAWER KNOB CERAMIC RED,952.45,15.87,60,685,11.42,1.44,0.04,42,59,22.68,11.61,High,Popular
23034,DRAWER KNOB CERAMIC BLACK,1341.05,16.16,83,953,11.48,1.44,0.04,57,79,23.53,12.06,High,Popular
23035,DOORKNOB CERAMIC IVORY,52.2,52.2,1,36,36.0,1.45,,1,1,52.2,36.0,Low,Niche
23035,DRAWER KNOB CERAMIC IVORY,2902.54,16.97,171,2062,12.06,1.45,0.15,110,167,26.39,12.35,Premium,Best-Seller
23036,T-LIGHT HOLDER SILVER PETIT FOUR ,228.75,14.3,16,183,11.44,1.25,0.0,14,15,16.34,12.2,Medium,Occasional
23037,CANDLE HOLDER SILVER MADELINE,315.29,17.52,18,193,10.72,1.73,0.39,17,18,18.55,10.72,Medium,Occasional
23038,T-LIGHT HOLDER SILVER SAUCER,38.03,6.34,6,41,6.83,1.23,0.44,4,6,9.51,6.83,Low,Niche
23039,T-LIGHT HOLDER SILVER HEART HANDLE,382.5,15.94,24,198,8.25,1.94,0.06,22,23,17.39,8.61,Medium,Occasional
23040,PAPER LANTERN 9 POINT SNOW STAR,69.0,17.25,4,12,3.0,5.75,0.0,4,4,17.25,3.0,Low,Niche
23040,PAPER LANTERN 9 POINT SNOW STAR ,1249.5,36.75,34,234,6.88,5.73,0.14,30,32,41.65,7.31,High,Occasional
23041,PAPER LANTERN 6 POINT SNOW STAR,107.9,17.98,6,26,4.33,4.15,0.0,6,6,17.98,4.33,Low,Niche
23041,PAPER LANTERN 9 POINT SNOW STAR,1070.7,24.9,43,258,6.0,4.15,0.0,40,43,26.77,6.0,High,Occasional
23042,PAPER LANTERN 7 POINT SNOW STAR,724.85,27.88,26,109,4.19,6.65,0.0,25,26,28.99,4.19,High,Occasional
23043,PAPER LANTERN 9 POINT HOLLY STAR 40,37.5,12.5,3,6,2.0,6.25,0.0,3,3,12.5,2.0,Low,Niche
23043,PAPER LANTERN 9 POINT HOLLY STAR L,431.25,26.95,16,69,4.31,6.25,0.0,15,16,28.75,4.31,Medium,Occasional
23044,PAPER LANTERN 9 POINT HOLLY STAR 23,74.7,14.94,5,18,3.6,4.15,0.0,5,5,14.94,3.6,Low,Niche
23044,PAPER LANTERN 9 POINT HOLLY STAR S,352.75,16.03,22,85,3.86,4.15,0.0,19,19,18.57,4.47,Medium,Occasional
23045,PAPER LANTERN 5 POINT STAR MOON ,506.3,28.13,18,122,6.78,4.15,0.0,16,18,31.64,6.78,Medium,Occasional
23045,PAPER LANTERN 5 POINT STAR MOON 30,41.5,8.3,5,10,2.0,4.15,0.0,5,5,8.3,2.0,Low,Niche
23046,PAPER LANTERN 9 POINT DELUXE STAR,2078.25,62.98,33,345,10.45,6.62,0.16,30,33,69.28,10.45,Premium,Occasional
23047,PAPER LANTERN 5 POINT SEQUIN STAR,287.5,13.07,22,50,2.27,5.75,0.0,21,21,13.69,2.38,Medium,Occasional
23047,PAPER LANTERN 5 POINT STUDDED STAR,46.0,11.5,4,8,2.0,5.75,0.0,4,4,11.5,2.0,Low,Niche
23048,SET OF 10 LANTERNS FAIRY LIGHT STAR,2397.54,24.97,96,596,6.21,4.19,0.42,81,89,29.6,6.7,Premium,Popular
23049,RECYCLED ACAPULCO MAT RED,3597.5,21.04,171,438,2.56,8.25,0.06,103,171,34.93,2.56,Premium,Best-Seller
23050,RECYCLED ACAPULCO MAT GREEN,3771.8,21.31,177,460,2.6,8.24,0.08,116,177,32.52,2.6,Premium,Best-Seller
23051,RECYCLED ACAPULCO MAT BLUE,2757.85,20.43,135,337,2.5,8.24,0.1,95,135,29.03,2.5,Premium,Best-Seller
23052,RECYCLED ACAPULCO MAT TURQUOISE,4703.0,21.18,222,572,2.58,8.25,0.05,147,222,31.99,2.58,Premium,Best-Seller
23053,RECYCLED ACAPULCO MAT PINK,2606.4,19.9,131,320,2.44,8.23,0.12,105,130,24.82,2.46,Premium,Popular
23054,RECYCLED ACAPULCO MAT LAVENDER,2214.45,19.95,111,269,2.42,8.24,0.08,81,110,27.34,2.45,Premium,Popular
23055,IVORY CHANDELIER T-LIGHT HOLDER,1881.44,44.8,42,896,21.33,5.24,2.0,32,39,58.8,22.97,High,Occasional
23056,CRYSTAL CHANDELIER T-LIGHT HOLDER,18.75,18.75,1,3,3.0,6.25,,1,1,18.75,3.0,Low,Niche
23056,FLOWERS CHANDELIER T-LIGHT HOLDER,4552.73,98.97,46,1349,29.33,5.91,2.47,32,42,142.27,32.12,Premium,Popular
23057,BEADED CHANDELIER T-LIGHT HOLDER,1853.44,44.13,42,936,22.29,4.32,1.8,32,39,57.92,24.0,High,Occasional
23057,GEMSTONE CHANDELIER T-LIGHT HOLDER,347.7,49.67,7,78,11.14,4.84,0.3,7,7,49.67,11.14,Medium,Niche
23058,CHRISTMAS HANGING SNOWFLAKE,421.02,9.57,44,486,11.05,1.11,1.08,39,44,10.8,11.05,Medium,Occasional
23060,HEART BEADED TRELLIS DECORATION,507.52,12.38,41,244,5.95,2.08,0.0,34,39,14.93,6.26,Medium,Occasional
23061,VINTAGE EMBOSSED HEART,1128.71,12.83,88,907,10.31,1.25,0.02,72,85,15.68,10.67,High,Popular
23061,VINTAGE ENGRAVED HEART,75.0,18.75,4,60,15.0,1.25,0.0,4,4,18.75,15.0,Low,Niche
23064,CINDERELLA CHANDELIER ,5131.65,160.36,32,291,9.09,42.17,14.42,20,32,256.58,9.09,Premium,Occasional
23065,LARGE DECO JEWELLERY STAND,3002.8,33.36,90,248,2.76,12.47,0.2,77,89,39.0,2.79,Premium,Popular
23065,LARGE JEWELLERY STAND,125.0,31.25,4,10,2.5,12.5,0.0,4,4,31.25,2.5,Medium,Niche
23066,SMALL DECO JEWELLERY STAND,1839.9,25.91,71,230,3.24,8.23,0.13,64,71,28.75,3.24,High,Popular
23066,SMALL JEWELLERY STAND,132.0,22.0,6,16,2.67,8.25,0.0,6,6,22.0,2.67,Medium,Niche
23067,HANGING ENGRAVED METAL HEART,1149.55,14.74,78,277,3.55,4.15,0.0,63,71,18.25,3.9,High,Popular
23068,ALUMINIUM HEART,74.7,12.45,6,30,5.0,2.49,0.0,6,6,12.45,5.0,Low,Niche
23068,ALUMINIUM STAMPED HEART,1852.55,14.7,126,771,6.12,2.48,0.07,99,123,18.71,6.27,High,Popular
23069,EDWARDIAN PHOTO FRAME,556.25,17.38,32,89,2.78,6.25,0.0,27,31,20.6,2.87,Medium,Occasional
23070,EDWARDIAN HEART PHOTO FRAME,610.05,18.49,33,147,4.45,4.15,0.0,29,33,21.04,4.45,High,Occasional
23071,MARIE ANTOIENETT TRINKET BOX GOLD,12.5,12.5,1,1,1.0,12.5,,1,1,12.5,1.0,Low,Niche
23071,MARIE ANTOINETTE TRINKET BOX GOLD,1651.6,66.06,25,392,15.68,10.31,4.02,15,20,110.11,19.6,High,Occasional
23072,MARIE ANTOINETTE TRINKET BOX SILVER,1483.0,61.79,24,398,16.58,10.27,4.1,21,24,70.62,16.58,High,Occasional
23073,GEORGIAN TRINKET BOX,1706.5,27.98,61,143,2.34,12.41,0.34,49,60,34.83,2.38,High,Popular
23074,EMBOSSED HEART TRINKET BOX,464.82,12.56,37,231,6.24,2.06,0.07,32,36,14.53,6.42,Medium,Occasional
23075,DOUBLE CERAMIC PARLOUR HOOK,91.3,18.26,5,22,4.4,4.15,0.0,5,5,18.26,4.4,Low,Niche
23075,PARLOUR CERAMIC WALL HOOK,1981.1,24.46,81,482,5.95,4.15,0.04,58,78,34.16,6.18,High,Popular
23076,ICE CREAM SUNDAE LIP GLOSS,9703.16,38.66,251,7948,31.67,1.24,0.03,202,250,48.04,31.79,Premium,Best-Seller
23077,DOUGHNUT LIP GLOSS ,11715.7,37.55,312,9722,31.16,1.24,0.04,217,311,53.99,31.26,Premium,Best-Seller
23078,ICE CREAM PEN LIP GLOSS ,8107.31,37.88,214,6631,30.99,1.25,0.03,158,214,51.31,30.99,Premium,Best-Seller
23079, TOADSTOOL BEDSIDE LIGHT ,17.9,17.9,1,2,2.0,8.95,,1,1,17.9,2.0,Low,Niche
23079,TOADSTOOL BEDSIDE LIGHT ,2306.0,20.77,111,260,2.34,8.94,0.09,81,108,28.47,2.41,Premium,Popular
23080,RED METAL BOX TOP SECRET,8036.28,34.34,234,1012,4.32,8.35,1.11,147,227,54.67,4.46,Premium,Best-Seller
23081,GREEN METAL BOX ARMY SUPPLIES,3515.64,30.84,114,442,3.88,8.34,1.13,77,113,45.66,3.91,Premium,Popular
23081,GREEN METAL BOX TOP SECRET,132.0,33.0,4,16,4.0,8.25,0.0,4,4,33.0,4.0,Medium,Niche
23082,SET 6 PAPER TABLE LANTERN HEARTS ,8225.09,29.69,277,2291,8.27,3.72,0.11,204,267,40.32,8.58,Premium,Best-Seller
23083,SET 6 PAPER TABLE LANTERN STARS ,6946.3,32.46,214,1921,8.98,3.76,0.38,161,210,43.14,9.15,Premium,Best-Seller
23084,RABBIT NIGHT LIGHT,51554.6,60.16,857,27310,31.87,2.01,0.26,450,816,114.57,33.47,Premium,Best-Seller
23085,ANTIQUE SILVER BAUBLE LAMP  ,3618.45,42.08,86,387,4.5,10.05,0.8,64,77,56.54,5.03,Premium,Popular
23086,ZINC  STAR T-LIGHT HOLDER ,1381.54,37.34,37,1202,32.49,1.23,0.06,30,36,46.05,33.39,High,Occasional
23086,ZINC STAR T-LIGHT HOLDER ,10.0,10.0,1,8,8.0,1.25,,1,1,10.0,8.0,Low,Niche
23087,ZINC  HEART T-LIGHT HOLDER,1015.93,20.32,50,845,16.9,1.24,0.05,43,50,23.63,16.9,High,Popular
23088,ZINC HEART FLOWER T-LIGHT HOLDER,947.18,16.62,57,760,13.33,1.31,0.28,52,57,18.22,13.33,High,Popular
23089,GLASS BON BON JAR,3522.87,24.3,145,2151,14.83,1.77,0.2,101,141,34.88,15.26,Premium,Best-Seller
23090,VINTAGE GLASS T-LIGHT HOLDER,1731.09,13.63,127,2139,16.84,0.86,0.16,96,123,18.03,17.39,High,Popular
23091,METAL HERB GERDEN CONTAINER,139.68,27.94,5,24,4.8,6.08,0.38,5,5,27.94,4.8,Medium,Niche
23091,ZINC HERB GARDEN CONTAINER,3392.32,17.05,199,553,2.78,6.29,0.64,155,191,21.89,2.9,Premium,Best-Seller
23092,LARGE ANTIQUE WHITE PHOTO FRAME,3661.81,27.12,135,519,3.84,7.8,0.4,96,134,38.14,3.87,Premium,Best-Seller
23093,SMALL PARISIENNE HEART PHOTO FRAME ,2132.63,16.93,126,919,7.29,2.47,0.11,105,125,20.31,7.35,Premium,Popular
23094,LE GRAND TRAY CHIC SET,1862.5,24.51,76,149,1.96,12.5,0.0,65,76,28.65,1.96,High,Popular
23096,PETIT TRAY CHIC,1629.83,13.7,119,1007,8.46,1.73,0.36,89,117,18.31,8.61,High,Popular
23099,FRENCH CARRIAGE LANTERN,912.1,15.46,59,140,2.37,6.59,0.23,46,58,19.83,2.41,High,Popular
23100,SILVER BELLS TABLE DECORATION,2567.1,11.51,223,2094,9.39,1.25,0.03,180,214,14.26,9.79,Premium,Best-Seller
23101,SILVER STARS TABLE DECORATION,1574.6,8.03,196,1948,9.94,0.83,0.02,175,190,9.0,10.25,High,Best-Seller
23102,SILVER HEARTS TABLE DECORATION,1006.95,6.99,144,1245,8.65,0.83,0.02,128,139,7.87,8.96,High,Best-Seller
23103,BELL HEART DECORATION,387.0,43.0,9,252,28.0,1.63,0.07,9,9,43.0,28.0,Medium,Niche
23103,JINGLE BELL HEART DECORATION,6115.35,18.64,328,3715,11.33,1.65,0.02,224,310,27.3,11.98,Premium,Best-Seller
23104,IVORY CAFE HANGING LAMP ,1330.5,30.94,43,114,2.65,12.3,0.62,37,43,35.96,2.65,High,Occasional
23104,IVORY PANTRY HANGING LAMP ,25.0,25.0,1,2,2.0,12.5,,1,1,25.0,2.0,Low,Niche
23106,ZINC HEARTS PLANT POT HOLDER,780.83,15.62,50,287,5.74,2.77,0.72,48,50,16.27,5.74,High,Popular
23106,ZINC PLANT POT HOLDER,23.12,23.12,1,8,8.0,2.89,,1,1,23.12,8.0,Low,Niche
23107,WHITE HEARTS WIRE PLANT POT HOLDER,873.56,14.81,59,324,5.49,2.73,0.53,58,59,15.06,5.49,High,Popular
23107,WHITE WIRE PLANT POT HOLDER,46.24,23.12,2,16,8.0,2.89,0.0,2,2,23.12,8.0,Low,Niche
23108,SET OF 10 LED DOLLY LIGHTS,13265.33,35.95,369,2252,6.1,6.14,0.49,269,366,49.31,6.15,Premium,Best-Seller
23109,LED TEA LIGHTS,1679.24,29.99,56,596,10.64,2.88,0.07,54,54,31.1,11.04,High,Popular
23109,PACK OF SIX LED TEA LIGHTS,5088.05,27.96,182,1825,10.03,2.91,0.31,132,175,38.55,10.43,Premium,Best-Seller
23110,PARISIENNE KEY CABINET ,3978.45,15.98,249,715,2.87,5.72,0.16,158,247,25.18,2.89,Premium,Best-Seller
23111,PARISIENNE SEWING BOX,3748.0,26.58,141,320,2.27,12.29,0.63,80,140,46.85,2.29,Premium,Best-Seller
23112,PARISIENNE CURIO CABINET,3684.65,18.15,203,505,2.49,7.45,0.2,134,202,27.5,2.5,Premium,Best-Seller
23113,PANTRY CHOPPING BOARD,10498.92,214.26,49,2084,42.53,4.93,0.17,39,49,269.2,42.53,Premium,Popular
23114,VINTAGE LEAF CHOPPING BOARD  ,698.85,16.25,43,147,3.42,4.93,0.12,40,43,17.47,3.42,High,Occasional
23115,RED APPLES CHOPPING BOARD   ,698.85,17.47,40,147,3.68,4.93,0.13,38,38,18.39,3.87,High,Occasional
23116,VEGETABLE GARDEN CHOPPING BOARD,327.6,18.2,18,72,4.0,4.91,0.19,17,17,19.27,4.24,Medium,Occasional
23117,POPPY FIELDS CHOPPING BOARD,425.7,10.64,40,86,2.15,4.95,0.0,39,40,10.92,2.15,Medium,Occasional
23118,PARISIENNE JEWELLERY DRAWER ,5579.02,23.05,242,789,3.26,7.46,0.21,154,242,36.23,3.26,Premium,Best-Seller
23119,PACK OF 6 LARGE FRUIT STRAWS ,1276.33,10.82,118,2156,18.27,0.65,0.14,96,117,13.3,18.43,High,Popular
23120,PACK OF 6 SMALL FRUIT STRAWS,687.84,7.32,94,1720,18.3,0.42,0.01,69,81,9.97,21.23,High,Popular
23121,PACK OF 6 COCKTAIL PARASOL STRAWS,960.42,10.0,96,2465,25.68,0.42,0.01,81,87,11.86,28.33,High,Popular
23122,PARTY CHARMS 50 PIECES,1546.84,15.47,100,2084,20.84,0.82,0.03,89,95,17.38,21.94,High,Popular
23123,COCKTAIL SWORDS 50 PIECES,711.06,10.01,71,906,12.76,0.82,0.03,64,70,11.11,12.94,High,Popular
23124,18PC WOODEN CUTLERY SET DISPOSABLE,593.9,25.82,23,502,21.83,1.24,0.04,22,23,27.0,21.83,High,Occasional
23125,6PC WOOD PLATE SET DISPOSABLE,443.25,27.7,16,405,25.31,1.24,0.05,15,16,29.55,25.31,Medium,Occasional
23126,DOLLCRAFT GIRL AMELIE,178.2,22.28,8,36,4.5,4.95,0.0,8,8,22.28,4.5,Medium,Niche
23126,DOLLCRAFT GIRL AMELIE KIT,294.7,36.84,8,66,8.25,4.85,0.28,8,8,36.84,8.25,Medium,Niche
23126,FELTCRAFT GIRL AMELIE KIT,4883.53,18.29,267,999,3.74,5.02,0.72,186,260,26.26,3.84,Premium,Best-Seller
23127,DOLLCRAFT GIRL NICOLE,336.6,28.05,12,68,5.67,4.95,0.0,12,12,28.05,5.67,Medium,Occasional
23127,FELTCRAFT GIRL NICOLE KIT,3219.29,18.4,175,655,3.74,4.97,0.45,136,172,23.67,3.81,Premium,Best-Seller
23128,DOLLCRAFT BOY JEAN-PAUL ,373.9,31.16,12,82,6.83,4.88,0.23,12,12,31.16,6.83,Medium,Occasional
23128,FELTCRAFT BOY JEAN-PAUL KIT,1770.63,14.51,122,361,2.96,4.98,0.54,103,119,17.19,3.03,High,Popular
23129,HEART SHAPED HOLLY WREATH,3937.33,23.72,166,943,5.68,4.42,1.04,138,166,28.53,5.68,Premium,Best-Seller
23130,MISELTOE HEART WREATH ,312.8,62.56,5,80,16.0,4.07,0.18,5,5,62.56,16.0,Medium,Niche
23130,MISTLETOE HEART WREATH GREEN,3472.97,21.18,164,847,5.16,4.24,0.65,135,164,25.73,5.16,Premium,Best-Seller
23131,MISELTOE HEART WREATH CREAM,996.0,996.0,1,240,240.0,4.15,,1,1,996.0,240.0,High,Niche
23131,MISELTOE HEART WREATH WHITE,304.5,76.12,4,78,19.5,4.05,0.2,4,4,76.12,19.5,Medium,Niche
23131,MISTLETOE HEART WREATH CREAM,2361.18,22.07,107,582,5.44,4.21,0.57,86,105,27.46,5.54,Premium,Popular
23132,SMALL IVORY HEART WALL ORGANISER,5092.58,34.64,147,1026,6.98,5.74,0.86,115,144,44.28,7.12,Premium,Best-Seller
23133,LARGE IVORY HEART WALL ORGANISER,5151.16,38.16,135,760,5.63,7.99,0.61,94,135,54.8,5.63,Premium,Best-Seller
23134,LARGE ZINC HEART WALL ORGANISER,6414.48,173.36,37,1064,28.76,7.67,0.91,29,37,221.19,28.76,Premium,Occasional
23135,SMALL ZINC HEART WALL ORGANISER,5378.8,128.07,42,1538,36.62,5.19,1.0,31,42,173.51,36.62,Premium,Occasional
23136,IVORY WIRE SWEETHEART LETTER TRAY,467.05,10.61,44,127,2.89,3.73,0.1,39,44,11.98,2.89,Medium,Occasional
23137,ZINC WIRE SWEETHEART LETTER TRAY,253.24,12.66,20,80,4.0,3.45,0.77,18,20,14.07,4.0,Medium,Occasional
23138,SINGLE WIRE HOOK IVORY HEART,1226.55,15.14,81,887,10.95,1.45,0.03,60,76,20.44,11.67,High,Popular
23139,SINGLE WIRE HOOK PINK HEART,521.23,20.85,25,419,16.76,1.26,0.39,20,23,26.06,18.22,Medium,Occasional
23140,TRIPLE WIRE HOOK IVORY HEART,708.34,19.68,36,172,4.78,4.25,0.7,29,36,24.43,4.78,High,Occasional
23141,TRIPLE WIRE HOOK PINK HEART,215.0,11.94,18,68,3.78,3.59,1.29,18,18,11.94,3.78,Medium,Occasional
23142,IVORY WIRE KITCHEN ORGANISER,1157.2,30.45,38,118,3.11,10.3,0.34,34,38,34.04,3.11,High,Occasional
23143,ZINC WIRE KITCHEN ORGANISER,156.8,13.07,12,25,2.08,7.18,3.37,12,12,13.07,2.08,Medium,Occasional
23144,ZINC T-LIGHT HOLDER STARS SMALL,3916.5,16.25,241,4938,20.49,0.84,0.11,180,240,21.76,20.58,Premium,Best-Seller
23145,ZINC T-LIGHT HOLDER STAR LARGE,1906.99,12.63,151,2041,13.52,0.96,0.13,126,150,15.13,13.61,High,Best-Seller
23145,ZINC T-LIGHT HOLDER STARS LARGE,22.8,11.4,2,24,12.0,0.95,0.0,2,2,11.4,12.0,Low,Niche
23146,TRIPLE HOOK ANTIQUE IVORY ROSE,2699.99,11.3,239,831,3.48,3.28,0.06,151,233,17.88,3.57,Premium,Best-Seller
23147,SINGLE ANTIQUE ROSE HOOK IVORY,2694.6,10.32,261,1860,7.13,1.45,0.01,170,256,15.85,7.27,Premium,Best-Seller
23148,MINIATURE ANTIQUE ROSE HOOK IVORY,1726.49,6.99,247,2083,8.43,0.83,0.01,142,237,12.16,8.79,High,Best-Seller
23148,MINITURE ANTIQUE ROSE HOOK IVORY,40.8,10.2,4,48,12.0,0.85,0.0,4,4,10.2,12.0,Low,Niche
23149,ANTIQUE IVORY WIRE BOWL SMALL,268.92,12.81,21,108,5.14,2.49,0.0,18,21,14.94,5.14,Medium,Occasional
23150,IVORY SWEETHEART SOAP DISH,348.6,8.5,41,140,3.41,2.49,0.0,33,41,10.56,3.41,Medium,Occasional
23151,ZINC SWEETHEART SOAP DISH,106.9,5.35,20,60,3.0,1.98,0.8,18,19,5.94,3.16,Low,Occasional
23152,IVORY SWEETHEART WIRE LETTER RACK ,2039.76,13.16,155,552,3.56,3.74,0.05,108,152,18.89,3.63,Premium,Best-Seller
23153,ZINC SWEETHEART WIRE LETTER RACK,938.63,11.88,79,252,3.19,3.79,0.42,67,79,14.01,3.19,High,Popular
23154,SET OF 4 JAM JAR MAGNETS,5113.37,22.14,231,2533,10.97,2.08,0.14,141,217,36.27,11.67,Premium,Best-Seller
23155,KNICKERBOCKERGLORY MAGNET ASSORTED ,1809.05,14.24,127,2275,17.91,0.82,0.03,84,125,21.54,18.2,High,Popular
23156,SET OF 5 MINI GROCERY MAGNETS,3361.7,17.42,193,1662,8.61,2.09,0.21,117,186,28.73,8.94,Premium,Best-Seller
23157,SET OF 6 NATIVITY MAGNETS ,6001.79,38.72,155,3023,19.5,2.15,0.4,111,147,54.07,20.56,Premium,Best-Seller
23158,SET OF 5 LUCKY CAT MAGNETS ,5244.2,27.46,191,2597,13.6,2.17,0.44,95,189,55.2,13.74,Premium,Best-Seller
23159,SET OF 5 PANCAKE DAY MAGNETS,4648.01,22.78,204,2296,11.25,2.08,0.15,120,197,38.73,11.65,Premium,Best-Seller
23160,REGENCY TEA SPOON,1674.3,26.58,63,1410,22.38,1.23,0.06,50,62,33.49,22.74,High,Popular
23161,REGENCY CAKE FORK,1911.6,27.7,69,1620,23.48,1.23,0.06,58,69,32.96,23.48,High,Popular
23162,REGENCY TEA STRAINER,4789.24,33.73,142,1362,9.59,3.75,0.47,96,142,49.89,9.59,Premium,Best-Seller
23163,REGENCY SUGAR TONGS,4064.1,29.88,136,1769,13.01,2.43,0.15,95,136,42.78,13.01,Premium,Best-Seller
23164,REGENCY CAKE SLICE,2584.16,31.9,81,565,6.98,4.92,0.62,70,81,36.92,6.98,Premium,Popular
23165,LARGE CERAMIC TOP STORAGE JAR,4779.0,19.67,243,3056,12.58,1.63,0.06,167,238,28.62,12.84,Premium,Best-Seller
23166,MEDIUM CERAMIC TOP STORAGE JAR,158896.37,763.92,208,152410,732.74,1.22,0.08,138,205,1151.42,743.46,Premium,Best-Seller
23167,SMALL CERAMIC TOP STORAGE JAR ,4549.37,23.57,193,6191,32.08,0.83,0.11,129,186,35.27,33.28,Premium,Best-Seller
23168,CLASSIC CAFE SUGAR DISPENSER,3103.96,13.55,229,2688,11.74,1.23,0.11,132,226,23.51,11.89,Premium,Best-Seller
23168,CLASSIC SUGAR DISPENSER,247.32,20.61,12,216,18.0,1.2,0.09,12,12,20.61,18.0,Medium,Occasional
23169,CLASSIC GLASS COOKIE JAR,5737.65,20.13,285,1427,5.01,4.11,0.12,192,282,29.88,5.06,Premium,Best-Seller
23169,CLASSIC GLASS SWEET JAR,479.45,34.25,14,119,8.5,4.09,0.15,14,14,34.25,8.5,Medium,Occasional
23170,REGENCY TEA PLATE ROSES ,11237.09,32.95,341,7293,21.39,1.65,0.25,225,340,49.94,21.45,Premium,Best-Seller
23171,REGENCY TEA PLATE GREEN ,9331.15,33.81,276,6063,21.97,1.67,0.29,195,275,47.85,22.05,Premium,Best-Seller
23172,REGENCY TEA PLATE PINK,5947.58,25.53,233,3790,16.27,1.64,0.17,160,233,37.17,16.27,Premium,Best-Seller
23173,REGENCY TEAPOT ROSES ,23509.72,62.86,374,2718,7.27,9.69,1.02,248,367,94.8,7.41,Premium,Best-Seller
23174,REGENCY SUGAR BOWL GREEN,11920.74,41.68,286,3044,10.64,4.13,0.27,192,285,62.09,10.68,Premium,Best-Seller
23175,REGENCY MILK JUG PINK ,9233.5,32.51,284,3146,11.08,3.19,0.16,206,283,44.82,11.12,Premium,Best-Seller
23176,ABC TREASURE BOOK BOX ,4479.01,22.51,199,2135,10.73,2.26,0.24,159,196,28.17,10.89,Premium,Best-Seller
23177,TREASURE ISLAND BOOK BOX,5081.55,22.58,225,2451,10.89,2.24,0.05,174,219,29.2,11.19,Premium,Best-Seller
23178,JAM CLOCK MAGNET,859.95,14.33,60,317,5.28,2.82,0.57,50,58,17.2,5.47,High,Popular
23179,CLOCK MAGNET MUM'S KITCHEN,837.88,20.95,40,304,7.6,2.93,0.76,36,40,23.27,7.6,High,Occasional
23180,MUM'S KITCHEN CLOCK,476.85,12.89,37,105,2.84,4.77,0.76,29,37,16.44,2.84,Medium,Occasional
23181,BULL DOG BOTTLE TOP WALL CLOCK,1517.25,20.78,73,189,2.59,8.19,0.21,60,73,25.29,2.59,High,Popular
23182,TOILET SIGN OCCUPIED OR VACANT,2849.19,10.44,273,3428,12.56,0.88,0.28,140,260,20.35,13.18,Premium,Best-Seller
23183,MOTHER'S KITCHEN SPOON REST ,713.21,11.89,60,184,3.07,4.05,1.04,44,59,16.21,3.12,High,Popular
23184,BULL DOG BOTTLE OPENER,3813.85,18.79,203,791,3.9,5.1,1.01,129,201,29.56,3.94,Premium,Best-Seller
23185,FRENCH STYLE STORAGE JAR JAM,116.88,3.54,33,324,9.82,0.35,0.23,27,31,4.33,10.45,Medium,Occasional
23186,FRENCH STYLE STORAGE JAR CAFE ,828.7,11.35,73,1994,27.32,0.35,0.23,57,72,14.54,27.69,High,Popular
23187,FRENCH STYLE STORAGE JAR BONBONS,711.55,9.01,79,2375,30.06,0.33,0.18,66,78,10.78,30.45,High,Popular
23188,VINTAGE  2 METER FOLDING RULER,2923.92,18.39,159,1788,11.25,1.68,0.23,130,156,22.49,11.46,Premium,Best-Seller
23188,VINTAGE  2 METRE FOLDING RULER,2200.99,16.8,131,1323,10.1,1.74,0.37,103,128,21.37,10.34,Premium,Popular
23189,SET OF 12 FORK CANDLES,3322.24,28.89,115,1216,10.57,2.86,0.11,89,114,37.33,10.67,Premium,Popular
23190,BUNDLE OF 3 SCHOOL EXERCISE BOOKS  ,2694.44,14.8,182,1680,9.23,1.65,0.13,146,181,18.46,9.28,Premium,Best-Seller
23191,BUNDLE OF 3 RETRO EXERCISE BOOKS,99.0,19.8,5,60,12.0,1.65,0.0,5,5,19.8,12.0,Low,Niche
23191,BUNDLE OF 3 RETRO NOTE BOOKS,3426.35,13.49,254,2119,8.34,1.68,0.23,178,242,19.25,8.76,Premium,Best-Seller
23192,BUNDLE OF 3 ALPHABET EXERCISE BOOKS,5230.17,16.04,326,3289,10.09,1.65,0.16,224,314,23.35,10.47,Premium,Best-Seller
23193,BUFFALO BILL TREASURE BOOK BOX,3813.57,25.59,149,1875,12.58,2.26,0.28,109,143,34.99,13.11,Premium,Best-Seller
23194,GYMKHANA TREASURE BOOK BOX,3510.08,20.53,171,1671,9.77,2.25,0.19,129,164,27.21,10.19,Premium,Best-Seller
23194,GYMKHANNA TREASURE BOOK BOX,261.84,18.7,14,120,8.57,2.19,0.08,14,14,18.7,8.57,Medium,Occasional
23196,LEAVES MAGNETIC  SHOPPING LIST,34.8,17.4,2,24,12.0,1.45,0.0,2,2,17.4,12.0,Low,Niche
23196,RETO LEAVES MAGNETIC SHOPPING LIST,52.2,17.4,3,36,12.0,1.45,0.0,3,3,17.4,12.0,Low,Niche
23196,RETRO LEAVES MAGNETIC NOTEPAD,150.8,7.54,20,104,5.2,1.45,0.0,17,17,8.87,6.12,Medium,Occasional
23196,VINTAGE LEAF MAGNETIC NOTEPAD,2265.85,10.25,221,1609,7.28,1.44,0.04,159,214,14.25,7.52,Premium,Best-Seller
23197,SKETCHBOOK MAGNETIC SHOPPING LIST,1957.49,10.3,190,1357,7.14,1.54,0.41,113,187,17.32,7.26,High,Best-Seller
23197,VEGETABLE MAGNETIC  SHOPPING LIST,49.8,16.6,3,36,12.0,1.38,0.12,3,3,16.6,12.0,Low,Niche
23198,PANTRY MAGNETIC  SHOPPING LIST,4439.79,11.1,400,3131,7.83,1.48,0.26,259,388,17.14,8.07,Premium,Best-Seller
23199,JUMBO BAG APPLES,27760.51,37.16,747,14610,19.56,2.06,0.18,344,739,80.7,19.77,Premium,Best-Seller
23200,JUMBO BAG PEARS,13286.87,27.51,483,6867,14.22,2.07,0.18,262,476,50.71,14.43,Premium,Best-Seller
23201,JUMBO BAG ALPHABET,25251.02,32.58,775,13134,16.95,2.06,0.13,396,766,63.77,17.15,Premium,Best-Seller
23202,JUMBO BAG VINTAGE LEAF,21404.31,27.2,787,10957,13.92,2.08,0.21,376,777,56.93,14.1,Premium,Best-Seller
23203,JUMBO BAG DOILEY PATTERNS,16787.02,36.34,462,8759,18.96,2.05,0.09,299,458,56.14,19.12,Premium,Best-Seller
23203,JUMBO BAG VINTAGE DOILEY ,268.44,44.74,6,143,23.83,2.03,0.12,6,6,44.74,23.83,Medium,Niche
23203,JUMBO BAG VINTAGE DOILY ,21705.32,33.55,647,11204,17.32,2.06,0.07,365,634,59.47,17.67,Premium,Best-Seller
23204,CHARLOTTE BAG APPLES DESIGN,5770.49,13.27,435,7225,16.61,0.84,0.03,199,433,29.0,16.69,Premium,Best-Seller
23205,CHARLOTTE BAG ALPHABET  DESIGN,320.5,14.57,22,400,18.18,0.84,0.04,22,22,14.57,18.18,Medium,Occasional
23205,CHARLOTTE BAG VINTAGE ALPHABET ,3926.47,11.72,335,4943,14.76,0.85,0.09,192,331,20.45,14.93,Premium,Best-Seller
23206,LUNCH BAG APPLE DESIGN,18373.75,20.26,907,11623,12.81,1.64,0.04,401,878,45.82,13.24,Premium,Best-Seller
23207,LUNCH BAG ALPHABET DESIGN,12688.66,18.55,684,8002,11.7,1.65,0.14,377,660,33.66,12.12,Premium,Best-Seller
23208,LUNCH BAG VINTAGE LEAF DESIGN,10114.65,16.37,618,6297,10.19,1.64,0.03,304,600,33.27,10.5,Premium,Best-Seller
23209,LUNCH BAG DOILEY PATTERN ,10337.9,21.76,475,6486,13.65,1.64,0.04,290,468,35.65,13.86,Premium,Best-Seller
23209,LUNCH BAG VINTAGE DOILEY ,115.5,28.88,4,70,17.5,1.65,0.0,4,4,28.88,17.5,Medium,Niche
23209,LUNCH BAG VINTAGE DOILY ,10429.96,18.59,561,6488,11.57,1.65,0.11,319,545,32.7,11.9,Premium,Best-Seller
23210,WHITE ROCKING HORSE HAND PAINTED,3595.01,21.02,171,3001,17.55,1.24,0.04,114,156,31.54,19.24,Premium,Best-Seller
23211,RED ROCKING HORSE HAND PAINTED,2662.75,22.19,120,2231,18.59,1.24,0.04,81,116,32.87,19.23,Premium,Popular
23212,HEART WREATH DECORATION WITH BELL,2642.63,16.94,156,2227,14.28,1.24,0.05,103,147,25.66,15.15,Premium,Best-Seller
23212,PAINTED HEART WREATH WITH BELL,15.0,15.0,1,12,12.0,1.25,,1,1,15.0,12.0,Low,Niche
23213,STAR WREATH DECORATION WITH BELL,1938.19,15.38,126,1607,12.75,1.24,0.04,95,122,20.4,13.17,High,Popular
23214,BELL HEART ANTIQUE GOLD,24.96,24.96,1,12,12.0,2.08,,1,1,24.96,12.0,Low,Niche
23214,JINGLE BELL HEART ANTIQUE GOLD,1610.27,16.6,97,765,7.89,2.18,0.46,78,91,20.64,8.41,High,Popular
23215,JINGLE BELL HEART ANTIQUE SILVER,7176.84,35.18,204,3667,17.98,2.14,0.38,162,198,44.3,18.52,Premium,Best-Seller
23216,LAUREL HEART ANTIQUE GOLD,613.51,14.96,41,518,12.63,1.35,0.38,32,40,19.17,12.95,High,Occasional
23217,LAUREL HEART ANTIQUE SILVER,1567.0,18.22,86,1290,15.0,1.4,0.43,64,84,24.48,15.36,High,Popular
23218,LAUREL STAR ANTIQUE GOLD,465.81,14.12,33,372,11.27,1.38,0.41,27,33,17.25,11.27,Medium,Occasional
23219,LAUREL STAR ANTIQUE SILVER ,504.6,9.7,52,404,7.77,1.31,0.29,41,49,12.31,8.24,Medium,Popular
23220,REINDEER HEART DECORATION GOLD,775.26,9.81,79,930,11.77,0.91,0.24,55,77,14.1,12.08,High,Popular
23221,REINDEER HEART DECORATION SILVER,1289.73,10.93,118,1519,12.87,0.91,0.24,85,113,15.17,13.44,High,Popular
23222,CHRISTMAS TREE HANGING GOLD,700.6,10.46,67,788,11.76,0.96,0.3,49,65,14.3,12.12,High,Popular
23223,CHRISTMAS TREE HANGING SILVER ,671.77,9.6,70,747,10.67,0.94,0.28,51,67,13.17,11.15,High,Popular
23224,CHERUB HEART DECORATION GOLD,632.07,10.36,61,733,12.02,0.93,0.28,44,61,14.37,12.02,High,Popular
23225,CHERUB HEART DECORATION SILVER ,1150.19,15.76,73,1369,18.75,0.95,0.3,46,72,25.0,19.01,High,Popular
23226,FILIGREE HEART DAISY WHITE,1538.59,21.08,73,1247,17.08,1.24,0.04,56,72,27.47,17.32,High,Popular
23227,FILIGREE HEART BUTTERFLY WHITE ,1954.56,21.96,89,1598,17.96,1.27,0.19,61,89,32.04,17.96,High,Popular
23228,FILIGREE HEART BIRD WHITE ,1876.06,23.45,80,1541,19.26,1.39,0.41,58,79,32.35,19.51,High,Popular
23229,DONKEY TAIL GAME ,189.54,47.39,4,54,13.5,3.66,0.18,4,4,47.38,13.5,Medium,Niche
23229,VINTAGE DONKEY TAIL GAME ,6187.78,28.13,220,1761,8.0,3.78,0.52,183,220,33.81,8.0,Premium,Best-Seller
23230,WRAP ALPHABET DESIGN,3228.0,13.74,235,8000,34.04,0.42,0.01,178,234,18.13,34.19,Premium,Best-Seller
23231,WRAP  VINTAGE DOILEY ,42.0,21.0,2,100,50.0,0.42,0.0,2,2,21.0,50.0,Low,Niche
23231,WRAP  VINTAGE DOILY ,1029.0,11.06,93,2450,26.34,0.42,0.0,80,93,12.86,26.34,High,Popular
23231,WRAP DOILEY DESIGN,1905.0,11.83,161,4650,28.88,0.42,0.01,123,161,15.49,28.88,High,Best-Seller
23232,WRAP VINTAGE LEAF DESIGN,2151.84,15.37,140,5352,38.23,0.42,0.01,118,136,18.24,39.35,Premium,Best-Seller
23232,WRAP VINTAGE PETALS  DESIGN,1338.0,12.74,105,3300,31.43,0.42,0.01,94,104,14.23,31.73,High,Popular
23233,WRAP POPPIES  DESIGN,2105.5,13.24,159,5175,32.55,0.42,0.01,129,158,16.32,32.75,Premium,Best-Seller
23234,BISCUIT TIN VINTAGE CHRISTMAS,5090.77,21.21,240,1843,7.68,2.92,0.38,200,237,25.45,7.78,Premium,Best-Seller
23235,BISCUIT TIN VINTAGE LEAF,64.56,21.52,3,24,8.0,2.76,0.23,3,3,21.52,8.0,Low,Niche
23235,STORAGE TIN VINTAGE LEAF,1878.59,18.24,103,719,6.98,2.75,0.44,87,100,21.59,7.19,High,Popular
23236,DOILEY BISCUIT TIN,327.6,25.2,13,120,9.23,2.86,0.11,13,13,25.2,9.23,Medium,Occasional
23236,DOILEY STORAGE TIN,2949.43,25.0,118,1087,9.21,2.87,0.09,93,117,31.71,9.29,Premium,Popular
23236,STORAGE TIN VINTAGE DOILEY ,17.34,17.34,1,6,6.0,2.89,,1,1,17.34,6.0,Low,Niche
23236,STORAGE TIN VINTAGE DOILY ,3559.95,19.78,180,1255,6.97,2.98,0.53,125,169,28.48,7.43,Premium,Best-Seller
23237,SET OF 4 KNICK KNACK TINS LEAF,3031.9,24.26,125,754,6.03,4.13,0.08,96,124,31.58,6.08,Premium,Popular
23237,SET OF 4 KNICK KNACK TINS LEAVES ,1224.75,22.68,54,301,5.57,4.13,0.09,50,54,24.5,5.57,High,Popular
23238,SET OF 4 KNICK KNACK TINS LONDON ,7236.2,28.72,252,1804,7.16,4.13,0.09,150,241,48.24,7.49,Premium,Best-Seller
23239,SET OF 4 KNICK KNACK TINS POPPIES,3278.95,19.18,171,845,4.94,3.92,0.71,124,163,26.44,5.18,Premium,Best-Seller
23240,SET OF 4 KNICK KNACK TINS  DOILEY ,24.9,24.9,1,6,6.0,4.15,,1,1,24.9,6.0,Low,Niche
23240,SET OF 4 KNICK KNACK TINS DOILEY ,7207.0,39.6,182,1820,10.0,4.12,0.1,141,178,51.11,10.22,Premium,Best-Seller
23240,SET OF 4 KNICK KNACK TINS DOILY ,9382.15,28.34,331,2321,7.01,4.14,0.07,230,322,40.79,7.21,Premium,Best-Seller
23241,TREASURE TIN GYMKHANA DESIGN,4114.08,13.71,300,2031,6.77,2.08,0.03,183,289,22.48,7.03,Premium,Best-Seller
23242,TREASURE TIN BUFFALO BILL ,2954.72,14.85,199,1463,7.35,2.07,0.04,132,190,22.38,7.7,Premium,Best-Seller
23243,SET OF TEA COFFEE SUGAR TINS PANTRY,22669.48,53.59,423,4778,11.3,4.89,0.27,275,419,82.43,11.4,Premium,Best-Seller
23244,CANNISTER VINTAGE LEAF DESIGN,23.4,11.7,2,12,6.0,1.95,0.0,2,2,11.7,6.0,Low,Niche
23244,ROUND STORAGE TIN VINTAGE LEAF,1569.46,15.54,101,862,8.53,1.97,0.32,80,101,19.62,8.53,High,Popular
23244,STORAGE TIN VINTAGE LEAF,117.0,16.71,7,60,8.57,1.95,0.0,7,7,16.71,8.57,Medium,Niche
23245,SET OF 3 REGENCY CAKE TINS,27027.38,35.42,763,5942,7.79,4.93,0.65,471,754,57.38,7.88,Premium,Best-Seller
23247,BISCUIT TIN 50'S CHRISTMAS,5913.74,20.97,282,2106,7.47,2.97,0.52,231,276,25.6,7.63,Premium,Best-Seller
23249,ENAMEL DINNER PLATE PANTRY,19.8,19.8,1,12,12.0,1.65,,1,1,19.8,12.0,Low,Niche
23249,VINTAGE RED ENAMEL TRIM PLATE,1362.41,18.17,75,845,11.27,1.64,0.04,56,74,24.33,11.42,High,Popular
23250,ENAMEL BOWL PANTRY,30.0,15.0,2,24,12.0,1.25,0.0,2,2,15.0,12.0,Low,Niche
23250,VINTAGE RED TRIM ENAMEL BOWL ,1470.39,15.48,95,1200,12.63,1.24,0.04,64,95,22.97,12.63,High,Popular
23251,ENAMEL MUG PANTRY,15.0,15.0,1,12,12.0,1.25,,1,1,15.0,12.0,Low,Niche
23251,VINTAGE RED ENAMEL TRIM MUG ,2014.2,18.82,107,1692,15.81,1.24,0.04,80,106,25.18,15.96,High,Popular
23252,ENAMEL JUG PANTRY,30.0,15.0,2,8,4.0,3.75,0.0,2,2,15.0,4.0,Low,Niche
23252,VINTAGE RED ENAMEL TRIM JUG ,2262.09,17.01,133,615,4.62,3.74,0.06,104,130,21.75,4.73,Premium,Best-Seller
23253,16 PC CUTLERY SET PANTRY DESIGN,63.8,63.8,1,4,4.0,15.95,,1,1,63.8,4.0,Low,Niche
23253,16 PIECE CUTLERY SET PANTRY DESIGN,3050.2,63.55,48,212,4.42,15.66,0.96,44,48,69.32,4.42,Premium,Popular
23254,CHILDRENS CUTLERY DOLLY GIRL ,6637.6,23.37,284,1648,5.8,4.14,0.05,197,276,33.69,5.97,Premium,Best-Seller
23254,KIDS CUTLERY DOLLY GIRL ,149.4,18.68,8,36,4.5,4.15,0.0,8,8,18.68,4.5,Medium,Niche
23255,CHILDRENS CUTLERY CIRCUS PARADE,3893.94,26.49,147,972,6.61,4.16,0.35,116,146,33.57,6.66,Premium,Best-Seller
23256,CHILDRENS CUTLERY SPACEBOY ,8312.38,25.19,330,2070,6.27,4.15,0.24,226,324,36.78,6.39,Premium,Best-Seller
23256,KIDS CUTLERY SPACEBOY ,149.4,18.68,8,36,4.5,4.15,0.0,8,8,18.68,4.5,Medium,Niche
23263,SET OF 3 WOODEN HEART DECORATIONS,4887.83,11.21,436,3794,8.7,1.32,0.28,269,394,18.17,9.63,Premium,Best-Seller
23264,SET OF 3 WOODEN SLEIGH DECORATIONS,2401.7,8.96,268,1846,6.89,1.32,0.29,177,250,13.57,7.38,Premium,Best-Seller
23265,SET OF 3 WOODEN TREE DECORATIONS,2191.21,8.06,272,1695,6.23,1.32,0.28,180,248,12.17,6.83,Premium,Best-Seller
23266,SET OF 3 WOODEN STOCKING DECORATION,2558.39,8.59,298,1987,6.67,1.31,0.27,201,275,12.73,7.23,Premium,Best-Seller
23267,SET OF 4 SANTA PLACE SETTINGS,1487.34,15.66,95,1206,12.69,1.25,0.02,79,92,18.83,13.11,High,Popular
23268,SET OF 2 CERAMIC CHRISTMAS REINDEER,2237.58,27.97,80,1638,20.48,1.51,0.33,67,79,33.4,20.73,Premium,Popular
23269,SET OF 2 CERAMIC CHRISTMAS TREES,1075.55,13.61,79,755,9.56,1.45,0.02,63,76,17.07,9.93,High,Popular
23270,SET OF 2 CERAMIC PAINTED HEARTS ,1754.6,13.82,127,1268,9.98,1.44,0.04,96,120,18.28,10.57,High,Popular
23271,CHRISTMAS TABLE CANDLE SILVER SPIKE,13.28,13.28,1,16,16.0,0.83,,1,1,13.28,16.0,Low,Niche
23271,CHRISTMAS TABLE SILVER CANDLE SPIKE,1303.54,16.93,77,1606,20.86,0.84,0.09,68,74,19.17,21.7,High,Popular
23272,TREE T-LIGHT HOLDER WILLIE WINKIE,522.74,14.94,35,352,10.06,1.56,0.62,34,35,15.37,10.06,Medium,Occasional
23273,HEART T-LIGHT HOLDER WILLIE WINKIE,1540.44,15.1,102,932,9.14,1.68,0.23,88,101,17.5,9.23,High,Popular
23274,STAR T-LIGHT HOLDER WILLIE WINKIE,1880.01,17.9,105,1145,10.9,1.74,0.38,85,101,22.12,11.34,High,Popular
23275,SET OF 3 HANGING OWLS OLLIE BEAK,4422.83,15.3,289,3719,12.87,1.29,0.23,171,274,25.86,13.57,Premium,Best-Seller
23280,FOLDING BUTTERFLY MIRROR HOT PINK ,1429.65,10.91,131,1841,14.05,0.83,0.15,85,129,16.82,14.27,High,Popular
23280,FOLDING MIRROR HOT PINK ,118.92,23.78,5,156,31.2,0.81,0.05,5,5,23.78,31.2,Medium,Niche
23281,FOLDING BUTTERFLY MIRROR RED  ,961.28,10.45,92,1252,13.61,0.82,0.03,56,89,17.17,14.07,High,Popular
23281,FOLDING MIRROR RED  ,14.94,7.47,2,18,9.0,0.83,0.0,2,2,7.47,9.0,Low,Niche
23282,FOLDING BUTTERFLY MIRROR IVORY ,597.78,5.86,102,735,7.21,0.87,0.28,67,100,8.92,7.35,High,Popular
23282,FOLDING MIRROR IVORY ,14.94,7.47,2,18,9.0,0.83,0.0,2,2,7.47,9.0,Low,Niche
23283,DOORMAT VINTAGE LEAF,3824.02,31.09,123,548,4.46,8.09,1.18,100,123,38.24,4.46,Premium,Popular
23283,DOORMAT VINTAGE LEAVES DESIGN ,2833.7,32.2,88,426,4.84,7.67,0.59,75,88,37.78,4.84,Premium,Popular
23284,DOORMAT KEEP CALM AND COME IN,37507.15,56.74,661,5566,8.42,7.91,1.18,377,654,99.49,8.51,Premium,Best-Seller
23285,PINK VINTAGE SPOT BEAKER,4386.53,32.98,133,4681,35.2,0.85,0.04,108,133,40.62,35.2,Premium,Best-Seller
23286,BLUE VINTAGE SPOT BEAKER,4569.94,27.36,167,4950,29.64,0.85,0.04,126,167,36.27,29.64,Premium,Best-Seller
23287,RED VINTAGE SPOT BEAKER,1495.65,9.9,151,1833,12.14,0.85,0.02,115,148,13.01,12.39,High,Best-Seller
23288,GREEN VINTAGE SPOT BEAKER,4277.06,30.77,139,4523,32.54,0.85,0.04,107,138,39.97,32.78,Premium,Best-Seller
23289,DOLLY GIRL CHILDRENS BOWL,1869.85,12.81,146,1565,10.72,1.25,0.03,111,145,16.85,10.79,High,Best-Seller
23290,SPACEBOY CHILDRENS BOWL,2769.65,15.74,176,2377,13.51,1.24,0.04,125,176,22.16,13.51,Premium,Best-Seller
23291,DOLLY GIRL CHILDRENS CUP,1893.89,12.71,149,1559,10.46,1.27,0.17,104,147,18.21,10.61,High,Best-Seller
23292,SPACE BOY CHILDRENS CUP,143.3,28.66,5,130,26.0,1.21,0.09,5,5,28.66,26.0,Medium,Niche
23292,SPACEBOY CHILDRENS CUP,2370.57,14.2,167,1973,11.81,1.26,0.17,112,165,21.17,11.96,Premium,Best-Seller
23293,SET OF 12 FAIRY CAKE BAKING CASES,6496.01,13.53,480,8275,17.24,0.82,0.02,323,470,20.11,17.61,Premium,Best-Seller
23294,SET OF 6 SNACK LOAF BAKING CASES,3370.97,11.02,306,4305,14.07,0.82,0.02,214,295,15.75,14.59,Premium,Best-Seller
23295,SET OF 12 MINI LOAF BAKING CASES,4686.4,12.5,375,5976,15.94,0.82,0.02,250,364,18.75,16.42,Premium,Best-Seller
23296,SET OF 6 TEA TIME BAKING CASES,5720.9,17.34,330,4906,14.87,1.24,0.05,243,325,23.54,15.1,Premium,Best-Seller
23297,SET 40 HEART SHAPE PETIT FOUR CASES,6719.9,46.03,146,4286,29.36,1.64,0.05,123,144,54.63,29.76,Premium,Best-Seller
23298,"BUNTING , SPOTTY ",634.7,90.67,7,146,20.86,4.72,0.39,7,7,90.67,20.86,High,Niche
23298,SPOTTY BUNTING,36022.06,35.01,1029,7749,7.53,4.92,0.16,571,1015,63.09,7.63,Premium,Best-Seller
23299,"FOOD COVER WITH BEADS , SET 2 SIZES",11.25,11.25,1,3,3.0,3.75,,1,1,11.25,3.0,Low,Niche
23299,FOOD COVER WITH BEADS SET 2 ,3586.42,28.69,125,988,7.9,3.79,0.48,109,123,32.9,8.03,Premium,Popular
23300,GARDENERS KNEELING PAD CUP OF TEA ,10194.99,15.54,656,6455,9.84,1.66,0.21,351,642,29.05,10.05,Premium,Best-Seller
23301,GARDENERS KNEELING PAD KEEP CALM ,12642.58,16.25,778,7842,10.08,1.66,0.21,404,766,31.29,10.24,Premium,Best-Seller
23302,KNEELING MAT HOUSEWORK  DESIGN,2048.15,10.34,198,1517,7.66,1.58,0.23,140,192,14.63,7.9,Premium,Best-Seller
23303,SET 4 PICNIC CUTLERY FONDANT,126.75,21.12,6,65,10.83,1.95,0.0,6,6,21.12,10.83,Medium,Niche
23304,SET 4 PICNIC CUTLERY CHERRY ,138.45,15.38,9,71,7.89,1.95,0.0,9,9,15.38,7.89,Medium,Niche
23305,SET 4 PICNIC CUTLERY BLUEBERRY,159.9,17.77,9,82,9.11,1.95,0.0,9,9,17.77,9.11,Medium,Niche
23306,SET OF 36 DOILIES PANTRY DESIGN,3772.07,19.05,198,2660,13.43,1.45,0.11,172,197,21.93,13.5,Premium,Best-Seller
23306,SET OF 36 PANTRY PAPER DOILIES,58.02,3.87,15,39,2.6,1.55,0.38,14,14,4.14,2.79,Low,Occasional
23307,SET OF 60 PANTRY DESIGN CAKE CASES ,6030.49,11.29,534,11763,22.03,0.56,0.09,366,509,16.48,23.11,Premium,Best-Seller
23308,SET OF 60 VINTAGE LEAF CAKE CASES ,3098.21,9.77,317,5967,18.82,0.56,0.11,209,305,14.82,19.56,Premium,Best-Seller
23309,SET OF 60 I LOVE LONDON CAKE CASES ,3777.45,11.8,320,7815,24.42,0.57,0.14,178,298,21.22,26.22,Premium,Best-Seller
23310,BUBBLEGUM RING ASSORTED,4894.83,22.87,214,11891,55.57,0.43,0.07,146,213,33.53,55.83,Premium,Best-Seller
23311,VINTAGE CHRISTMAS STOCKING ,5587.2,19.47,287,2208,7.69,2.55,0.05,246,284,22.71,7.77,Premium,Best-Seller
23312,VINTAGE CHRISTMAS GIFT SACK,5531.3,27.8,199,1366,6.86,4.14,0.06,168,194,32.92,7.04,Premium,Best-Seller
23313,VINTAGE CHRISTMAS BUNTING,13029.42,35.03,372,2762,7.42,4.95,0.46,253,360,51.5,7.67,Premium,Best-Seller
23314,VINTAGE CHRISTMAS TABLECLOTH,4726.02,43.76,108,398,3.69,12.44,0.35,87,106,54.32,3.75,Premium,Popular
23315,IVORY REFECTORY CLOCK,1992.5,25.88,77,214,2.78,9.81,0.49,63,77,31.63,2.78,High,Popular
23316,RED REFECTORY CLOCK ,2232.15,23.01,97,237,2.44,9.82,0.47,75,96,29.76,2.47,Premium,Popular
23317,BLUE REFECTORY CLOCK ,1557.9,21.94,71,162,2.28,9.87,0.36,56,70,27.82,2.31,High,Popular
23318,BOX OF 6 MINI VINTAGE CRACKERS,8689.24,25.33,343,3803,11.09,2.45,0.12,269,335,32.3,11.35,Premium,Best-Seller
23319,BOX OF 6 MINI 50'S CRACKERS,8461.76,21.87,387,3655,9.44,2.46,0.11,300,371,28.21,9.85,Premium,Best-Seller
23320,GIANT 50'S CHRISTMAS CRACKER,6963.68,21.56,323,2648,8.2,2.66,0.56,260,312,26.78,8.49,Premium,Best-Seller
23321,SMALL WHITE HEART OF WICKER,6897.18,11.33,609,4322,7.1,1.64,0.05,378,586,18.25,7.38,Premium,Best-Seller
23322,LARGE WHITE HEART OF WICKER,8354.55,15.53,538,2971,5.52,2.95,0.2,350,521,23.87,5.7,Premium,Best-Seller
23323,WHITE WICKER STAR ,2969.4,10.42,285,1429,5.01,2.1,0.03,210,273,14.14,5.23,Premium,Best-Seller
23324,RUSTIC STRAWBERRY JAM POT LARGE ,599.35,17.12,35,296,8.46,2.07,0.05,32,35,18.73,8.46,High,Occasional
23324,RUSTIC STRAWBERRY JAMPOT LARGE ,238.56,39.76,6,120,20.0,2.04,0.09,6,6,39.76,20.0,Medium,Niche
23325,RUSTIC STRAWBERRY JAM POT SMALL,671.7,22.39,30,426,14.2,1.62,0.07,24,30,27.99,14.2,High,Occasional
23325,RUSTIC STRAWBERRY JAMPOT SMALL,59.4,19.8,3,36,12.0,1.65,0.0,3,3,19.8,12.0,Low,Niche
23326,HANGING MINI COLOURED BOTTLES,2000.22,35.72,56,3370,60.18,0.62,0.03,52,55,38.47,61.27,High,Popular
23327,HANGING CLEAR MINI BOTTLE,1016.74,27.48,37,1718,46.43,0.62,0.03,33,36,30.81,47.72,High,Occasional
23328,SET 6 SCHOOL MILK BOTTLES IN CRATE,7539.93,25.65,294,2075,7.06,3.72,0.21,195,286,38.67,7.26,Premium,Best-Seller
23329,DECORATIVE WICKER HEART LARGE,2817.75,11.55,244,1715,7.03,1.65,0.02,168,216,16.77,7.94,Premium,Best-Seller
23330,DECORATIVE WICKER HEART MEDIUM,2201.19,10.43,211,1767,8.37,1.25,0.01,158,196,13.93,9.02,Premium,Best-Seller
23331,DECORATIVE WICKER HEART SMALL,932.28,10.84,86,1492,17.35,0.63,0.01,67,81,13.91,18.42,High,Popular
23332,IVORY WICKER HEART LARGE,3287.1,11.66,282,1998,7.09,1.65,0.02,207,268,15.88,7.46,Premium,Best-Seller
23333,IVORY WICKER HEART MEDIUM,2539.9,10.9,233,2042,8.76,1.25,0.02,179,217,14.19,9.41,Premium,Best-Seller
23334,IVORY WICKER HEART SMALL,1345.5,13.32,101,2154,21.33,0.63,0.01,83,95,16.21,22.67,High,Popular
23335,EGG FRYING PAN IVORY ,747.52,8.9,84,370,4.4,2.07,0.04,61,82,12.25,4.51,High,Popular
23336,EGG FRYING PAN PINK ,415.97,6.5,64,199,3.11,2.11,0.26,45,62,9.24,3.21,Medium,Popular
23337,EGG FRYING PAN MINT ,351.52,5.86,60,169,2.82,2.08,0.0,49,60,7.17,2.82,Medium,Popular
23338,EGG FRYING PAN RED ,830.72,9.13,91,410,4.51,2.07,0.03,61,91,13.62,4.51,High,Popular
23339,EGG FRYING PAN BLUE ,307.84,5.5,56,148,2.64,2.08,0.0,42,56,7.33,2.64,Medium,Popular
23340,VINTAGE CHRISTMAS CAKE FRILL,3899.25,31.45,124,2465,19.88,1.65,0.03,112,122,34.81,20.2,Premium,Popular
23341,PINK DINER WALL CLOCK,2325.6,23.49,99,282,2.85,8.46,0.19,75,98,31.01,2.88,Premium,Popular
23342,MINT DINER CLOCK,17.0,17.0,1,2,2.0,8.5,,1,1,17.0,2.0,Low,Niche
23342,MINT DINER WALL CLOCK,3060.0,19.49,157,366,2.33,8.48,0.12,104,155,29.42,2.36,Premium,Best-Seller
23343,JUMBO BAG VINTAGE CHRISTMAS ,10251.94,25.5,402,5178,12.88,2.08,0.16,285,391,35.97,13.24,Premium,Best-Seller
23344,JUMBO BAG 50'S CHRISTMAS ,18166.68,29.83,609,9216,15.13,2.07,0.14,391,593,46.46,15.54,Premium,Best-Seller
23345, DOLLY GIRL BEAKER,2768.25,19.77,140,2405,17.18,1.24,0.03,101,135,27.41,17.81,Premium,Best-Seller
23346,SPACEBOY BEAKER,2983.25,20.86,143,2577,18.02,1.24,0.03,106,139,28.14,18.54,Premium,Best-Seller
23347,I LOVE LONDON BEAKER,1042.25,14.08,74,861,11.64,1.25,0.02,51,73,20.44,11.79,High,Popular
23348,CHILDRENS TOY COOKING UTENSIL SET,1418.74,10.51,135,703,5.21,2.07,0.05,95,130,14.93,5.41,High,Best-Seller
23349,ROLL WRAP VINTAGE CHRISTMAS,3477.89,13.48,258,2869,11.12,1.25,0.03,214,247,16.25,11.62,Premium,Best-Seller
23350,ROLL WRAP VINTAGE SPOT ,3180.65,12.42,256,2605,10.18,1.25,0.03,205,247,15.52,10.55,Premium,Best-Seller
23351,ROLL WRAP 50'S CHRISTMAS,3788.9,13.53,280,3142,11.22,1.24,0.04,242,273,15.66,11.51,Premium,Best-Seller
23352,ROLL WRAP 50'S RED CHRISTMAS ,1964.76,11.91,165,1596,9.67,1.25,0.02,151,162,13.01,9.85,High,Best-Seller
23353,6 GIFT TAGS VINTAGE CHRISTMAS ,3086.25,11.78,262,3747,14.3,0.83,0.01,227,254,13.6,14.75,Premium,Best-Seller
23354,6 GIFT TAGS 50'S CHRISTMAS ,2793.26,10.23,273,3394,12.43,0.83,0.01,235,263,11.89,12.9,Premium,Best-Seller
23355,HOT WATER BOTTLE KEEP CALM,24624.9,33.01,746,5382,7.21,4.87,0.24,473,725,52.06,7.42,Premium,Best-Seller
23356,LOVE HOT WATER BOTTLE,13168.95,27.72,475,2361,4.97,5.89,0.23,316,451,41.67,5.24,Premium,Best-Seller
23357,HOT WATER BOTTLE SEX BOMB,1843.55,20.26,91,435,4.78,4.45,1.12,79,88,23.34,4.94,High,Popular
23358,HOT STUFF HOT WATER BOTTLE,1697.4,24.6,69,530,7.68,3.45,0.81,61,68,27.83,7.79,High,Popular
23359,SET OF 12 T-LIGHTS VINTAGE DOILEY,118.95,19.82,6,61,10.17,1.95,0.0,6,6,19.82,10.17,Medium,Niche
23359,SET OF 12 T-LIGHTS VINTAGE DOILY,1721.7,24.25,71,918,12.93,1.93,0.08,67,70,25.7,13.11,High,Popular
23360,SET 8 CANDLES VINTAGE DOILEY,216.3,30.9,7,122,17.43,1.91,0.11,7,7,30.9,17.43,Medium,Niche
23360,SET 8 CANDLES VINTAGE DOILY,1941.75,18.49,105,1029,9.8,1.94,0.04,88,100,22.07,10.29,High,Popular
23365,SET 12 COLOUR PENCILS LOVE LONDON,992.75,7.46,133,1531,11.51,0.65,0.01,107,128,9.28,11.96,High,Best-Seller
23366,SET 12 COLOUR PENCILS DOILEY,31.2,10.4,3,48,16.0,0.65,0.0,3,3,10.4,16.0,Low,Niche
23366,SET 12 COLOURING PENCILS DOILEY,0.65,0.65,1,1,1.0,0.65,,1,1,0.65,1.0,Low,Niche
23366,SET 12 COLOURING PENCILS DOILY,1179.7,8.37,141,1874,13.29,0.65,0.01,112,137,10.53,13.68,High,Best-Seller
23367,SET 12 COLOUR PENCILS SPACEBOY ,1818.25,7.61,239,2801,11.72,0.65,0.01,184,232,9.88,12.07,High,Best-Seller
23368,SET 12 COLOUR PENCILS DOLLY GIRL ,1402.25,7.5,187,2161,11.56,0.65,0.01,134,180,10.46,12.01,High,Best-Seller
23369,SET 36 COLOUR PENCILS LOVE LONDON,1053.29,10.75,98,901,9.19,1.24,0.03,80,95,13.17,9.48,High,Popular
23370,SET 36 COLOUR PENCILS DOILEY,80.0,26.67,3,64,21.33,1.25,0.0,3,3,26.67,21.33,Low,Niche
23370,SET 36 COLOURING PENCILS DOILEY,1.25,1.25,1,1,1.0,1.25,,1,1,1.25,1.0,Low,Niche
23370,SET 36 COLOURING PENCILS DOILY,1570.11,14.27,110,1295,11.77,1.25,0.03,84,103,18.69,12.57,High,Popular
23371,SET 36 COLOUR PENCILS SPACEBOY ,1783.97,12.74,140,1505,10.75,1.24,0.03,98,133,18.2,11.32,High,Best-Seller
23372,SET 36 COLOUR PENCILS DOLLY GIRL,1542.72,14.55,106,1312,12.38,1.24,0.04,76,100,20.3,13.12,High,Popular
23373,VINTAGE CHRISTMAS PAPER GIFT BAG,1241.66,14.11,88,1563,17.76,0.82,0.01,86,88,14.44,17.76,High,Popular
23374,RED SPOT PAPER GIFT BAG,1957.2,15.66,125,2460,19.68,0.82,0.02,108,125,18.12,19.68,High,Popular
23375,50'S CHRISTMAS PAPER GIFT BAG,1068.96,11.88,90,1328,14.76,0.82,0.01,85,89,12.58,14.92,High,Popular
23376,PACK OF 12 VINTAGE CHRISTMAS TISSUE,1009.5,8.48,119,2666,22.4,0.39,0.01,104,114,9.71,23.39,High,Popular
23377,PACK OF 12 DOLLY GIRL TISSUES,472.29,5.56,85,1211,14.25,0.39,0.0,69,81,6.84,14.95,Medium,Popular
23378,PACK OF 12 50'S CHRISTMAS TISSUES,1272.93,8.16,156,3419,21.92,0.39,0.01,127,144,10.02,23.74,High,Best-Seller
23379,PACK OF 12 RED APPLE TISSUES,428.01,8.39,51,1175,23.04,0.39,0.01,49,50,8.73,23.5,Medium,Popular
23380,PACK OF 12 DOILEY TISSUES,28.08,14.04,2,72,36.0,0.39,0.0,2,2,14.04,36.0,Low,Niche
23380,PACK OF 12 VINTAGE DOILY TISSUES,797.73,8.31,96,2123,22.11,0.39,0.01,85,94,9.39,22.59,High,Popular
23381,PACK OF 12 VINTAGE LEAF TISSUES ,549.69,8.2,67,1487,22.19,0.39,0.01,59,64,9.32,23.23,Medium,Popular
23382,BOX OF 6 CHRISTMAS CAKE DECORATIONS,6218.79,37.24,167,1729,10.35,3.71,0.13,136,166,45.73,10.42,Premium,Best-Seller
23388,WOODLAND MINI BACKPACK,3150.2,23.16,136,788,5.79,4.14,0.07,114,133,27.63,5.92,Premium,Best-Seller
23388,WOODLAND MINI RUCKSACK ,20.75,10.38,2,5,2.5,4.15,0.0,2,2,10.38,2.5,Low,Niche
23389,SPACEBOY MINI BACKPACK,4171.85,19.96,209,1039,4.97,4.14,0.05,157,202,26.57,5.14,Premium,Best-Seller
23389,SPACEBOY MINI RUCKSACK,53.95,13.49,4,13,3.25,4.15,0.0,4,4,13.49,3.25,Low,Niche
23390,DOLLY GIRL MINI BACKPACK,2859.7,18.81,152,718,4.72,4.14,0.06,116,145,24.65,4.95,Premium,Best-Seller
23390,DOLLY GIRL MINI RUCKSACK,33.2,16.6,2,8,4.0,4.15,0.0,2,2,16.6,4.0,Low,Niche
23391, I LOVE LONDON MINI BACKPACK,1454.0,20.77,70,360,5.14,4.14,0.07,58,68,25.07,5.29,High,Popular
23391, I LOVE LONDON MINI RUCKSACK,4.15,4.15,1,1,1.0,4.15,,1,1,4.15,1.0,Low,Niche
23392,SPACEBOY ROCKET LOLLY MAKERS,1225.6,14.59,84,616,7.33,2.07,0.04,70,79,17.51,7.8,High,Popular
23393,HOME SWEET HOME CUSHION COVER ,2962.5,13.84,214,790,3.69,3.75,0.0,165,207,17.95,3.82,Premium,Best-Seller
23394,POSTE FRANCE CUSHION COVER,1481.25,11.95,124,395,3.19,3.75,0.0,90,119,16.46,3.32,High,Popular
23395,BELLE JARDINIERE CUSHION COVER,2630.73,13.85,190,703,3.7,3.75,0.03,141,180,18.66,3.91,Premium,Best-Seller
23396,BUTTERFLY CUSHION COVER,30.0,15.0,2,8,4.0,3.75,0.0,2,2,15.0,4.0,Low,Niche
23396,LA JARDIN BOTANIQUE CUSHION COVER,303.75,12.66,24,81,3.38,3.75,0.0,23,23,13.21,3.52,Medium,Occasional
23396,LE JARDIN BOTANIQUE CUSHION COVER,1985.73,13.24,150,531,3.54,3.75,0.04,114,140,17.42,3.79,High,Best-Seller
23397,FOOT STOOL HOME SWEET HOME ,4129.6,22.82,181,440,2.43,9.85,0.41,139,181,29.71,2.43,Premium,Best-Seller
23398,HANGING HEART BONHEUR,500.08,7.46,67,592,8.84,0.85,0.02,53,58,9.44,10.21,Medium,Popular
23399,HOME SWEET HOME HANGING HEART,1546.43,8.1,191,1823,9.54,0.85,0.01,146,176,10.59,10.36,High,Best-Seller
23400,SHELF WITH 4 HOOKS HOME SWEET HOME,2259.86,23.3,97,450,4.64,6.15,0.43,76,96,29.74,4.69,Premium,Popular
23401,RUSTIC MIRROR WITH LACE HEART,2174.26,29.78,73,446,6.11,6.1,0.5,59,73,36.85,6.11,Premium,Popular
23402,HOME SWEEET HOME 3 PEG HANGER ,93.75,23.44,4,25,6.25,3.75,0.0,4,4,23.44,6.25,Low,Niche
23402,HOME SWEET HOME 3 PEG HANGER ,937.92,18.04,52,256,4.92,3.74,0.06,44,51,21.32,5.02,High,Popular
23403,LETTER HOLDER HOME SWEET HOME,1995.31,17.35,115,599,5.21,3.71,0.21,80,113,24.94,5.3,High,Popular
23404,HOME SWEET HOME BLACKBOARD,4252.13,28.35,150,998,6.65,4.87,0.34,104,150,40.89,6.65,Premium,Best-Seller
23405,HOME SWEET HOME 2 DRAWER CABINET,1142.9,18.74,61,238,3.9,4.91,0.17,54,58,21.16,4.1,High,Popular
23406,HOME SWEET HOME KEY HOLDER,2173.54,22.41,97,438,4.52,6.15,0.43,65,96,33.44,4.56,Premium,Popular
23407,SET OF 2 TRAYS HOME SWEET HOME,2526.22,20.37,124,258,2.08,9.93,0.18,103,122,24.53,2.11,Premium,Popular
23408,PHOTO FRAME LINEN AND LACE SMALL,673.92,10.87,62,324,5.23,2.08,0.0,53,62,12.72,5.23,High,Popular
23409,PHOTO FRAME LINEN AND LACE LARGE,797.97,18.56,43,215,5.0,3.73,0.1,39,43,20.46,5.0,High,Occasional
23410,CURIO CABINET LINEN AND LACE ,298.25,15.7,19,37,1.95,8.03,0.35,16,19,18.64,1.95,Medium,Occasional
23411, TRELLIS COAT RACK,1021.5,21.28,48,218,4.54,4.92,0.16,42,47,24.32,4.64,High,Popular
23412,HEART MIRROR ANTIQUE WHITE,2284.14,31.29,73,353,4.84,7.4,0.44,64,72,35.69,4.9,Premium,Popular
23413,DECORATIVE VINTAGE COFFEE  BOX,223.05,13.12,17,47,2.76,4.9,0.19,13,16,17.16,2.94,Medium,Occasional
23413,DECROTIVEVINTAGE COFFEE GRINDER BOX,49.5,12.38,4,10,2.5,4.95,0.0,4,4,12.38,2.5,Low,Niche
23413,VINTAGE COFFEE GRINDER BOX,540.45,21.62,25,115,4.6,4.85,0.27,20,24,27.02,4.79,Medium,Occasional
23414,ZINC BOX SIGN HOME,1387.81,22.03,63,143,2.27,9.9,0.26,58,63,23.93,2.27,High,Popular
23415,HOME SWEET HOME HOOK,413.85,9.0,46,331,7.2,1.38,0.53,42,46,9.85,7.2,Medium,Popular
23416,CHAMBRE HOOK,155.07,8.61,18,123,6.83,1.16,0.63,18,18,8.62,6.83,Medium,Occasional
23417,BATHROOM HOOK,137.76,6.26,22,140,6.36,1.13,0.63,21,21,6.56,6.67,Medium,Occasional
23418,LAVENDER TOILETTE BOTTLE,1068.96,17.52,61,534,8.75,2.07,0.06,55,60,19.44,8.9,High,Popular
23419,HOME SWEET HOME BOTTLE ,899.2,14.27,63,439,6.97,2.08,0.04,56,62,16.06,7.08,High,Popular
23420,PANTRY HOOK TEA STRAINER ,332.8,11.48,29,160,5.52,2.08,0.0,26,28,12.8,5.71,Medium,Occasional
23421,PANTRY HOOK SPATULA,320.32,11.86,27,154,5.7,2.08,0.0,24,26,13.35,5.92,Medium,Occasional
23422,PANTRY HOOK BALLOON WHISK ,407.68,13.15,31,196,6.32,2.08,0.0,29,31,14.06,6.32,Medium,Occasional
23423,PANTRY 3 HOOK ROLLING PIN HANGER,776.25,14.38,54,207,3.83,3.75,0.0,47,54,16.52,3.83,High,Popular
23424,GINGHAM RECIPE BOOK BOX,1991.7,18.97,105,414,3.94,4.93,0.13,87,104,22.89,3.98,High,Popular
23425,STORAGE TIN HOME SWEET HOME,452.86,11.92,38,244,6.42,2.09,0.73,35,38,12.94,6.42,Medium,Occasional
23426,METAL SIGN DROP YOUR PANTS,3209.9,18.24,176,1238,7.03,2.86,0.18,126,172,25.48,7.2,Premium,Best-Seller
23427,STOOL HOME SWEET HOME ,2671.3,24.28,110,230,2.09,12.29,0.63,87,108,30.7,2.13,Premium,Popular
23428,IVORY RETRO KITCHEN WALL CLOCK,575.8,21.33,27,72,2.67,8.11,0.21,25,27,23.03,2.67,Medium,Occasional
23429,RED RETRO KITCHEN WALL CLOCK,358.6,17.93,20,44,2.2,8.15,0.0,19,20,18.87,2.2,Medium,Occasional
23430,BLUE RETRO KITCHEN WALL CLOCK,285.25,16.78,17,35,2.06,8.15,0.0,16,17,17.83,2.06,Medium,Occasional
23431,NATURAL HANGING QUILTED HEARTS ,1130.56,15.07,75,1448,19.31,0.83,0.02,63,70,17.95,20.69,High,Popular
23432,PRETTY HANGING QUILTED HEARTS,1046.86,14.54,72,1274,17.69,0.83,0.02,65,70,16.11,18.2,High,Popular
23433,HANGING QUILTED PATCHWORK APPLES,1042.18,12.26,85,1262,14.85,0.83,0.01,76,85,13.71,14.85,High,Popular
23434,3 RAFFIA RIBBONS 50'S CHRISTMAS ,1640.3,11.97,137,1802,13.15,0.9,0.37,129,135,12.72,13.35,High,Best-Seller
23435,3 RAFFIA RIBBONS VINTAGE CHRISTMAS,608.65,13.53,45,679,15.09,0.9,0.37,40,44,15.22,15.43,High,Popular
23436,GIFT BAG LARGE VINTAGE CHRISTMAS,185.0,20.56,9,148,16.44,1.25,0.0,9,9,20.56,16.44,Medium,Niche
23436,VINTAGE CHRISTMAS GIFT BAG LARGE ,2085.4,24.53,85,1796,21.13,1.24,0.04,82,85,25.43,21.13,Premium,Popular
23437, 50'S CHRISTMAS GIFT BAG LARGE,2274.75,20.68,110,1887,17.15,1.25,0.02,106,110,21.46,17.15,Premium,Popular
23437,GIFT BAG LARGE 50'S CHRISTMAS,30.0,15.0,2,24,12.0,1.25,0.0,2,2,15.0,12.0,Low,Niche
23438, RED SPOT GIFT BAG LARGE,2041.0,21.71,94,1700,18.09,1.25,0.02,82,92,24.89,18.48,Premium,Popular
23438,GIFT BAG LARGE SPOT ,120.0,20.0,6,96,16.0,1.25,0.0,6,6,20.0,16.0,Medium,Niche
23439,HAND WARMER RED LOVE HEART,7660.2,19.2,399,3762,9.43,2.09,0.04,268,371,28.58,10.14,Premium,Best-Seller
23440,PAINT YOUR OWN EGGS IN CRATE,299.36,59.87,5,164,32.8,2.02,0.13,5,5,59.87,32.8,Medium,Niche
23441,HAND PAINTED HANGING EASTER EGG,9.24,3.08,3,22,7.33,0.42,0.0,3,3,3.08,7.33,Low,Niche
23442,12 HANGING EGGS HAND PAINTED,87.36,8.74,10,42,4.2,2.08,0.0,7,7,12.48,6.0,Low,Niche
23444,Next Day Carriage,1215.0,15.19,80,80,1.0,15.19,1.68,63,80,19.29,1.0,High,Popular
23445,ICE CREAM BUBBLES,2164.21,22.31,97,2687,27.7,0.83,0.02,81,95,26.72,28.28,Premium,Popular
23446,BLUE BUNNY EASTER EGG BASKET,230.25,76.75,3,157,52.33,1.58,0.12,3,3,76.75,52.33,Medium,Niche
23447,PINK BUNNY EASTER EGG BASKET,231.9,57.97,4,158,39.5,1.6,0.1,4,4,57.98,39.5,Medium,Niche
23448,CREAM BUNNY EASTER EGG BASKET,41.25,13.75,3,25,8.33,1.65,0.0,3,3,13.75,8.33,Low,Niche
23449,SET OF 6 EASTER RAINBOW CHICKS,15.0,15.0,1,12,12.0,1.25,,1,1,15.0,12.0,Low,Niche
23451,SQUARE MINI PORTRAIT FRAME,520.95,11.32,46,269,5.85,1.94,0.04,38,44,13.71,6.11,Medium,Popular
23452,HEART MINI PORTRAIT FRAME,992.85,12.11,82,511,6.23,1.95,0.03,69,82,14.39,6.23,High,Popular
23453,OVAL  MINI PORTRAIT FRAME,627.45,12.55,50,323,6.46,1.94,0.04,40,46,15.69,7.02,High,Popular
23454,SET OF 3 MINI HANGING PORTRAITS,123.2,61.6,2,32,16.0,3.95,0.28,2,2,61.6,16.0,Medium,Niche
23454,THREE MINI HANGING FRAMES,564.4,10.85,52,136,2.62,4.15,0.0,39,45,14.47,3.02,Medium,Popular
23455,SMALL PARLOUR FRAME,106.98,53.49,2,42,21.0,2.69,0.28,2,2,53.49,21.0,Low,Niche
23455,SMALL PARLOUR PICTURE FRAME,459.56,13.93,33,164,4.97,2.88,0.07,30,32,15.32,5.12,Medium,Occasional
23456,MEDIUM PARLOUR FRAME ,84.1,42.05,2,22,11.0,3.95,0.28,2,2,42.05,11.0,Low,Niche
23456,MEDIUM PARLOUR PICTURE FRAME ,558.3,15.95,35,138,3.94,4.13,0.09,31,35,18.01,3.94,Medium,Occasional
23457,LARGE PARLOUR FRAME,122.85,61.42,2,27,13.5,4.72,0.32,2,2,61.42,13.5,Medium,Niche
23457,LARGE PARLOUR PICTURE FRAME,380.7,13.6,28,78,2.79,4.93,0.09,25,27,15.23,2.89,Medium,Occasional
23458,DOLLY CABINET 3 DRAWERS ,837.2,24.62,34,56,1.65,14.95,0.0,30,34,27.91,1.65,High,Occasional
23459,DOLLY CABINET 2 DRAWERS ,450.0,21.43,21,36,1.71,12.5,0.0,19,21,23.68,1.71,Medium,Occasional
23460,SWEETHEART WALL TIDY ,1056.83,22.49,47,113,2.4,9.91,0.31,41,47,25.78,2.4,High,Popular
23461,SWEETHEART BIRD HOUSE,2966.65,30.58,97,843,8.69,4.14,0.09,75,84,39.56,10.04,Premium,Popular
23462,ROCOCO WALL MIROR,39.9,39.9,1,2,2.0,19.95,,1,1,39.9,2.0,Low,Niche
23462,ROCOCO WALL MIRROR WHITE,1792.35,32.59,55,93,1.69,19.73,0.79,43,55,41.68,1.69,High,Popular
23463,VINTAGE ZINC WATERING CAN,119.4,17.06,7,12,1.71,9.95,0.0,7,7,17.06,1.71,Medium,Niche
23464,VINTAGE ZINC WATERING CAN SMALL,79.2,13.2,6,16,2.67,4.95,0.0,6,6,13.2,2.67,Low,Niche
23465,TUSCAN VILLA BIRD FEEDER,132.0,16.5,8,16,2.0,8.25,0.0,8,8,16.5,2.0,Medium,Niche
23465,TUSCAN VILLA FEEDING STATION,99.0,14.14,7,12,1.71,8.25,0.0,7,7,14.14,1.71,Low,Niche
23466,TUSCAN VILLA DOVECOTE,99.0,24.75,4,12,3.0,8.25,0.0,4,4,24.75,3.0,Low,Niche
23466,TUSCAN VILLA DOVECOTE BIRD FEEDER,307.5,17.08,18,38,2.11,8.21,0.18,18,18,17.08,2.11,Medium,Occasional
23467,VINTAGE ZINC PLANTER  ,75.67,15.13,5,23,4.6,3.29,0.0,5,5,15.13,4.6,Low,Niche
23468,TUSCAN VILLA BIRD TABLE ,156.75,14.25,11,19,1.73,8.25,0.0,11,11,14.25,1.73,Medium,Occasional
23469,CARD HOLDER LOVE BIRD SMALL,1272.36,19.57,65,324,4.98,4.12,0.15,61,65,20.86,4.98,High,Popular
23470,CARD HOLDER LOVE BIRD LARGE ,1394.1,16.8,83,232,2.8,6.2,0.21,70,83,19.92,2.8,High,Popular
23471,SIX DRAWER OFFICE TIDY,605.95,22.44,27,65,2.41,9.76,0.54,26,26,23.31,2.5,High,Occasional
23472, NINE DRAWER OFFICE TIDY,792.85,25.58,31,55,1.77,14.79,0.61,29,30,27.34,1.83,High,Occasional
23473,WOODLAND SMALL RED FELT HEART,531.66,12.08,44,666,15.14,0.83,0.02,41,43,12.97,15.49,Medium,Occasional
23474,WOODLAND SMALL BLUE FELT HEART,246.51,8.8,28,297,10.61,0.83,0.0,26,27,9.48,11.0,Medium,Occasional
23475,WOODLAND SMALL PINK FELT HEART,232.4,8.94,26,280,10.77,0.83,0.0,25,26,9.3,10.77,Medium,Occasional
23476,WOODLAND LARGE RED FELT HEART,247.5,13.75,18,198,11.0,1.25,0.0,18,18,13.75,11.0,Medium,Occasional
23477,WOODLAND LARGE BLUE FELT HEART,106.25,13.28,8,85,10.62,1.25,0.0,8,8,13.28,10.62,Low,Niche
23478,WOODLAND LARGE PINK FELT HEART,307.18,30.72,10,278,27.8,1.23,0.07,9,10,34.13,27.8,Medium,Niche
23479,WIRE EGG BASKET ,827.5,20.18,41,110,2.68,7.78,0.27,35,40,23.64,2.75,High,Occasional
23480,MINI LIGHTS WOODLAND MUSHROOMS,6197.94,34.24,181,1740,9.61,3.72,0.11,143,175,43.34,9.94,Premium,Best-Seller
23481,PEARLISED IVORY HEART SMALL ,266.21,8.87,30,217,7.23,1.24,0.04,23,27,11.57,8.04,Medium,Occasional
23482,PEARLISED IVORY HEART LARGE ,651.15,18.09,36,415,11.53,1.64,0.05,32,36,20.35,11.53,High,Occasional
23483,HANGING  BUTTERFLY T-LIGHT HOLDER,1552.86,21.57,72,1332,18.5,1.23,0.07,57,69,27.24,19.3,High,Popular
23484,HEART TRELLIS TRIPLE T-LIGHT HOLDER,331.42,15.78,21,118,5.62,2.87,0.09,20,20,16.57,5.9,Medium,Occasional
23484,HEART TRELLISTRIPLE T-LIGHT HOLDER,152.24,30.45,5,56,11.2,2.81,0.18,5,5,30.45,11.2,Medium,Niche
23485,BOTANICAL GARDENS WALL CLOCK ,6126.4,65.88,93,277,2.98,24.0,1.8,70,93,87.52,2.98,Premium,Popular
23486,ANTIQUE HEART SHELF UNIT,4078.8,55.12,74,280,3.78,16.41,0.72,64,74,63.73,3.78,Premium,Popular
23487,SWEET HEART CAKE CARRIER,843.55,17.57,48,87,1.81,9.88,0.34,41,48,20.57,1.81,High,Popular
23489,"GARLAND, VINTAGE BELLS",265.88,26.59,10,92,9.2,2.89,0.0,10,10,26.59,9.2,Medium,Niche
23489,VINTAGE BELLS GARLAND,2246.56,16.89,133,784,5.89,2.89,0.03,116,127,19.37,6.17,Premium,Best-Seller
23490,T-LIGHT HOLDER HANGING LOVE BIRD,1999.38,20.61,97,542,5.59,3.74,0.07,83,96,24.09,5.65,High,Popular
23491,VINTAGE JINGLE BELLS HEART,1872.75,24.01,78,227,2.91,8.25,0.0,64,77,29.26,2.95,High,Popular
23492,VINTAGE JINGLE BELLS WREATH,610.5,23.48,26,74,2.85,8.25,0.0,24,26,25.44,2.85,High,Occasional
23493,VINTAGE DOILY TRAVEL SEWING KIT,6759.3,18.42,367,3528,9.61,1.95,0.03,282,352,23.97,10.02,Premium,Best-Seller
23494,VINTAGE DOILY DELUXE SEWING KIT ,4605.45,24.24,190,791,4.16,5.93,0.12,145,187,31.76,4.23,Premium,Best-Seller
23495,SET OF 3 PANTRY WOODEN SPOONS,240.0,10.0,24,192,8.0,1.25,0.0,21,24,11.43,8.0,Medium,Occasional
23496,PANTRY KITCHEN THERMOMETER ,110.0,5.0,22,88,4.0,1.25,0.0,21,22,5.24,4.0,Low,Occasional
23497,CLASSIC CHROME BICYCLE BELL ,3453.1,19.4,178,2466,13.85,1.44,0.04,149,171,23.18,14.42,Premium,Best-Seller
23497,CLASSIC CROME BICYCLE BELL ,77.4,38.7,2,60,30.0,1.35,0.14,2,2,38.7,30.0,Low,Niche
23498,CLASSIC BICYCLE CLIPS ,2205.95,23.72,93,1591,17.11,1.44,0.04,77,86,28.65,18.5,Premium,Popular
23499,SET 12 VINTAGE DOILY CHALK ,523.74,5.34,98,1247,12.72,0.42,0.0,86,93,6.09,13.41,Medium,Popular
23500,KEY RING BASEBALL BOOT ASSORTED ,1935.05,20.81,93,1585,17.04,1.24,0.04,76,84,25.46,18.87,High,Popular
23501,KEY RING BASEBALL BOOT UNION JACK,2105.8,23.66,89,1772,19.91,1.24,0.05,77,85,27.35,20.85,Premium,Popular
23502,PLAYING CARDS VINTAGE DOILEY ,16.25,8.12,2,13,6.5,1.25,0.0,2,2,8.12,6.5,Low,Niche
23502,PLAYING CARDS VINTAGE DOILY ,822.73,9.57,86,677,7.87,1.25,0.03,78,85,10.55,7.96,High,Popular
23503,PLAYING CARDS KEEP CALM & CARRY ON,4249.21,12.53,339,3437,10.14,1.25,0.02,284,329,14.96,10.45,Premium,Best-Seller
23504,PLAYING CARDS JUBILEE UNION JACK,2082.48,10.26,203,1668,8.22,1.25,0.01,164,190,12.7,8.78,Premium,Best-Seller
23505,PLAYING CARDS I LOVE LONDON ,1247.25,11.24,111,1065,9.59,1.24,0.04,93,104,13.41,10.24,High,Popular
23506,MINI PLAYING CARDS SPACEBOY ,1116.36,8.15,137,2718,19.84,0.42,0.01,114,127,9.79,21.4,High,Best-Seller
23507,MINI PLAYING CARDS BUFFALO BILL ,1129.02,10.17,111,2841,25.59,0.42,0.01,91,101,12.41,28.13,High,Popular
23508,MINI PLAYING CARDS DOLLY GIRL ,1015.56,8.53,119,2478,20.82,0.42,0.01,95,107,10.69,23.16,High,Popular
23509,MINI PLAYING CARDS FUN FAIR ,434.46,7.62,57,1043,18.3,0.42,0.01,51,54,8.52,19.31,Medium,Popular
23510,MINI PLAYING CARDS GYMKHANA,902.16,8.93,101,2298,22.75,0.42,0.01,90,95,10.02,24.19,High,Popular
23511,EMBROIDERED RIBBON REEL EMILY ,1060.98,11.92,89,531,5.97,2.07,0.04,83,86,12.78,6.17,High,Popular
23512,EMBROIDERED RIBBON REEL ROSIE,923.54,18.47,50,485,9.7,2.06,0.07,46,49,20.08,9.9,High,Popular
23513,EMBROIDERED RIBBON REEL SUSIE ,1085.44,17.23,63,562,8.92,2.07,0.05,59,63,18.4,8.92,High,Popular
23514,EMBROIDERED RIBBON REEL SALLY ,921.62,14.63,63,464,7.37,2.07,0.05,57,63,16.17,7.37,High,Popular
23515,EMBROIDERED RIBBON REEL DAISY ,1075.38,17.92,60,558,9.3,2.07,0.06,58,59,18.54,9.46,High,Popular
23516,EMBROIDERED RIBBON REEL SOPHIE  ,1028.76,23.92,43,292,6.79,3.73,0.1,39,40,26.38,7.3,High,Occasional
23517,EMBROIDERED RIBBON REEL REBECCA ,860.88,16.88,51,312,6.12,2.87,0.08,50,51,17.22,6.12,High,Popular
23518,EMBROIDERED RIBBON REEL RACHEL ,975.16,22.68,43,364,8.47,2.87,0.09,40,42,24.38,8.67,High,Occasional
23519,EMBROIDERED RIBBON REEL CLAIRE,755.01,39.74,19,219,11.53,3.7,0.15,18,19,41.94,11.53,High,Occasional
23520,EMBROIDERED RIBBON REEL RUBY ,589.38,19.01,31,166,5.35,3.74,0.08,30,30,19.65,5.53,High,Occasional
23521,CAT AND BIRD WALL ART,323.64,80.91,4,270,67.5,2.0,1.02,3,4,107.88,67.5,Medium,Niche
23521,WALL ART CAT AND BIRD ,324.98,18.05,18,118,6.56,2.75,0.4,18,18,18.05,6.56,Medium,Occasional
23522,DOG AND BALL WALL ART,425.88,106.47,4,252,63.0,2.26,0.73,3,4,141.96,63.0,Medium,Niche
23522,WALL ART DOG AND BALL ,226.29,13.31,17,89,5.24,2.65,0.54,17,17,13.31,5.24,Medium,Occasional
23523,TREASURE AHOY WALL ART,833.46,52.09,16,270,16.88,3.58,0.38,15,16,55.56,16.88,High,Occasional
23523,WALL ART TREASURE AHOY ,340.47,14.8,23,93,4.04,3.71,0.13,22,23,15.48,4.04,Medium,Occasional
23524,HORSE & PONY WALL ART,797.31,46.9,17,256,15.06,3.59,0.37,16,17,49.83,15.06,High,Occasional
23524,WALL ART HORSE & PONY ,667.17,19.06,35,215,6.14,3.69,0.21,28,35,23.83,6.14,High,Occasional
23525,BUFFALO BILL WALL ART ,845.22,56.35,15,246,16.4,3.69,0.16,15,15,56.35,16.4,High,Occasional
23525,WALL ART BUFFALO BILL ,958.92,30.93,31,328,10.58,3.65,0.29,25,30,38.36,10.93,High,Occasional
23526,DOG LICENCE WALL ART,2081.64,71.78,29,408,14.07,5.75,0.55,28,29,74.34,14.07,Premium,Occasional
23526,WALL ART DOG LICENCE ,2360.38,36.31,65,490,7.54,5.85,0.38,59,64,40.01,7.66,Premium,Popular
23527,ANIMALS AND NATURE WALL ART,923.97,54.35,17,267,15.71,3.7,0.15,16,17,57.75,15.71,High,Occasional
23527,WALL ART ANIMALS AND NATURE ,501.0,17.28,29,156,5.38,3.68,0.23,26,28,19.27,5.57,Medium,Occasional
23528,SPACEBOY WALL ART,885.9,68.15,13,306,23.54,3.58,0.41,12,13,73.82,23.54,High,Occasional
23528,WALL ART SPACEBOY,495.48,23.59,21,156,7.43,3.65,0.27,20,21,24.77,7.43,Medium,Occasional
23529,DOLLY GIRL WALL ART,1055.94,95.99,11,318,28.91,3.61,0.34,10,11,105.59,28.91,High,Occasional
23529,WALL ART DOLLY GIRL ,896.37,47.18,19,311,16.37,3.61,0.35,18,19,49.8,16.37,High,Occasional
23530,WALL ART ONLY ONE PERSON ,4241.25,57.31,74,1037,14.01,4.75,0.43,59,73,71.89,14.21,Premium,Popular
23530,"WALL ART,ONLY ONE PERSON ",29.7,29.7,1,6,6.0,4.95,,1,1,29.7,6.0,Low,Niche
23531,WALL ART BIG LOVE ,5340.21,53.94,99,963,9.73,6.75,0.55,77,97,69.35,9.93,Premium,Popular
23532,WALL ART WORK REST AND PLAY  ,853.47,32.83,26,205,7.88,4.47,0.98,23,26,37.11,7.88,High,Occasional
23533,WALL ART GARDEN HAVEN ,936.34,30.2,31,210,6.77,5.15,1.52,27,31,34.68,6.77,High,Occasional
23534,STOP FOR TEA WALL ART,2572.7,62.75,41,518,12.63,5.78,0.48,40,41,64.32,12.63,Premium,Occasional
23534,WALL ART STOP FOR TEA ,3795.78,24.18,157,696,4.43,5.91,0.2,132,154,28.76,4.52,Premium,Best-Seller
23535,BICYCLE SAFTEY WALL ART,2371.94,60.82,39,458,11.74,5.78,0.48,38,39,62.42,11.74,Premium,Occasional
23535,WALL ART BICYCLE SAFETY,3448.22,27.37,126,650,5.16,5.9,0.28,102,121,33.81,5.37,Premium,Popular
23535,WALL ART BICYCLE SAFTEY ,114.15,38.05,3,21,7.0,5.75,0.35,3,3,38.05,7.0,Medium,Niche
23536,VILLAGE SHOW WALL ART,2072.42,115.13,18,386,21.44,5.74,0.51,17,18,121.91,21.44,Premium,Occasional
23536,WALL ART VILLAGE SHOW ,1225.41,21.5,57,231,4.05,5.91,0.27,54,57,22.69,4.05,High,Popular
23537,I LOVE LONDON WALL ART,59.4,29.7,2,12,6.0,4.95,0.0,2,2,29.7,6.0,Low,Niche
23537,WALL ART I LOVE LONDON ,387.3,20.38,19,86,4.53,4.82,0.3,18,19,21.52,4.53,Medium,Occasional
23538,WALL ART VINTAGE HEART,1278.87,45.67,28,327,11.68,4.8,0.4,25,27,51.15,12.11,High,Occasional
23539,"WALL ART , LOVES' SECRET ",47.6,23.8,2,8,4.0,5.95,0.0,2,2,23.8,4.0,Low,Niche
23539,WALL ART LOVES' SECRET ,1082.11,32.79,33,229,6.94,5.79,0.51,31,33,34.91,6.94,High,Occasional
23540,"WALL ART , THE MAGIC FOREST ",13.9,13.9,1,2,2.0,6.95,,1,1,13.9,2.0,Low,Niche
23540,WALL ART THE MAGIC FOREST ,876.64,97.4,9,144,16.0,6.05,1.64,8,9,109.58,16.0,High,Niche
23541,"WALL ART ,PUDDINGS ",61.2,30.6,2,8,4.0,7.85,0.57,2,2,30.6,4.0,Low,Niche
23541,WALL ART CLASSIC PUDDINGS ,6109.99,51.34,119,823,6.92,8.12,0.35,96,119,63.65,6.92,Premium,Popular
23542,70'S ALPHABET WALL ART,1043.1,69.54,15,150,10.0,7.99,0.57,14,15,74.51,10.0,High,Occasional
23542,WALL ART 70'S ALPHABET ,2448.28,42.21,58,340,5.86,8.06,0.43,45,58,54.41,5.86,Premium,Popular
23543,KEEP CALM WALL ART ,2015.97,100.8,20,269,13.45,7.95,0.44,19,20,106.1,13.45,Premium,Occasional
23543,WALL ART KEEP CALM ,4861.75,63.14,77,959,12.45,7.84,1.11,64,74,75.96,12.96,Premium,Popular
23544,WALL ART MID CENTURY MODERN ,1024.03,48.76,21,165,7.86,7.56,1.43,17,21,60.24,7.86,High,Occasional
23545,WRAP RED DOILEY,157.5,10.5,15,375,25.0,0.42,0.0,15,15,10.5,25.0,Medium,Occasional
23545,WRAP RED VINTAGE DOILY,866.0,12.55,69,2100,30.43,0.42,0.01,63,68,13.75,30.88,High,Popular
23546,WRAP PAISLEY PARK ,1365.0,11.38,120,3250,27.08,0.42,0.0,105,119,13.0,27.31,High,Popular
23547,WRAP FLOWER SHOP  ,661.5,10.67,62,1575,25.4,0.42,0.0,57,62,11.61,25.4,High,Popular
23548,WRAP MAGIC FOREST ,451.5,10.5,43,1075,25.0,0.42,0.0,42,43,10.75,25.0,Medium,Occasional
23549,WRAP BIRD GARDEN ,546.0,10.71,51,1300,25.49,0.42,0.0,46,51,11.87,25.49,Medium,Popular
23550,WRAP ALPHABET POSTER  ,761.0,12.08,63,1850,29.37,0.42,0.01,60,63,12.68,29.37,High,Popular
23551,PACK OF 12 PAISLEY PARK TISSUES ,630.63,6.31,100,1617,16.17,0.39,0.0,88,95,7.17,17.02,High,Popular
23552,BICYCLE PUNCTURE REPAIR KIT ,3338.8,30.08,111,1731,15.59,2.06,0.07,93,103,35.9,16.81,Premium,Popular
23553,LANDMARK FRAME CAMDEN TOWN ,6257.35,99.32,63,558,8.86,12.38,0.42,50,62,125.15,9.0,Premium,Popular
23554,LANDMARK FRAME OXFORD STREET,4755.65,84.92,56,421,7.52,12.39,0.4,49,54,97.05,7.8,Premium,Popular
23555,LANDMARK FRAME NOTTING HILL ,4768.15,91.7,52,422,8.12,12.41,0.36,45,48,105.96,8.79,Premium,Popular
23556,LANDMARK FRAME COVENT GARDEN ,4962.05,88.61,56,439,7.84,12.39,0.4,46,53,107.87,8.28,Premium,Popular
23557,LANDMARK FRAME BAKER STREET ,3867.85,133.37,29,347,11.97,12.39,0.4,25,29,154.71,11.97,Premium,Occasional
23558,LANDMARK FRAME LONDON BRIDGE ,4641.7,92.83,50,413,8.26,12.41,0.37,43,47,107.95,8.79,Premium,Popular
23559,WOODLAND BUNNIES LOLLY MAKERS,1135.52,14.56,78,566,7.26,2.07,0.05,69,75,16.46,7.55,High,Popular
23560,SET OF 6 RIBBONS COUNTRY STYLE,449.96,21.43,21,164,7.81,2.87,0.09,20,20,22.5,8.2,Medium,Occasional
23561,SET OF 6 RIBBONS PARTY,458.63,35.28,13,167,12.85,2.86,0.11,13,13,35.28,12.85,Medium,Occasional
23562,SET OF 6 RIBBONS PERFECTLY PRETTY  ,684.05,17.54,39,245,6.28,2.88,0.06,37,37,18.49,6.62,High,Occasional
23564,EGG CUP MILKMAID INGRID,703.51,16.75,42,587,13.98,1.24,0.03,39,42,18.04,13.98,High,Occasional
23565,EGG CUP MILKMAID HELGA ,441.25,13.37,33,353,10.7,1.25,0.0,28,33,15.76,10.7,Medium,Occasional
23566,EGG CUP MILKMAID HEIDI,927.02,19.31,48,790,16.46,1.24,0.04,44,47,21.07,16.81,High,Popular
23567,EGG CUP HENRIETTA HEN PINK,235.0,11.75,20,188,9.4,1.25,0.0,15,19,15.67,9.89,Medium,Occasional
23568,EGG CUP HENRIETTA HEN CREAM ,665.77,22.96,29,581,20.03,1.24,0.05,24,29,27.74,20.03,High,Occasional
23569,TRADTIONAL ALPHABET STAMP SET,4541.85,24.55,185,935,5.05,4.95,0.06,152,175,29.88,5.34,Premium,Best-Seller
23570,TRADITIONAL PICK UP STICKS GAME ,2307.5,9.3,248,1846,7.44,1.25,0.0,203,231,11.37,7.99,Premium,Best-Seller
23571,TRADITIONAL NAUGHTS & CROSSES,3330.6,14.67,227,2036,8.97,1.65,0.01,195,216,17.08,9.43,Premium,Best-Seller
23574,PACKING CHARGE,120.0,7.5,16,16,1.0,7.5,0.0,9,16,13.33,1.0,Medium,Occasional
23575,SNACK TRAY PAISLEY PARK,305.4,12.72,24,164,6.83,1.94,0.06,22,22,13.88,7.45,Medium,Occasional
23576,SNACK TRAY RED VINTAGE DOILY,346.35,11.54,30,185,6.17,1.94,0.05,28,29,12.37,6.38,Medium,Occasional
23578,SNACK TRAY RED GINGHAM,109.2,9.93,11,56,5.09,1.95,0.0,11,11,9.93,5.09,Low,Occasional
23579,SNACK TRAY I LOVE LONDON,280.05,10.77,26,151,5.81,1.94,0.06,22,24,12.73,6.29,Medium,Occasional
23580,SNACK TRAY HAPPY FOREST  ,216.45,9.84,22,111,5.05,1.95,0.0,20,21,10.82,5.29,Medium,Occasional
23581,JUMBO BAG PAISLEY PARK,8754.0,27.44,319,4495,14.09,2.06,0.08,230,306,38.06,14.69,Premium,Best-Seller
23582,VINTAGE DOILY JUMBO BAG RED ,8757.94,35.89,244,4568,18.72,2.07,0.06,186,237,47.09,19.27,Premium,Best-Seller
23583,LUNCH BAG PAISLEY PARK  ,5284.25,16.94,312,3325,10.66,1.64,0.03,233,299,22.68,11.12,Premium,Best-Seller
23597,PAPER BUNTING PAISLEY PARK,685.3,22.11,31,254,8.19,2.91,0.12,28,29,24.48,8.76,High,Occasional
23598,PAPER BUNTING VINTAGE PARTY,1177.95,27.39,43,421,9.79,2.93,0.09,40,42,29.45,10.02,High,Occasional
23630,SET 10 CARDS HANGING BAUBLES 17080,5.98,2.99,2,2,1.0,2.99,0.0,1,2,5.98,1.0,Low,Niche
23660,HENRIETTA HEN MUG ,509.85,14.57,35,309,8.83,1.65,0.0,30,35,17.0,8.83,Medium,Occasional
23661,MILK MAIDS MUG ,369.6,13.2,28,224,8.0,1.65,0.0,23,27,16.07,8.3,Medium,Occasional
23664,FLOWER SHOP DESIGN MUG,1.65,1.65,1,1,1.0,1.65,,1,1,1.65,1.0,Low,Niche
23681,LUNCH BAG RED VINTAGE DOILY,2434.2,20.28,120,1548,12.9,1.64,0.04,105,118,23.18,13.12,Premium,Popular
23691,KEEP CALM BIRTHDAY WRAP,21.0,10.5,2,50,25.0,0.42,0.0,2,2,10.5,25.0,Low,Niche
23691,WRAP KEEP CALM BIRTHDAY,460.5,12.79,36,1125,31.25,0.42,0.01,34,36,13.54,31.25,Medium,Occasional
23692,WRAP A PRETTY THANK YOU,21.0,10.5,2,50,25.0,0.42,0.0,2,2,10.5,25.0,Low,Niche
23694,PAISLEY PARK CARD,141.84,5.91,24,348,14.5,0.42,0.01,23,24,6.17,14.5,Medium,Occasional
23695,DOILY THANK YOU CARD,296.7,6.45,46,727,15.8,0.42,0.01,41,44,7.24,16.52,Medium,Popular
23697,A PRETTY THANK YOU CARD,179.64,6.65,27,438,16.22,0.42,0.01,26,26,6.91,16.85,Medium,Occasional
23702,High Resolution Image,27.0,9.0,3,4,1.33,8.5,10.85,3,3,9.0,1.33,Low,Niche
23843,"PAPER CRAFT , LITTLE BIRDIE",336939.2,168469.6,2,161990,80995.0,2.08,0.0,1,2,336939.2,80995.0,Premium,Niche
35001G,HAND OPEN SHAPE GOLD,510.83,18.92,27,157,5.81,3.63,1.12,23,24,22.21,6.54,Medium,Occasional
35001W,HAND OPEN SHAPE DECO.WHITE,273.51,45.59,6,93,15.5,3.15,0.6,5,6,54.7,15.5,Medium,Niche
35004B,SET OF 3 BLACK FLYING DUCKS,2387.95,41.89,57,505,8.86,4.98,0.57,32,55,74.62,9.18,Premium,Popular
35004C,SET OF 3 COLOURED  FLYING DUCKS,2053.25,44.64,46,429,9.33,5.17,0.39,28,46,73.33,9.33,Premium,Popular
35004G,SET OF 3 GOLD FLYING DUCKS,452.2,21.53,21,128,6.1,5.14,1.9,17,21,26.6,6.1,Medium,Occasional
35004P,SET OF 3 PINK FLYING DUCKS,5.45,5.45,1,1,1.0,5.45,,1,1,5.45,1.0,Low,Niche
35095A,BLUE VICTORIAN FABRIC OVAL BOX,293.82,8.64,34,811,23.85,0.42,0.02,29,34,10.13,23.85,Medium,Occasional
35095B,RED VICTORIAN FABRIC OVAL BOX,277.44,6.77,41,772,18.83,0.42,0.02,36,41,7.71,18.83,Medium,Occasional
35241,ENAMEL BLUE RIM BISCUIT BIN,413.95,13.8,30,89,2.97,4.79,0.3,27,30,15.33,2.97,Medium,Occasional
35265,COLOURFUL FLOWER FRUIT BOWL,50.25,4.57,11,16,1.45,2.32,1.56,11,11,4.57,1.45,Low,Occasional
35271S,GOLD PRINT PAPER BAG,3.61,1.81,2,19,9.5,0.19,0.0,2,2,1.8,9.5,Low,Niche
35400,WOODEN BOX ADVENT CALENDAR ,224.7,17.28,13,26,2.0,8.8,0.38,13,13,17.28,2.0,Medium,Occasional
35443,RASTA IN BATH W SPLIFF ASHTRAY,5.95,1.19,5,7,1.4,0.85,0.0,5,5,1.19,1.4,Low,Niche
35471D,SET OF 3 BIRD LIGHT PINK FEATHER ,697.96,4.65,150,1670,11.13,0.48,0.27,115,139,6.07,12.01,High,Best-Seller
35591T,TURQUOISE CHRISTMAS TREE ,6.25,1.56,4,5,1.25,1.25,0.0,4,4,1.56,1.25,Low,Niche
35597A,DUSTY PINK CHRISTMAS TREE 30CM,1.25,1.25,1,1,1.0,1.25,,1,1,1.25,1.0,Low,Niche
35597B,BLACKCHRISTMAS TREE 30CM,1.25,1.25,1,1,1.0,1.25,,1,1,1.25,1.0,Low,Niche
35597D,PINK/WHITE CHRISTMAS TREE 30CM,17.48,8.74,2,46,23.0,0.38,0.0,2,2,8.74,23.0,Low,Niche
35598A,DUSTY PINK CHRISTMAS TREE 60CM,26.55,13.28,2,9,4.5,2.95,0.0,2,2,13.28,4.5,Low,Niche
35598B,BLACK CHRISTMAS TREE 60CM,433.7,19.71,22,554,25.18,1.28,1.05,20,22,21.68,25.18,Medium,Occasional
35598C,WHITE CHRISTMAS TREE 60CM,5.9,2.95,2,2,1.0,2.95,0.0,2,2,2.95,1.0,Low,Niche
35598D,PINK/WHITE CHRISTMAS TREE 60CM,433.87,17.35,25,661,26.44,0.75,0.38,24,25,18.08,26.44,Medium,Occasional
35599B,BLACK CHRISTMAS TREE 120CM,503.85,21.91,23,209,9.09,3.03,2.43,19,23,26.52,9.09,Medium,Occasional
35599D,PINK AND WHITE CHRISTMAS TREE 120CM,465.38,24.49,19,186,9.79,2.57,0.92,17,19,27.38,9.79,Medium,Occasional
35607A,PINK FLUFFY CHRISTMAS DECORATION,4.56,4.56,1,24,24.0,0.19,,1,1,4.56,24.0,Low,Niche
35607B,BLACK FEATHER CHRISTMAS DECORATION,18.24,2.61,7,96,13.71,0.19,0.0,7,7,2.61,13.71,Low,Niche
35610A,PINK CHRISTMAS FLOCK DROPLET ,10.0,10.0,1,8,8.0,1.25,,1,1,10.0,8.0,Low,Niche
35610B,BLACK CHRISTMAS FLOCK DROPLET ,30.0,30.0,1,24,24.0,1.25,,1,1,30.0,24.0,Low,Niche
35610C,WHITE CHRISTMAS FLOCK DROPLET ,30.0,30.0,1,24,24.0,1.25,,1,1,30.0,24.0,Low,Niche
35637A,IVORY STRING CURTAIN WITH POLE ,363.7,15.15,24,166,6.92,2.62,1.52,23,24,15.81,6.92,Medium,Occasional
35637C,PINK STRING CURTAIN WITH POLE,62.6,8.94,7,28,4.0,2.52,1.51,7,7,8.94,4.0,Low,Niche
35638A,PINK AND BLACK STRING CURTAIN,82.1,16.42,5,38,7.6,3.55,2.19,5,5,16.42,7.6,Low,Niche
35638B,PINK/BLUE STRING CURTAIN ,109.2,27.3,4,56,14.0,1.95,0.0,4,4,27.3,14.0,Low,Niche
35645,VINTAGE BEAD PINK JEWEL BOX,17.0,5.67,3,4,1.33,4.25,0.0,2,3,8.5,1.33,Low,Niche
35646,VINTAGE BEAD PINK EVENING BAG,667.63,14.84,45,512,11.38,1.44,0.66,31,43,21.54,11.91,High,Popular
35647,VINTAGE BEAD PINK SHADE ,16.25,8.12,2,13,6.5,1.25,0.0,2,2,8.12,6.5,Low,Niche
35648,VINTAGE BEAD PINK PURSE ,797.17,12.08,66,839,12.71,0.99,0.48,40,62,19.93,13.53,High,Popular
35649,VINTAGE BEAD COSMETIC BAG ,51.82,7.4,7,16,2.29,3.1,0.43,5,6,10.36,2.67,Low,Niche
35650,VINTAGE BEAD PINK JEWEL STAND,4.95,4.95,1,1,1.0,4.95,,1,1,4.95,1.0,Low,Niche
35651,VINTAGE BEAD PINK SCARF ,576.9,16.48,35,342,9.77,1.83,1.06,29,34,19.89,10.06,Medium,Occasional
35653,VINTAGE BEAD NOTEBOOK,138.65,8.16,17,47,2.76,2.95,0.0,11,17,12.6,2.76,Medium,Occasional
35809A,ENAMEL PINK TEA CONTAINER,374.94,8.93,42,389,9.26,1.1,0.53,37,40,10.13,9.72,Medium,Occasional
35809B,ENAMEL BLUE RIM TEA CONTAINER,9.18,3.06,3,8,2.67,1.68,0.73,3,3,3.06,2.67,Low,Niche
35810A,ENAMEL PINK COFFEE CONTAINER,546.21,10.11,54,603,11.17,1.02,0.46,46,52,11.87,11.6,Medium,Popular
35810B,ENAMEL BLUE RIM COFFEE CONTAINER,165.82,7.21,23,160,6.96,1.16,0.57,18,23,9.21,6.96,Medium,Occasional
35815P,"ACRYLIC JEWEL SNOWFLAKE, PINK",63.28,12.66,5,162,32.4,0.72,0.77,5,5,12.66,32.4,Low,Niche
35816P,"ACRYLIC JEWEL ANGEL,PINK",29.64,14.82,2,78,39.0,0.38,0.0,2,2,14.82,39.0,Low,Niche
35817P,"ACRYLIC JEWEL SNOWFLAKE,PINK",15.3,15.3,1,6,6.0,2.55,,1,1,15.3,6.0,Low,Niche
35817P,PINK ACRYLIC JEWEL SNOWFLAKE,4.56,4.56,1,12,12.0,0.38,,1,1,4.56,12.0,Low,Niche
35818B,"ACRYLIC JEWEL ICICLE, BLUE",11.78,3.93,3,31,10.33,0.38,0.0,3,3,3.93,10.33,Low,Niche
35818P,"ACRYLIC JEWEL ICICLE, PINK",100.32,5.57,18,264,14.67,0.38,0.0,15,17,6.69,15.53,Low,Occasional
35819B,"ACRYLIC HANGING JEWEL,BLUE",101.84,3.77,27,268,9.93,0.38,0.0,19,22,5.36,12.18,Low,Occasional
35819P,"ACRYLIC HANGING JEWEL,PINK",66.55,9.51,7,95,13.57,0.5,0.33,7,7,9.51,13.57,Low,Niche
35832,WOOLLY HAT SOCK GLOVE ADVENT STRING,2.95,2.95,1,1,1.0,2.95,,1,1,2.95,1.0,Low,Niche
35833P,4 PINK FLOCK CHRISTMAS BALLS,46.25,3.85,12,37,3.08,1.25,0.0,8,11,5.78,3.36,Low,Occasional
35909A,RABBIT EASTER DECORATION,23.6,7.87,3,8,2.67,2.95,0.0,3,3,7.87,2.67,Low,Niche
35909B,PINK FLOWERS RABBIT EASTER,23.6,11.8,2,8,4.0,2.95,0.0,2,2,11.8,4.0,Low,Niche
35910A,MULTICOLOUR EASTER RABBIT ,39.0,9.75,4,20,5.0,1.95,0.0,4,4,9.75,5.0,Low,Niche
35910B,PINK FLOWERS RABBIT EASTER,25.35,8.45,3,13,4.33,1.95,0.0,3,3,8.45,4.33,Low,Niche
35911A,MULTICOLOUR RABBIT EGG WARMER,194.15,7.77,25,205,8.2,1.1,0.51,23,25,8.44,8.2,Medium,Occasional
35911B,PINK/FLOWER RABBIT EGG WARMER ,35.7,8.93,4,17,4.25,2.1,0.0,4,4,8.93,4.25,Low,Niche
35912B,WHITE/PINK CHICK DECORATION,283.89,15.77,18,249,13.83,1.23,0.06,15,18,18.93,13.83,Medium,Occasional
35913B,WHITE/PINK CHICK EASTER DECORATION,29.75,2.98,10,35,3.5,0.85,0.0,8,9,3.72,3.89,Low,Niche
35914,PINK CHICK EGG WARMER + EGG CUP,163.1,8.58,19,136,7.16,1.24,0.6,16,18,10.19,7.56,Medium,Occasional
35915B,BLUE KNITTED HEN ,150.15,10.72,14,91,6.5,1.65,0.0,14,14,10.72,6.5,Medium,Occasional
35915C,PEACH KNITTED HEN ,80.85,10.11,8,49,6.12,1.65,0.0,8,8,10.11,6.12,Low,Niche
35916A,YELLOW FELT HANGING HEART W FLOWER,17.0,5.67,3,20,6.67,0.85,0.0,3,3,5.67,6.67,Low,Niche
35916B,BLUE FELT HANGING HEART WITH FLOWER,5.1,5.1,1,6,6.0,0.85,,1,1,5.1,6.0,Low,Niche
35916C,PINK FELT HANGING HEART W FLOWER,45.9,9.18,5,54,10.8,0.85,0.0,5,5,9.18,10.8,Low,Niche
35920,FOUR RABBIT EASTER DECORATIONS,83.75,7.61,11,67,6.09,1.25,0.0,11,11,7.61,6.09,Low,Occasional
35921,EASTER BUNNY HANGING GARLAND,68.75,5.73,12,55,4.58,1.25,0.0,10,12,6.88,4.58,Low,Occasional
35922,EASTER BUNNY WREATH,138.6,13.86,10,28,2.8,4.95,0.0,10,10,13.86,2.8,Medium,Niche
35923,CANDY HEART HANGING DECORATION,632.1,14.7,43,1266,29.44,0.48,0.26,30,42,21.07,30.14,High,Occasional
35924,HANGING FAIRY CAKE DECORATION,1564.61,41.17,38,903,23.76,1.96,0.2,25,36,62.58,25.08,High,Occasional
35933,PINK STOCKING CHRISTMAS DECORATION,84.36,5.27,16,222,13.88,0.38,0.0,15,16,5.62,13.88,Low,Occasional
35953,FOLKART STAR CHRISTMAS DECORATIONS,1312.41,14.58,90,3041,33.79,0.5,0.29,81,86,16.2,35.36,High,Popular
35954,SMALL FOLKART STAR CHRISTMAS DEC,253.35,7.45,34,1124,33.06,0.26,0.11,30,32,8.44,35.12,Medium,Occasional
35957,SMALLFOLKART BAUBLE CHRISTMAS DEC,164.28,20.54,8,654,81.75,0.3,0.12,7,8,23.47,81.75,Medium,Niche
35958,FOLKART ZINC STAR CHRISTMAS DEC,10.2,3.4,3,12,4.0,0.85,0.0,3,3,3.4,4.0,Low,Niche
35961,FOLKART ZINC HEART CHRISTMAS DEC,2139.29,13.37,160,2693,16.83,0.85,0.02,117,154,18.28,17.49,Premium,Best-Seller
35964,FOLKART CLIP ON STARS,246.78,6.17,40,624,15.6,0.43,0.27,34,37,7.26,16.86,Medium,Occasional
35965,FOLKART HEART NAPKIN RINGS,200.83,6.93,29,205,7.07,1.39,0.98,22,29,9.13,7.07,Medium,Occasional
35966,FOLKART CHRISTMAS TREE T-LIGHT HOLD,10.26,5.13,2,27,13.5,0.38,0.0,2,2,5.13,13.5,Low,Niche
35967,FOLK ART METAL STAR T-LIGHT HOLDER,150.54,5.19,29,381,13.14,0.4,0.09,24,29,6.27,13.14,Medium,Occasional
35968,FOLK ART METAL HEART T-LIGHT HOLDER,50.86,2.99,17,140,8.24,0.37,0.04,13,17,3.91,8.24,Low,Occasional
35970,ZINC FOLKART SLEIGH BELLS,7786.28,21.93,355,4720,13.3,1.73,0.37,270,345,28.84,13.68,Premium,Best-Seller
35971,ROSE FOLKART HEART DECORATIONS,525.89,9.07,58,440,7.59,1.4,0.44,39,55,13.48,8.0,Medium,Popular
35972,DAISY FOLKART HEART DECORATION,120.0,7.06,17,96,5.65,1.25,0.0,14,16,8.57,6.0,Medium,Occasional
37327,ASSTD MULTICOLOUR CIRCLES MUG,549.93,11.22,49,1379,28.14,0.42,0.19,36,46,15.28,29.98,Medium,Popular
37330,BIG POLKADOT MUG,2.34,2.34,1,6,6.0,0.39,,1,1,2.34,6.0,Low,Niche
37333,"RETRO ""TEA FOR ONE"" ",54.3,4.94,11,14,1.27,3.59,1.57,9,11,6.03,1.27,Low,Occasional
37340,MULTICOLOUR SPRING FLOWER MUG,804.91,12.2,66,2045,30.98,0.4,0.08,59,65,13.64,31.46,High,Popular
37342,POLKADOT COFFEE CUP & SAUCER PINK,1187.97,17.73,67,1491,22.25,0.8,0.02,50,66,23.76,22.59,High,Popular
37343,POLKADOT MUG PINK ,89.7,11.21,8,62,7.75,1.49,0.45,8,8,11.21,7.75,Low,Niche
37351,ORANGE FLOWER MUG ,1.56,1.56,1,4,4.0,0.39,,1,1,1.56,4.0,Low,Niche
37370,RETRO COFFEE MUGS ASSORTED,2862.88,22.9,125,2531,20.25,1.24,0.14,73,118,39.22,21.45,Premium,Popular
37379A,PINK CHERRY BLOSSOM CUP & SAUCER,7.5,7.5,1,6,6.0,1.25,,1,1,7.5,6.0,Low,Niche
37413,ICON MUG REVOLUTIONARY,283.71,3.5,81,701,8.65,0.41,0.13,52,79,5.46,8.87,Medium,Popular
37423,WHITE WITH BLACK CATS PLATE,33.18,11.06,3,78,26.0,0.54,0.27,3,3,11.06,26.0,Low,Niche
37444A,YELLOW BREAKFAST CUP AND SAUCER,31.91,1.99,16,49,3.06,0.87,1.03,9,14,3.55,3.5,Low,Occasional
37444B,BLUE BREAKFAST CUP AND SAUCER ,11.8,3.93,3,4,1.33,2.95,0.0,2,3,5.9,1.33,Low,Niche
37444C,PINK BREAKFAST CUP AND SAUCER ,31.23,3.47,9,21,2.33,1.24,1.28,5,7,6.25,3.0,Low,Niche
37446,MINI CAKE STAND WITH HANGING CAKES,1863.9,10.9,171,1366,7.99,1.43,0.06,94,160,19.83,8.54,High,Best-Seller
37447,CERAMIC CAKE DESIGN SPOTTED PLATE,1128.78,13.77,82,774,9.44,1.48,0.05,51,82,22.13,9.44,High,Popular
37448,CERAMIC CAKE DESIGN SPOTTED MUG,2110.05,12.2,173,1449,8.38,1.48,0.04,78,166,27.05,8.73,Premium,Best-Seller
37449,CERAMIC CAKE STAND + HANGING CAKES,5531.48,31.08,178,612,3.44,9.71,0.59,109,177,50.75,3.46,Premium,Best-Seller
37450,CERAMIC CAKE BOWL + HANGING CAKES,1937.2,16.85,115,704,6.12,2.88,0.15,47,110,41.22,6.4,High,Popular
37461,FUNKY MONKEY MUG,1.25,1.25,1,1,1.0,1.25,,1,1,1.25,1.0,Low,Niche
37462E,"PET MUG, GOLDFISH",5.59,1.4,4,27,6.75,0.25,0.12,4,4,1.4,6.75,Low,Niche
37464,ROBOT MUG IN DISPLAY BOX,3.75,1.88,2,3,1.5,1.25,0.0,2,2,1.88,1.5,Low,Niche
37467,PIG MUG IN TWO COLOUR DESIGNS,60.04,5.46,11,128,11.64,0.52,0.21,11,11,5.46,11.64,Low,Occasional
37468,HARDMAN MUG 3 ASSORTED,24.96,1.92,13,64,4.92,0.39,0.0,11,12,2.27,5.33,Low,Occasional
37471,MULTICOLOUR POLKADOT PLATE,10.2,10.2,1,12,12.0,0.85,,1,1,10.2,12.0,Low,Niche
37475,SET/4 COLOURFUL MIXING BOWLS,532.11,17.74,30,57,1.9,9.76,0.5,27,29,19.71,1.97,Medium,Occasional
37476,CONDIMENT TRAY 4 BOWLS AND 4 SPOONS,160.39,17.82,9,17,1.89,9.79,0.49,9,9,17.82,1.89,Medium,Niche
37479B,CUBIC MUG FLOCK BLUE ON BROWN,60.33,3.55,17,127,7.47,0.9,0.94,16,17,3.77,7.47,Low,Occasional
37479P,CUBIC MUG FLOCK PINK ON BROWN,57.18,2.49,23,130,5.65,0.58,0.62,15,20,3.81,6.5,Low,Occasional
37482P,CUBIC MUG PINK POLKADOT,220.95,5.97,37,489,13.22,0.62,0.68,30,34,7.36,14.38,Medium,Occasional
37487B,YELLOW/ORANGE FLOWER DESIGN PLATE,19.72,9.86,2,68,34.0,0.29,0.0,2,2,9.86,34.0,Low,Niche
37488A,YELLOW PINK FLOWER DESIGN BIG BOWL,10.92,3.64,3,28,9.33,0.39,0.0,3,3,3.64,9.33,Low,Niche
37489A,YELLOW/PINK FLOWER DESIGN BIG MUG,14.43,0.96,15,33,2.2,0.49,0.4,14,14,1.03,2.36,Low,Occasional
37489B,BLUE/YELLOW FLOWER DESIGN BIG MUG,16.77,1.4,12,31,2.58,0.65,0.61,12,12,1.4,2.58,Low,Occasional
37489C,GREEN/BLUE FLOWER DESIGN BIG MUG,13.65,1.71,8,23,2.88,0.78,0.72,8,8,1.71,2.88,Low,Niche
37489D,PINK/GREEN FLOWER DESIGN BIG MUG,17.16,1.01,17,40,2.35,0.48,0.38,16,16,1.07,2.5,Low,Occasional
37491B,BLUE/YELLOW CERAMIC CANDLE HOLDER,6.6,6.6,1,4,4.0,1.65,,1,1,6.6,4.0,Low,Niche
37491C,GREEN/BLUE CERAMIC CANDLE HOLDER,13.2,13.2,1,8,8.0,1.65,,1,1,13.2,8.0,Low,Niche
37491D,PURPLE/BLUE CERAMIC CANDLE HOLDER,3.3,3.3,1,2,2.0,1.65,,1,1,3.3,2.0,Low,Niche
37495,FAIRY CAKE BIRTHDAY CANDLE SET,1731.15,18.03,96,477,4.97,3.73,0.11,75,96,23.08,4.97,High,Popular
37500,TEA TIME TEAPOT IN GIFT BOX,1987.36,24.24,82,340,4.15,6.29,2.04,53,82,37.5,4.15,High,Popular
37501,TEA TIME TEA SET IN GIFT BOX,722.8,24.09,30,104,3.47,6.95,0.0,28,30,25.81,3.47,High,Occasional
37503,TEA TIME CAKE STAND IN GIFT BOX,10.75,10.75,1,1,1.0,10.75,,1,1,10.75,1.0,Low,Niche
37509,NEW ENGLAND MUG W GIFT BOX,5.1,2.55,2,2,1.0,2.55,0.0,2,2,2.55,1.0,Low,Niche
40001,WHITE BAMBOO RIBS LAMPSHADE,565.47,14.14,40,750,18.75,0.79,0.09,22,40,25.7,18.75,Medium,Occasional
40003,WHITE BAMBOO RIBS LAMPSHADE,154.95,14.09,11,147,13.36,1.22,0.09,10,11,15.5,13.36,Medium,Occasional
40005B,BLUE ORGANDY ROUND LAMPSHADE W BEA,10.2,2.55,4,12,3.0,0.85,0.0,4,4,2.55,3.0,Low,Niche
40016,CHINESE DRAGON PAPER LANTERNS,1870.7,24.94,75,5524,73.65,0.51,0.91,54,75,34.64,73.65,High,Popular
40046A,RED DAISY PAPER LAMPSHADE,62.5,10.42,6,50,8.33,1.25,0.0,6,6,10.42,8.33,Low,Niche
44089A,PINK GAUZE BUTTERFLY LAMPSHADE,6.3,1.58,4,15,3.75,0.42,0.0,4,4,1.58,3.75,Low,Niche
44089C,LILAC GAUZE BUTTERFLY LAMPSHADE,10.08,1.68,6,24,4.0,0.42,0.0,6,6,1.68,4.0,Low,Niche
44091A,BLUE CRUSOE CHECK LAMPSHADE,3.78,1.26,3,9,3.0,0.42,0.0,3,3,1.26,3.0,Low,Niche
44092B,BLUE WHITE PLASTIC RINGS LAMPSHADE,11.9,2.38,5,14,2.8,0.85,0.0,4,5,2.98,2.8,Low,Niche
44092C,PURPLE/COPPER HANGING LAMPSHADE,17.0,2.12,8,20,2.5,0.85,0.0,5,6,3.4,3.33,Low,Niche
44228,CANNABIS LEAF BEAD CURTAIN,30.6,15.3,2,36,18.0,0.85,0.0,2,2,15.3,18.0,Low,Niche
44234,ASSORTED CIRCULAR MOBILE,121.47,5.06,24,647,26.96,0.21,0.01,17,20,7.15,32.35,Medium,Occasional
44235,ASS COL CIRCLE MOBILE ,173.16,24.74,7,474,67.71,0.41,0.02,6,6,28.86,79.0,Medium,Niche
44235,ASSORTED COLOURED CIRCLE MOBILE ,27.3,3.03,9,65,7.22,0.42,0.0,6,7,4.55,9.29,Low,Niche
44236,PINK/PURPLE CIRCLE CURTAIN,56.52,8.07,7,52,7.43,1.34,1.46,6,6,9.42,8.67,Low,Niche
44242A,LILAC FEATHERS CURTAIN,9.48,9.48,1,12,12.0,0.79,,1,1,9.48,12.0,Low,Niche
44242B,PINK FEATHERS CURTAIN,50.28,16.76,3,52,17.33,0.94,0.27,3,3,16.76,17.33,Low,Niche
44265,M/COLOUR POM-POM CURTAIN,8.5,8.5,1,2,2.0,4.25,,1,1,8.5,2.0,Low,Niche
45013,FOLDING SHOE TIDY,8.85,4.43,2,3,1.5,2.95,0.0,2,2,4.42,1.5,Low,Niche
46000M,POLYESTER FILLER PAD 45x45cm,1536.05,11.46,134,991,7.4,1.55,0.0,91,133,16.88,7.45,High,Best-Seller
46000P,POLYESTER FILLER PAD 65CMx65CM,72.25,14.45,5,17,3.4,4.25,0.0,5,5,14.45,3.4,Low,Niche
46000R,POLYESTER FILLER PAD 45x30cm,146.45,3.96,37,101,2.73,1.45,0.0,22,37,6.66,2.73,Medium,Occasional
46000S,POLYESTER FILLER PAD 40x40cm,2286.65,12.43,184,1577,8.57,1.45,0.0,127,184,18.01,8.57,Premium,Best-Seller
46000U,POLYESTER FILLER PAD 30CMx30CM,133.75,5.14,26,107,4.12,1.25,0.0,16,26,8.36,4.12,Medium,Occasional
46115B,GREEN POP ART MAO CUSHION COVER ,2.28,1.14,2,12,6.0,0.19,0.0,1,2,2.28,6.0,Low,Niche
46118,FUNKY MONKEY CUSHION COVER,164.05,9.11,18,193,10.72,0.85,0.0,12,18,13.67,10.72,Medium,Occasional
46126A,ELVIS WALLHANGING / CURTAIN,60.0,10.0,6,48,8.0,1.25,0.0,5,6,12.0,8.0,Low,Niche
46138B,BLUE CHENILLE SHAGGY CUSHION COVER ,54.2,3.87,14,56,4.0,1.01,0.4,8,14,6.78,4.0,Low,Occasional
46775D,SUNSET COLOUR CHUNKY KNITTED THROW,406.8,31.29,13,24,1.85,16.95,0.0,12,13,33.9,1.85,Medium,Occasional
46776A,WOVEN BUBBLE GUM CUSHION COVER,69.3,11.55,6,14,2.33,4.95,0.0,6,6,11.55,2.33,Low,Niche
46776B,WOVEN BERRIES CUSHION COVER ,74.25,10.61,7,15,2.14,4.95,0.0,6,7,12.38,2.14,Low,Niche
46776C,WOVEN FROST CUSHION COVER,54.45,9.08,6,11,1.83,4.95,0.0,6,6,9.08,1.83,Low,Niche
46776D,WOVEN SUNSET CUSHION COVER ,59.4,19.8,3,12,4.0,4.95,0.0,3,3,19.8,4.0,Low,Niche
46776E,WOVEN CANDY CUSHION COVER ,69.3,13.86,5,14,2.8,4.95,0.0,5,5,13.86,2.8,Low,Niche
46776F,WOVEN ROSE GARDEN CUSHION COVER ,94.05,11.76,8,19,2.38,4.95,0.0,6,8,15.68,2.38,Low,Niche
47013A,WINE BOTTLE DRESSING LT.BLUE,3.04,0.76,4,14,3.5,0.2,0.1,4,4,0.76,3.5,Low,Niche
47013C,WINE BOTTLE DRESSING DARK BLUE,6.94,0.87,8,55,6.88,0.14,0.06,7,8,0.99,6.88,Low,Niche
47016,LIGHT DECORATION BATTERY OPERATED,4.2,4.2,1,2,2.0,2.1,,1,1,4.2,2.0,Low,Niche
47021G,SET/6 BEAD COASTERS GAUZE BAG GOLD,230.4,15.36,15,518,34.53,0.62,0.39,12,15,19.2,34.53,Medium,Occasional
47310M,SMALL POP BOX FUNKY MONKEY,210.48,6.01,35,172,4.91,1.36,0.36,20,34,10.52,5.06,Medium,Occasional
47310M,"SMALL POP BOX,FUNKY MONKEY",116.25,8.94,13,93,7.15,1.25,0.0,8,13,14.53,7.15,Medium,Occasional
47341A,FUSCHIA TABLE RUN FLOWER ,38.75,7.75,5,27,5.4,1.75,1.12,5,5,7.75,5.4,Low,Niche
47341B,BLUE TABLE RUN FLOWER,56.25,5.11,11,45,4.09,1.25,0.0,11,11,5.11,4.09,Low,Occasional
47343A,FUSCHIA FLOWER PURSE WITH BEADS,144.34,11.1,13,158,12.15,0.98,0.29,12,13,12.03,12.15,Medium,Occasional
47344B,BLUE FLOWER DES PURSE,43.66,7.28,6,44,7.33,0.97,0.22,6,6,7.28,7.33,Low,Niche
47348A,FUSCHIA VOILE POINTY SHOE DEC,49.92,3.57,14,96,6.86,0.72,0.66,10,14,4.99,6.86,Low,Occasional
47351B,BLUE  VOILE LAMPSHADE,356.9,35.69,10,134,13.4,2.87,0.17,7,10,50.99,13.4,Medium,Niche
47367B,PAIR PADDED HANGERS PINK CHECK,194.55,17.69,11,57,5.18,3.68,0.24,11,11,17.69,5.18,Medium,Occasional
47369A,PINK GREEN EMBROIDERY COSMETIC BAG,23.6,3.93,6,8,1.33,2.95,0.0,6,6,3.93,1.33,Low,Niche
47369B,BLUE GREEN EMBROIDERY COSMETIC BAG,11.69,3.9,3,3,1.0,3.9,1.64,3,3,3.9,1.0,Low,Niche
47420,ASSORTED COLOUR SUCTION CUP HOOK,38.38,2.02,19,202,10.63,0.19,0.0,11,13,3.49,15.54,Low,Occasional
47421,ASSORTED COLOUR LIZARD SUCTION HOOK,385.02,6.11,63,975,15.48,0.42,0.01,16,54,24.06,18.06,Medium,Popular
47422,ASSORTED MONKEY SUCTION CUP HOOK,220.56,3.94,56,556,9.93,0.42,0.01,16,43,13.78,12.93,Medium,Popular
47469,ASSORTED SHAPES PHOTO CLIP SILVER ,167.11,9.83,17,359,21.12,0.64,0.06,10,11,16.71,32.64,Medium,Occasional
47471,RAINBOW PEGS PHOTO CLIP STRING,150.18,5.78,26,264,10.15,0.7,0.23,19,24,7.9,11.0,Medium,Occasional
47480,HANGING PHOTO CLIP ROPE LADDER,1092.88,20.24,54,692,12.81,1.85,0.56,29,52,37.69,13.31,High,Popular
47481,50CM METAL STRING WITH  7 CLIPS,164.22,8.21,20,222,11.1,0.84,0.04,15,19,10.95,11.68,Medium,Occasional
47503A,ASS FLORAL PRINT MULTI SCREWDRIVER,1286.77,7.57,170,2790,16.41,0.51,0.25,123,163,10.46,17.12,High,Best-Seller
47503H,ASS FLORAL PRINT SPIRIT LEVEL ,92.08,2.56,36,96,2.67,1.14,0.54,30,32,3.07,3.0,Low,Occasional
47503J,SET/3 FLORAL GARDEN TOOLS IN BAG,7.95,7.95,1,1,1.0,7.95,,1,1,7.95,1.0,Low,Niche
47504H,ENGLISH ROSE SPIRIT LEVEL ,865.88,9.31,93,952,10.24,1.24,0.84,69,93,12.55,10.24,High,Popular
47504K,ENGLISH ROSE GARDEN SECATEURS,1836.26,10.2,180,1970,10.94,1.09,0.5,141,175,13.02,11.26,High,Best-Seller
47518F,ICON PLACEMAT POP ART ELVIS,113.64,4.06,28,827,29.54,0.14,0.08,19,28,5.98,29.54,Medium,Occasional
47556B,TEA TIME TEA TOWELS ,6045.0,3022.5,2,2600,1300.0,2.33,0.32,1,2,6045.0,1300.0,Premium,Niche
47559B,TEA TIME OVEN GLOVE,2452.92,9.93,247,2033,8.23,1.28,0.22,151,242,16.24,8.4,Premium,Best-Seller
47563A,RETRO LONGBOARD IRONING BOARD COVER,255.0,5.54,46,202,4.39,1.3,0.37,31,45,8.23,4.49,Medium,Popular
47566,PARTY BUNTING,70020.93,49.45,1416,15563,10.99,4.87,0.37,708,1399,98.9,11.12,Premium,Best-Seller
47566B,TEA TIME PARTY BUNTING,14138.2,43.64,324,3715,11.47,4.83,0.37,193,320,73.25,11.61,Premium,Best-Seller
47567B,TEA TIME KITCHEN APRON,3336.02,25.08,133,600,4.51,5.94,0.63,81,125,41.19,4.8,Premium,Best-Seller
47570B,TEA TIME TABLE CLOTH,1642.68,63.18,26,180,6.92,10.4,0.7,23,26,71.42,6.92,High,Occasional
47574A,ENGLISH ROSE SCENTED HANGING FLOWER,367.0,7.06,52,424,8.15,1.22,1.21,36,50,10.19,8.48,Medium,Popular
47574B,ENGLISH ROSE SCENTED HANGING HEART,17.0,8.5,2,4,2.0,4.25,0.0,2,2,8.5,2.0,Low,Niche
47578A,ENGLISH ROSE SMALL SCENTED FLOWER,168.3,5.43,31,198,6.39,0.85,0.0,26,27,6.47,7.33,Medium,Occasional
47579,TEA TIME BREAKFAST BASKET,2.1,2.1,1,1,1.0,2.1,,1,1,2.1,1.0,Low,Niche
47580,TEA TIME DES TEA COSY,849.31,10.62,80,342,4.28,2.57,0.28,55,78,15.44,4.38,High,Popular
47585A,PINK FAIRY CAKE CUSHION COVER,382.5,14.17,27,102,3.78,3.75,0.0,23,27,16.63,3.78,Medium,Occasional
47586A,PINK FAIRY CAKE CUSHION COVER,53.55,6.69,8,21,2.62,2.55,0.0,7,8,7.65,2.62,Low,Niche
47589,CONGRATULATIONS BUNTING,70.85,23.62,3,13,4.33,5.45,0.0,3,3,23.62,4.33,Low,Niche
47590A,BLUE HAPPY BIRTHDAY BUNTING,10222.32,28.47,359,1974,5.5,5.47,0.51,228,358,44.83,5.51,Premium,Best-Seller
47590B,PINK HAPPY BIRTHDAY BUNTING,11812.25,32.19,367,2313,6.3,5.41,0.18,238,363,49.63,6.37,Premium,Best-Seller
47591B,SCOTTIES CHILDRENS APRON,62.7,6.27,10,38,3.8,1.65,0.0,9,10,6.97,3.8,Low,Niche
47591D,PINK FAIRY CAKE CHILDRENS APRON,5827.26,14.46,403,3146,7.81,1.97,0.29,252,399,23.12,7.88,Premium,Best-Seller
47593A,CAROUSEL PONIES BABY BIB,14.37,1.11,13,33,2.54,0.59,0.46,10,12,1.44,2.75,Low,Occasional
47593B,SCOTTIE DOGS BABY BIB,676.39,7.05,96,1663,17.32,0.49,0.24,68,94,9.95,17.69,High,Popular
47594A,CAROUSEL DESIGN WASHBAG,118.95,3.84,31,61,1.97,1.95,0.0,28,31,4.25,1.97,Medium,Occasional
47594B,SCOTTIES DESIGN WASHBAG,185.25,5.61,33,95,2.88,1.95,0.0,26,33,7.12,2.88,Medium,Occasional
47599A,PINK PARTY BAGS,4492.12,30.77,146,2414,16.53,2.07,0.11,101,144,44.48,16.76,Premium,Best-Seller
47599B,BLUE PARTY BAGS ,2836.04,26.02,109,1502,13.78,2.08,0.09,69,109,41.1,13.78,Premium,Popular
48111,DOORMAT 3 SMILEY CATS,6731.15,37.82,178,1109,6.23,7.79,0.58,111,175,60.64,6.34,Premium,Best-Seller
48116,DOORMAT MULTICOLOUR STRIPE,8061.47,56.37,143,1420,9.93,7.7,1.0,87,142,92.66,10.0,Premium,Best-Seller
48129,DOORMAT TOPIARY,5803.61,31.04,187,903,4.83,7.96,1.15,126,186,46.06,4.85,Premium,Best-Seller
48138,DOORMAT UNION FLAG,23795.49,45.15,527,3637,6.9,7.8,0.75,314,523,75.78,6.95,Premium,Best-Seller
48173C,DOORMAT BLACK FLOCK ,9855.2,55.37,178,1791,10.06,7.75,0.78,106,175,92.97,10.23,Premium,Best-Seller
48184,DOORMAT ENGLISH ROSE ,13518.65,37.45,361,1981,5.49,7.78,0.53,227,359,59.55,5.52,Premium,Best-Seller
48185,DOORMAT FAIRY CAKE,25742.59,104.22,247,4103,16.61,7.9,1.31,143,244,180.02,16.82,Premium,Best-Seller
48187,DOORMAT NEW ENGLAND,23000.05,42.67,539,3725,6.91,7.82,0.59,315,533,73.02,6.99,Premium,Best-Seller
48188,DOORMAT WELCOME PUPPIES,11584.25,45.25,256,2033,7.94,7.91,1.2,164,255,70.64,7.97,Premium,Best-Seller
48194,DOORMAT HEARTS,19972.66,41.1,486,3274,6.74,7.95,1.1,286,482,69.83,6.79,Premium,Best-Seller
51008,AFGHAN SLIPPER SOCK PAIR,1669.85,83.49,20,513,25.65,3.42,0.11,16,20,104.37,25.65,High,Occasional
51014A,"FEATHER PEN,HOT PINK",1838.81,11.35,162,3693,22.8,0.51,0.2,106,158,17.35,23.37,High,Best-Seller
51014C,"FEATHER PEN,COAL BLACK",1260.6,10.68,118,2668,22.61,0.53,0.21,71,114,17.75,23.4,High,Popular
51014L,"FEATHER PEN,LIGHT PINK",1017.42,9.33,109,2020,18.53,0.54,0.22,72,107,14.13,18.88,High,Popular
51020A,SUMMER FUN DESIGN SHOWER CAP,116.91,6.15,19,327,17.21,0.54,0.43,16,19,7.31,17.21,Medium,Occasional
51020B,STRIPY DESIGN SHOWER CAP,70.86,4.43,16,198,12.38,0.65,0.48,13,16,5.45,12.38,Low,Occasional
62018,SOMBRERO ,5691.5,96.47,59,4402,74.61,1.81,0.28,39,59,145.94,74.61,Premium,Popular
62043B,BLUE CHECK BAG W HANDLE 34X20CM,14.94,2.49,6,18,3.0,0.83,0.0,5,6,2.99,3.0,Low,Niche
62074B,ELEPHANT CLIP W SUCTION CUP,6.72,1.68,4,16,4.0,0.42,0.0,4,4,1.68,4.0,Low,Niche
62086A,PINK RETRO BIG FLOWER BAG,167.7,12.9,13,86,6.62,1.95,0.0,13,13,12.9,6.62,Medium,Occasional
62094B,TURQ ICE CREAM BUM BAG ,33.15,11.05,3,13,4.33,2.55,0.0,2,3,16.58,4.33,Low,Niche
62096A,PINK/YELLOW FLOWERS HANDBAG,132.5,16.56,8,106,13.25,1.25,0.0,7,8,18.93,13.25,Medium,Niche
62096B,PURPLE/TURQ FLOWERS HANDBAG,2.5,2.5,1,2,2.0,1.25,,1,1,2.5,2.0,Low,Niche
62097B,BLUE STRIPES SHOULDER BAG,7.47,2.49,3,9,3.0,0.83,0.0,2,3,3.74,3.0,Low,Niche
70006,LOVE HEART POCKET WARMER,1657.7,20.47,81,2620,32.35,1.24,0.56,72,78,23.02,33.59,High,Popular
70007,HI TEC ALPINE HAND WARMER,659.16,11.17,59,744,12.61,1.41,0.45,46,54,14.33,13.78,High,Popular
71038,WHITE HANGING BEADS CANDLE HOLDER,1272.2,24.95,51,244,4.78,5.4,0.19,34,49,37.42,4.98,High,Popular
71050,SMALL SINGLE FLAME CANDLE HOLDER,11.55,1.92,6,33,5.5,0.35,0.0,5,6,2.31,5.5,Low,Niche
71053,WHITE METAL LANTERN,5852.8,22.6,259,1630,6.29,3.71,0.31,145,247,40.36,6.6,Premium,Best-Seller
71053,WHITE MOROCCAN METAL LANTERN,202.92,15.61,13,48,3.69,4.77,2.01,9,12,22.55,4.0,Medium,Occasional
71101E,STANDING FAIRY POLE SUPPORT ,280.2,12.18,23,348,15.13,0.83,0.04,17,22,16.48,15.82,Medium,Occasional
71143,SILVER BOOK MARK WITH BEADS,8.5,8.5,1,10,10.0,0.85,,1,1,8.5,10.0,Low,Niche
71215,METAL BASE FOR CANDLES,4.62,2.31,2,11,5.5,0.42,0.0,2,2,2.31,5.5,Low,Niche
71270,PHOTO CLIP LINE,259.96,7.43,35,207,5.91,1.28,0.2,16,31,16.25,6.68,Medium,Occasional
71279,PINK GLASS CANDLEHOLDER,465.35,14.1,33,161,4.88,2.94,0.07,21,31,22.16,5.19,Medium,Occasional
71403,"PINK/WHITE ""KEEP CLEAN"" BULLET BIN",159.3,11.38,14,54,3.86,2.95,0.0,12,13,13.28,4.15,Medium,Occasional
71406C,BLACK ORANGE SQUEEZER,57.96,2.76,21,138,6.57,0.42,0.0,13,21,4.46,6.57,Low,Occasional
71459,HANGING JAM JAR T-LIGHT HOLDER,8247.05,25.77,320,10630,33.22,0.83,0.05,192,319,42.95,33.32,Premium,Best-Seller
71459,HANGING JAM JAR T-LIGHT HOLDERS,1869.88,26.71,70,2416,34.51,0.85,0.15,61,70,30.65,34.51,High,Popular
71477,COLOUR GLASS. STAR T-LIGHT HOLDER,19816.45,79.91,248,6829,27.54,3.43,0.72,150,245,132.11,27.87,Premium,Best-Seller
71477,COLOURED GLASS STAR T-LIGHT HOLDER,3676.29,72.08,51,1051,20.61,3.96,0.84,34,49,108.13,21.45,Premium,Popular
71495A,CD WALL TIDY BLUE OFFICE,34.56,17.28,2,96,48.0,0.36,0.0,2,2,17.28,48.0,Low,Niche
71495B,CD WALL TIDY RED FLOWERS,58.56,11.71,5,160,32.0,0.38,0.03,4,5,14.64,32.0,Low,Niche
71496A,A4 WALL TIDY BLUE OFFICE,61.86,12.37,5,114,22.8,0.55,0.05,5,5,12.37,22.8,Low,Niche
71496B,A4 WALL TIDY RED FLOWERS,7.37,1.84,4,13,3.25,0.56,0.06,4,4,1.84,3.25,Low,Niche
71510,SQUARE METAL CANDLEHOLDER BASE,36.52,4.56,8,52,6.5,0.81,0.11,5,8,7.3,6.5,Low,Niche
72024U,LILAC VOTIVE CANDLE,15.12,5.04,3,72,24.0,0.21,0.0,3,3,5.04,24.0,Low,Niche
72051S,BAG OF SILVER STONES,19.32,3.22,6,46,7.67,0.42,0.0,5,5,3.86,9.2,Low,Niche
72122,COFFEE SCENT PILLAR CANDLE,277.4,6.03,46,292,6.35,0.95,0.0,38,44,7.3,6.64,Medium,Popular
72127,COLUMBIAN CANDLE ROUND ,208.1,6.94,30,168,5.6,1.24,0.03,25,29,8.32,5.79,Medium,Occasional
72128,COLUMBIAN CANDLE ROUND,145.53,4.41,33,189,5.73,0.84,0.05,28,33,5.2,5.73,Medium,Occasional
72130,COLUMBIAN CANDLE ROUND,126.79,5.07,25,215,8.6,0.64,0.04,20,24,6.34,8.96,Medium,Occasional
72131,COLUMBIAN CANDLE RECTANGLE,238.35,12.54,19,137,7.21,1.9,0.11,14,18,17.02,7.61,Medium,Occasional
72132,COLUMBIAN CUBE CANDLE,54.6,4.55,12,28,2.33,1.95,0.0,9,12,6.07,2.33,Low,Occasional
72133,COLUMBIAN CANDLE RECTANGLE,48.75,3.48,14,39,2.79,1.25,0.0,11,13,4.43,3.0,Low,Occasional
72134,COLUMBIAN  CUBE CANDLE ,47.18,5.9,8,98,12.25,0.74,0.2,6,8,7.86,12.25,Low,Niche
72140E,BEST DAD CANDLE LETTERS,27.2,3.02,9,32,3.56,0.85,0.0,8,9,3.4,3.56,Low,Niche
72225C,LAVENDER SCENT CAKE CANDLE,158.64,9.91,16,600,37.5,0.28,0.03,12,16,13.22,37.5,Medium,Occasional
72232,FENG SHUI PILLAR CANDLE,630.23,9.55,66,3317,50.26,0.19,0.0,45,65,14.01,51.03,High,Popular
72349B,SET/6 PURPLE BUTTERFLY T-LIGHTS,1318.98,13.88,95,689,7.25,2.08,0.08,51,91,25.86,7.57,High,Popular
72351A,SET/6 TURQUOISE BUTTERFLY T-LIGHTS,2414.16,17.37,139,1248,8.98,2.08,0.08,78,133,30.95,9.38,Premium,Best-Seller
72351B,SET/6 PINK  BUTTERFLY T-LIGHTS,3866.54,23.87,162,2063,12.73,2.07,0.1,88,159,43.94,12.97,Premium,Best-Seller
72369A,PINK CLEAR GLASS CANDLE PLATE,35.0,8.75,4,28,7.0,1.25,0.0,3,3,11.67,9.33,Low,Niche
72586,SET OF 6 HALLOWEEN GHOST T-LIGHTS,278.04,7.13,39,662,16.97,0.42,0.0,36,38,7.72,17.42,Medium,Occasional
72598,SET/12 TAPER CANDLES,364.95,8.49,43,459,10.67,0.84,0.04,38,41,9.6,11.2,Medium,Occasional
72709,IVORY SCULPTED RND CANDLE ,37.4,5.34,7,44,6.29,0.85,0.0,4,7,9.35,6.29,Low,Niche
72741,GRAND CHOCOLATECANDLE,7821.3,30.2,259,5826,22.49,1.43,0.06,196,257,39.9,22.67,Premium,Best-Seller
72760B,VINTAGE CREAM 3 BASKET CAKE STAND,3691.78,26.75,138,388,2.81,9.85,0.54,105,137,35.16,2.83,Premium,Best-Seller
72780,BLACK SILOUETTE CANDLE PLATE,116.45,5.82,20,137,6.85,0.85,0.0,18,20,6.47,6.85,Medium,Occasional
72783,BLACK SIL'T SQU CANDLE PLATE ,33.6,16.8,2,16,8.0,2.1,0.0,2,2,16.8,8.0,Low,Niche
72798C,SET/4 GARDEN ROSE DINNER CANDLE,11.55,3.85,3,7,2.33,1.65,0.0,3,3,3.85,2.33,Low,Niche
72799C,PINK PILLAR CANDLE SILVER FLOCK,123.68,6.87,18,80,4.44,2.23,1.05,17,18,7.28,4.44,Medium,Occasional
72799E,IVORY PILLAR CANDLE SILVER FLOCK,745.84,14.62,51,400,7.84,2.57,0.83,44,49,16.95,8.16,High,Popular
72799F,IVORY PILLAR CANDLE GOLD FLOCK,368.0,16.73,22,128,5.82,2.93,0.09,19,21,19.37,6.1,Medium,Occasional
72800B, 4 PURPLE FLOCK DINNER CANDLES,270.76,6.94,39,140,3.59,2.32,0.6,31,36,8.73,3.89,Medium,Occasional
72800C,4 PINK DINNER CANDLE SILVER FLOCK,235.06,7.35,32,126,3.94,2.28,0.65,26,30,9.04,4.2,Medium,Occasional
72800D,4 BLUE DINNER CANDLES SILVER FLOCK,219.3,7.31,30,86,2.87,2.55,0.0,20,29,10.96,2.97,Medium,Occasional
72800E,4 IVORY DINNER CANDLES SILVER FLOCK,921.39,9.03,102,453,4.44,2.32,0.55,62,96,14.86,4.72,High,Popular
72801C,4 ROSE PINK DINNER CANDLES,163.38,11.67,14,138,9.86,1.24,0.05,13,14,12.57,9.86,Medium,Occasional
72801D,4 SKY BLUE DINNER CANDLES,72.5,6.04,12,58,4.83,1.25,0.0,10,12,7.25,4.83,Low,Occasional
72801G,4 BURGUNDY WINE DINNER CANDLES,68.75,5.73,12,55,4.58,1.25,0.0,9,11,7.64,5.0,Low,Occasional
72802A,ROSE SCENT CANDLE IN JEWELLED BOX,1292.04,21.18,61,320,5.25,4.36,0.92,44,59,29.36,5.42,High,Popular
72802B,OCEAN SCENT CANDLE IN JEWELLED BOX,2206.44,27.58,80,1368,17.1,3.91,1.0,55,80,40.12,17.1,Premium,Popular
72802C,VANILLA SCENT CANDLE JEWELLED BOX,3125.18,32.9,95,1880,19.79,3.94,0.93,64,92,48.83,20.43,Premium,Popular
72803A,ROSE SCENT CANDLE JEWELLED DRAWER,731.0,17.0,43,532,12.37,4.16,0.57,30,42,24.37,12.67,High,Occasional
72807A,SET/3 ROSE CANDLE IN JEWELLED BOX,1444.53,19.79,73,349,4.78,4.23,0.09,53,71,27.26,4.92,High,Popular
72807B,SET/3 OCEAN SCENT CANDLE JEWEL BOX,1456.25,17.55,83,353,4.25,4.23,0.08,56,79,26.0,4.47,High,Popular
72807C,SET/3 VANILLA SCENTED CANDLE IN BOX,3244.67,26.6,122,803,6.58,4.22,0.1,84,122,38.63,6.58,Premium,Popular
72811,SMALL ZINC/GLASS CANDLEHOLDER,67.25,11.21,6,49,8.17,1.45,0.1,6,6,11.21,8.17,Low,Niche
72812,LARGE ZINC GLASS CANDLEHOLDER,49.98,12.5,4,18,4.5,3.12,1.17,3,4,16.66,4.5,Low,Niche
72815,3 WICK CHRISTMAS BRIAR CANDLE ,22.5,11.25,2,6,3.0,3.75,0.0,2,2,11.25,3.0,Low,Niche
72816,SET/3 CHRISTMAS DECOUPAGE CANDLES,872.51,26.44,33,851,25.79,1.25,0.48,26,32,33.56,26.59,High,Occasional
72817,SET OF 2 CHRISTMAS DECOUPAGE CANDLE,991.4,10.22,97,1072,11.05,0.94,0.28,74,95,13.4,11.28,High,Popular
72818,CHRISTMAS DECOUPAGE CANDLE,808.69,12.25,66,1857,28.14,0.6,0.36,51,64,15.86,29.02,High,Popular
72819,CUPID DESIGN SCENTED CANDLES,436.4,14.55,30,208,6.93,2.19,0.58,28,30,15.59,6.93,Medium,Occasional
72821,CUPID SCENTED CANDLE IN GLASS,18.15,4.54,4,11,2.75,1.65,0.0,4,4,4.54,2.75,Low,Niche
75011,BLUE DAISY MOBILE,138.76,11.56,12,172,14.33,0.8,0.02,9,12,15.42,14.33,Medium,Occasional
75013B,"STRING OF 8 BUTTERFLIES,PINK",41.25,5.89,7,25,3.57,1.65,0.0,6,6,6.88,4.17,Low,Niche
75049L,LARGE CIRCULAR MIRROR MOBILE,6311.25,43.83,144,7049,48.95,1.09,0.2,71,138,88.89,51.08,Premium,Best-Seller
75131,METAL TUBE CHIME ON BAMBOO,522.56,40.2,13,488,37.54,1.57,0.24,13,13,40.2,37.54,Medium,Occasional
75172,PAINTED SEA SHELL METAL WINDCHIME,85.31,10.66,8,93,11.62,1.53,1.37,8,8,10.66,11.62,Low,Niche
75178,ASSTD COL BUTTERFLY/CRYSTAL W/CHIME,210.19,23.35,9,455,50.56,0.97,0.42,6,9,35.03,50.56,Medium,Niche
77079,DOLPHIN WINDMILL,2.12,2.12,1,1,1.0,2.12,,1,1,2.12,1.0,Low,Niche
77101A,UNION FLAG WINDSOCK,423.22,20.15,21,386,18.38,1.23,0.06,16,20,26.45,19.3,Medium,Occasional
78033,FLAG OF ST GEORGE CHAIR,197.2,21.91,9,40,4.44,5.57,0.75,6,9,32.87,4.44,Medium,Niche
78034B,BLUE NETTING STORAGE HANGER,15.6,2.23,7,8,1.14,1.95,0.0,6,6,2.6,1.33,Low,Niche
78124,MAGAZINE RACK GEBRA ASSORTED ,247.75,13.76,18,191,10.61,1.33,0.35,16,17,15.48,11.24,Medium,Occasional
79000,MOROCCAN TEA GLASS,2767.65,27.4,101,3817,37.79,0.82,0.08,69,99,40.11,38.56,Premium,Popular
79026B,"S/4 ICON COASTER,ELVIS LIVES",10.61,1.18,9,25,2.78,0.49,0.29,7,9,1.52,2.78,Low,Niche
79030D,TUMBLER BAROQUE,159.51,5.91,27,409,15.15,0.39,0.0,22,26,7.25,15.73,Medium,Occasional
79030D,"TUMBLER, BAROQUE",58.86,11.77,5,54,10.8,1.4,0.56,5,5,11.77,10.8,Low,Niche
79030G,TUMBLER NEW ENGLAND,478.14,11.38,42,1226,29.19,0.39,0.0,35,41,13.66,29.9,Medium,Occasional
79030G,"TUMBLER, NEW ENGLAND",131.94,11.99,11,138,12.55,1.19,0.64,11,11,11.99,12.55,Medium,Occasional
79051A,SMOKEY GREY COLOUR D.O.F. GLASS,207.39,7.41,28,591,21.11,0.36,0.14,23,26,9.02,22.73,Medium,Occasional
79051A,SMOKEY GREY COLOUR GLASS,58.0,4.83,12,200,16.67,0.29,0.0,10,11,5.8,18.18,Low,Occasional
79062D,"RETRO TIN ASHTRAY,REVOLUTIONARY",19.4,4.85,4,52,13.0,0.38,0.18,4,4,4.85,13.0,Low,Niche
79063C,"RETRO PILL BOX KEY CHAIN,THE KING",43.46,3.34,13,234,18.0,0.19,0.0,12,13,3.62,18.0,Low,Occasional
79063D,"RETRO PILL BOX , REVOLUTIONARY",34.91,3.17,11,189,17.18,0.19,0.0,9,10,3.88,18.9,Low,Occasional
79066K,RETRO MOD TRAY,628.33,5.56,113,751,6.65,0.9,0.2,70,113,8.98,6.65,High,Popular
79067,CORONA MEXICAN TRAY,496.25,27.57,18,143,7.94,3.71,0.19,16,18,31.02,7.94,Medium,Occasional
79071B,ENGLISH ROSE METAL WASTE BIN,59.0,5.36,11,20,1.82,2.95,0.0,10,11,5.9,1.82,Low,Occasional
79144B,PAINTED LIGHTBULB STAR+ MOON,42.96,2.68,16,108,6.75,0.41,0.02,14,15,3.07,7.2,Low,Occasional
79144C,PAINTED LIGHTBULB RAINBOW DESIGN,24.48,3.5,7,64,9.14,0.41,0.02,5,6,4.9,10.67,Low,Niche
79149B,SILICON STAR BULB  BLUE,7.56,0.94,8,18,2.25,0.42,0.0,8,8,0.94,2.25,Low,Niche
79151B,"SILICON CUBE 25W, BLUE",4.62,2.31,2,11,5.5,0.42,0.0,2,2,2.31,5.5,Low,Niche
79157B,UBO-LIGHT TRIOBASE BLUE,3.4,1.7,2,4,2.0,0.85,0.0,2,2,1.7,2.0,Low,Niche
79157V,UBO-LIGHT TRIOBASE PURPLE,4.25,1.42,3,5,1.67,0.85,0.0,3,3,1.42,1.67,Low,Niche
79160,HEART SHAPE WIRELESS DOORBELL,815.64,14.31,57,454,7.96,2.06,0.12,30,51,27.19,8.9,High,Popular
79161A,ST GEORGE SET OF 10 PARTY LIGHTS,5.9,2.95,2,2,1.0,2.95,0.0,2,2,2.95,1.0,Low,Niche
79163,BLACK CHAMPAGNE GLASS,627.03,17.42,36,1527,42.42,0.53,0.4,25,36,25.08,42.42,High,Occasional
79164,BLACK WINE GLASS,704.91,32.04,22,1675,76.14,0.68,0.54,12,20,58.74,83.75,High,Occasional
79190A,RETRO PLASTIC 70'S TRAY,144.06,4.12,35,343,9.8,0.42,0.0,24,35,6.0,9.8,Medium,Occasional
79190B,RETRO PLASTIC POLKA TRAY,251.82,6.81,37,671,18.14,0.42,0.02,24,37,10.49,18.14,Medium,Occasional
79190D,RETRO PLASTIC DAISY TRAY,95.34,3.81,25,227,9.08,0.42,0.0,16,25,5.96,9.08,Low,Occasional
79191B,RETRO PLASTIC POLKA TRAY,141.1,5.23,27,166,6.15,0.85,0.0,23,27,6.13,6.15,Medium,Occasional
79191C,RETRO PLASTIC ELEPHANT TRAY,946.83,12.14,78,1263,16.19,0.84,0.05,58,78,16.32,16.19,High,Popular
79191D,RETRO PLASTIC DAISY TRAY,31.45,3.93,8,37,4.62,0.85,0.0,7,8,4.49,4.62,Low,Niche
79192A,RETRO PLASTIC 70'S TRAY,3.75,1.88,2,3,1.5,1.25,0.0,2,2,1.88,1.5,Low,Niche
79302M,"ART LIGHTS,FUNK MONKEY",947.5,20.16,47,354,7.53,2.85,0.18,25,46,37.9,7.7,High,Popular
79320,FLAMINGO LIGHTS,4.95,4.95,1,1,1.0,4.95,,1,1,4.95,1.0,Low,Niche
79321,CHILLI LIGHTS,46636.21,87.99,530,9730,18.36,5.43,1.02,205,525,227.49,18.53,Premium,Best-Seller
79323B,BLACK CHERRY LIGHTS,108.0,36.0,3,16,5.33,6.75,0.0,2,3,54.0,5.33,Low,Niche
79323P,PINK CHERRY LIGHTS,81.0,27.0,3,12,4.0,6.75,0.0,1,3,81.0,4.0,Low,Niche
79323W,WHITE CHERRY LIGHTS,54.0,54.0,1,8,8.0,6.75,,1,1,54.0,8.0,Low,Niche
79329,PINK FLOCK GLASS CANDLEHOLDER,12.18,6.09,2,12,6.0,1.01,0.9,2,2,6.09,6.0,Low,Niche
79331,PINK FLOCK GLASS CANDLEHOLDER,17.5,5.83,3,26,8.67,0.8,0.73,3,3,5.83,8.67,Low,Niche
79336,LIGHT PINK FLOCK GLASS CANDLEHOLDER,13.68,4.56,3,36,12.0,0.38,0.0,2,3,6.84,12.0,Low,Niche
79337,BLUE FLOCK GLASS CANDLEHOLDER,262.24,23.84,11,650,59.09,0.61,0.51,9,11,29.14,59.09,Medium,Occasional
79403,FROSTED WHITE BASE ,75.65,6.88,11,89,8.09,0.85,0.0,9,11,8.41,8.09,Low,Occasional
79406,FROSTED WHITE BASE ,30.8,5.13,6,140,23.33,0.22,0.0,6,6,5.13,23.33,Low,Niche
81950B,FLOWER BLUE CLOCK WITH SUCKER,33.93,3.39,10,117,11.7,0.29,0.0,8,8,4.24,14.62,Low,Niche
81950V,FLOWER PURPLE CLOCK W/SUCKER,4.25,1.42,3,5,1.67,0.85,0.0,3,3,1.42,1.67,Low,Niche
81950V,FLOWER PURPLE CLOCK WITH SUCKER,4.64,1.16,4,16,4.0,0.29,0.0,3,3,1.55,5.33,Low,Niche
81952B,ROUND BLUE CLOCK WITH SUCKER,38.0,4.22,9,200,22.22,0.19,0.0,9,9,4.22,22.22,Low,Niche
81952V,ROUND PURPLE CLOCK WITH SUCKER,69.73,2.58,27,367,13.59,0.19,0.0,22,24,3.17,15.29,Low,Occasional
81953B,ROUND BLUE CLOCK WITH SUCKER,2.09,0.42,5,11,2.2,0.19,0.0,2,3,1.04,3.67,Low,Niche
81953P,ROUND ARTICULATED PINK CLOCK W/SUCK,5.32,1.77,3,28,9.33,0.19,0.0,2,3,2.66,9.33,Low,Niche
82001S,SILVER RECORD COVER FRAME,955.86,50.31,19,272,14.32,4.4,1.63,13,19,73.53,14.32,High,Occasional
82001S,VINYL RECORD FRAME SILVER,4300.75,47.26,91,1243,13.66,3.7,0.59,45,90,95.57,13.81,Premium,Popular
82011A,"BATHROOM SCALES, TROPICAL BEACH",60.0,6.0,10,16,1.6,3.75,0.0,8,10,7.5,1.6,Low,Niche
82011B,BATHROOM SCALES RUBBER DUCKS,139.35,7.33,19,41,2.16,3.67,0.25,11,19,12.67,2.16,Medium,Occasional
82011C,BATHROOM SCALES FOOTPRINTS IN SAND,172.05,8.6,20,51,2.55,3.67,0.25,17,20,10.12,2.55,Medium,Occasional
82095,HEART BUTTONS JEWELLERY BOX,53.55,13.39,4,7,1.75,7.65,0.0,4,4,13.39,1.75,Low,Niche
82482,WOODEN PICTURE FRAME WHITE FINISH,20567.9,22.75,904,8503,9.41,2.65,0.36,410,893,50.17,9.52,Premium,Best-Seller
82483,WOOD 2 DRAWER CABINET WHITE FINISH,15930.57,28.15,566,2547,4.5,6.69,1.12,243,549,65.56,4.64,Premium,Best-Seller
82484,WOOD BLACK BOARD ANT WHITE FINISH,34648.96,56.16,617,5945,9.64,7.46,0.99,285,615,121.58,9.67,Premium,Best-Seller
82486,3 DRAWER ANTIQUE WHITE WOOD CABINET,6531.88,33.33,196,756,3.86,8.9,0.61,130,191,50.25,3.96,Premium,Best-Seller
82486,WOOD S/3 CABINET ANT WHITE FINISH,11644.65,29.55,394,1399,3.55,8.57,0.59,183,389,63.63,3.6,Premium,Best-Seller
82494L,WOODEN FRAME ANTIQUE WHITE ,18413.62,22.03,836,6587,7.88,2.93,0.34,392,826,46.97,7.97,Premium,Best-Seller
82551,LAUNDRY 15C METAL SIGN,4234.92,16.41,258,2795,10.83,1.49,0.2,156,256,27.15,10.92,Premium,Best-Seller
82552,WASHROOM METAL SIGN,4462.37,14.92,299,2922,9.77,1.47,0.13,184,292,24.25,10.01,Premium,Best-Seller
82567,"AIRLINE LOUNGE,METAL SIGN",1011.41,6.7,151,497,3.29,2.06,0.13,86,149,11.76,3.34,High,Best-Seller
82578,KITCHEN METAL SIGN,1095.16,4.87,225,1968,8.75,0.56,0.08,142,221,7.71,8.9,High,Best-Seller
82580,BATHROOM METAL SIGN,3145.05,8.0,393,5795,14.75,0.56,0.1,210,388,14.98,14.94,Premium,Best-Seller
82581,TOILET METAL SIGN,2008.29,6.52,308,3770,12.24,0.55,0.06,172,307,11.68,12.28,High,Best-Seller
82582,AREA PATROLLED METAL SIGN,8566.92,22.49,381,4297,11.28,2.11,0.24,176,377,48.68,11.4,Premium,Best-Seller
82583,HOT BATHS METAL SIGN,12965.6,31.32,414,6487,15.67,2.08,0.1,206,393,62.94,16.51,Premium,Best-Seller
82599,FANNY'S REST STOPMETAL SIGN,879.18,10.11,87,421,4.84,2.1,0.04,67,85,13.12,4.95,High,Popular
82600,N0 SINGING METAL SIGN,2523.78,72.11,35,1197,34.2,2.09,0.15,30,35,84.13,34.2,Premium,Occasional
82600,NO SINGING METAL SIGN,9644.8,24.67,391,4673,11.95,2.08,0.09,206,387,46.82,12.07,Premium,Best-Seller
82605,OLD DOC RUSSEL METAL SIGN,29.4,9.8,3,14,4.67,2.1,0.0,3,3,9.8,4.67,Low,Niche
82613A,"METAL SIGN,CUPCAKE SINGLE HOOK",83.75,5.58,15,67,4.47,1.25,0.0,13,14,6.44,4.79,Low,Occasional
82613B,"METAL SIGN,CUPCAKE SINGLE HOOK",277.25,5.9,47,421,8.96,1.02,0.38,39,46,7.11,9.15,Medium,Popular
82613C,"METAL SIGN,CUPCAKE SINGLE HOOK",243.85,6.25,39,381,9.77,0.99,0.39,33,38,7.39,10.03,Medium,Occasional
82613D,METAL SIGN CUPCAKE SINGLE HOOK,280.5,5.39,52,490,9.42,0.95,0.4,43,51,6.52,9.61,Medium,Popular
82615,PINK MARSHMALLOW SCARF KNITTING KIT,91.8,91.8,1,36,36.0,2.55,,1,1,91.8,36.0,Low,Niche
82616B,FRAPPUCINO SCARF KNITTING KIT,428.03,8.39,51,317,6.22,1.68,0.69,35,48,12.23,6.6,Medium,Popular
82616C,MIDNIGHT GLAMOUR SCARF KNITTING KIT,389.27,7.34,53,280,5.28,1.57,0.61,40,53,9.73,5.28,Medium,Popular
84006,MAGIC TREE -PAPER FLOWERS,708.05,8.96,79,833,10.54,0.85,0.0,46,78,15.39,10.68,High,Popular
84012,MAGIC SHEEP WOOL GROWING FROM PAPER,1286.9,13.69,94,1330,14.15,1.05,0.55,77,93,16.71,14.3,High,Popular
84016,FLAG OF ST GEORGE CAR FLAG,10.5,10.5,1,25,25.0,0.42,,1,1,10.5,25.0,Low,Niche
84029E,RED WOOLLY HOTTIE WHITE HEART.,13506.96,40.56,333,3726,11.19,4.06,0.65,228,326,59.24,11.43,Premium,Best-Seller
84029G,KNITTED UNION FLAG HOT WATER BOTTLE,9387.17,28.45,330,2483,7.52,4.0,0.56,212,323,44.28,7.69,Premium,Best-Seller
84030E,ENGLISH ROSE HOT WATER BOTTLE,5780.66,20.0,289,1426,4.93,4.27,0.49,198,279,29.2,5.11,Premium,Best-Seller
84031A,CHARLIE+LOLA RED HOT WATER BOTTLE ,538.78,10.56,51,194,3.8,3.87,1.3,35,50,15.39,3.88,Medium,Popular
84031B,CHARLIE LOLA BLUE HOT WATER BOTTLE ,383.69,9.84,39,115,2.95,3.96,1.26,30,38,12.79,3.03,Medium,Occasional
84032A,CHARLIE+LOLA PINK HOT WATER BOTTLE,1195.51,10.87,110,477,4.34,2.75,0.7,79,107,15.13,4.46,High,Popular
84032B,CHARLIE + LOLA RED HOT WATER BOTTLE,1475.5,10.77,137,720,5.26,2.64,0.79,108,134,13.66,5.37,High,Best-Seller
84033,FLAG OF ST GEORGE ,37.95,5.42,7,23,3.29,1.65,0.0,7,7,5.42,3.29,Low,Niche
84050,PINK HEART SHAPE EGG FRYING PAN,4400.08,21.15,208,3152,15.15,1.64,0.38,139,202,31.66,15.6,Premium,Best-Seller
84051,ASS COLOUR GLOWING TIARAS,212.8,8.18,26,280,10.77,0.84,0.04,24,24,8.87,11.67,Medium,Occasional
84077,WORLD WAR 2 GLIDERS ASSTD DESIGNS,13840.17,28.95,478,55615,116.35,0.29,0.06,307,477,45.08,116.59,Premium,Best-Seller
84078A,SET/4 WHITE RETRO STORAGE CUBES ,14255.4,125.05,114,392,3.44,38.77,2.14,79,114,180.45,3.44,Premium,Popular
84086B,YELLOW/BLUE RETRO RADIO,50.15,5.57,9,17,1.89,2.95,0.0,3,8,16.72,2.12,Low,Niche
84086C,PINK/PURPLE RETRO RADIO,413.0,19.67,21,140,6.67,2.95,0.0,13,19,31.77,7.37,Medium,Occasional
84192,ASSORTED COLOUR METAL CAT ,143.75,5.13,28,115,4.11,1.25,0.0,19,25,7.57,4.6,Medium,Occasional
84199,GLOW IN DARK DOLPHINS,27.09,0.9,30,129,4.3,0.21,0.0,28,28,0.97,4.61,Low,Occasional
84201B,HAPPY BIRTHDAY CARD STRIPEY TEDDY,2.47,1.24,2,13,6.5,0.19,0.0,2,2,1.24,6.5,Low,Niche
84201C,HAPPY BIRTHDAY CARD TEDDY/CAKE,0.95,0.95,1,5,5.0,0.19,,1,1,0.95,5.0,Low,Niche
84206A,3 BLACK CATS W HEARTS BLANK CARD,4.56,1.52,3,24,8.0,0.19,0.0,3,3,1.52,8.0,Low,Niche
84206B,CAT WITH SUNGLASSES BLANK CARD,0.95,0.95,1,5,5.0,0.19,,1,1,0.95,5.0,Low,Niche
84206C,CHAMPAGNE TRAY BLANK CARD,1.52,0.76,2,8,4.0,0.19,0.0,2,2,0.76,4.0,Low,Niche
84212,"ASSORTED FLOWER COLOUR ""LEIS""",4871.45,47.3,103,10297,99.97,0.62,0.08,72,103,67.66,99.97,Premium,Popular
84218,BOX/12 CHICK & EGG IN BASKET,222.3,5.56,40,122,3.05,1.94,0.04,37,40,6.01,3.05,Medium,Occasional
84226,HEN HOUSE W FAMILY IN BARN & NEST,34.51,3.83,9,49,5.44,0.83,0.07,9,9,3.83,5.44,Low,Niche
84227,HEN HOUSE W CHICK IN NEST,0.42,0.42,1,1,1.0,0.42,,1,1,0.42,1.0,Low,Niche
84228,HEN HOUSE W CHICK STANDING,107.82,6.34,17,271,15.94,0.42,0.01,13,17,8.29,15.94,Low,Occasional
84228,HEN HOUSE WITH CHICK STANDING,5.88,1.96,3,14,4.67,0.42,0.0,3,3,1.96,4.67,Low,Niche
84231,EASTER BUNNY WITH BASKET ON BACK,68.25,3.59,19,105,5.53,0.65,0.0,13,18,5.25,5.83,Low,Occasional
84247E,PACK OF 12 CHRISTMAS FUN CARDS,212.4,12.49,17,72,4.24,2.95,0.0,13,15,16.34,4.8,Medium,Occasional
84247E,PACK/12 XMAS FUN CARD,100.3,9.12,11,34,3.09,2.95,0.0,10,10,10.03,3.4,Low,Occasional
84247G,"DECOUPAGE,GREETING CARD,",141.12,6.14,23,336,14.61,0.42,0.0,17,23,8.3,14.61,Medium,Occasional
84247K,"FOLK ART GREETING CARD,pack/12",100.3,9.12,11,34,3.09,2.95,0.0,7,10,14.33,3.4,Low,Occasional
84247L,FAWN AND MUSHROOM GREETING CARD,45.36,5.67,8,108,13.5,0.42,0.0,8,8,5.67,13.5,Low,Niche
84247N,PACK/12 BLUE FOLKART CARDS,64.9,3.61,18,22,1.22,2.95,0.0,16,18,4.06,1.22,Low,Occasional
84249A,"GREETING CARD,SQUARE, DOUGHNUTS",68.84,5.3,13,160,12.31,0.48,0.15,12,13,5.74,12.31,Low,Occasional
84251B,"GREETING CARD, STICKY GORDON",32.11,2.14,15,169,11.27,0.19,0.0,12,15,2.68,11.27,Low,Occasional
84251C,"GREETING CARD, TWO SISTERS.",4.56,2.28,2,24,12.0,0.19,0.0,2,2,2.28,12.0,Low,Niche
84251G,"GREETING CARD, OVERCROWDED POOL.",34.2,2.28,15,180,12.0,0.19,0.0,15,15,2.28,12.0,Low,Occasional
84279B,CHERRY BLOSSOM DECORATIVE FLASK,704.43,11.18,63,189,3.0,3.74,0.05,48,60,14.68,3.15,High,Popular
84279P,CHERRY BLOSSOM  DECORATIVE FLASK,1313.97,12.51,105,355,3.38,3.74,0.07,79,101,16.63,3.51,High,Popular
84306,S/3 PINK SQUARE PLANTERS ROSES,21.9,10.95,2,2,1.0,10.95,0.0,2,2,10.95,1.0,Low,Niche
84313B,BLUE TV TRAY TABLE ,175.8,13.52,13,76,5.85,3.19,1.19,6,13,29.3,5.85,Medium,Occasional
84313C,ORANGE TV TRAY TABLE ,908.15,37.84,24,461,19.21,2.24,0.78,17,24,53.42,19.21,High,Occasional
84341B,SMALL PINK MAGIC CHRISTMAS TREE,252.23,7.42,34,618,18.18,0.5,0.21,30,33,8.41,18.73,Medium,Occasional
84347,ROTATING SILVER ANGELS T-LIGHT HLDR,17888.62,54.37,329,17273,52.5,2.6,0.52,192,307,93.17,56.26,Premium,Best-Seller
84352,SILVER CHRISTMAS TREE BAUBLE STAND ,611.15,24.45,25,37,1.48,16.79,0.55,16,25,38.2,1.48,High,Occasional
84356,POMPOM CURTAIN,1570.15,34.13,46,337,7.33,5.65,2.12,32,46,49.07,7.33,High,Popular
84358,FLOOR LAMP SHADE WOOD BASE,287.74,23.98,12,32,2.67,9.34,0.75,6,12,47.96,2.67,Medium,Occasional
84360,TABLE LAMP WHITE SHADE WOOD BASE,388.3,22.84,17,74,4.35,5.8,0.43,9,17,43.14,4.35,Medium,Occasional
84375,SET OF 20 KIDS COOKIE CUTTERS,8724.57,20.29,430,4162,9.68,2.15,0.32,290,418,30.08,9.96,Premium,Best-Seller
84378,SET OF 3 HEART COOKIE CUTTERS,7831.84,14.61,536,6091,11.36,1.33,0.18,376,525,20.83,11.6,Premium,Best-Seller
84380,SET OF 3 BUTTERFLY COOKIE CUTTERS,6802.65,13.21,515,5356,10.4,1.33,0.18,325,505,20.93,10.61,Premium,Best-Seller
84387A,BIRD ON BRANCH CANVAS SCREEN,21.45,21.45,1,11,11.0,1.95,,1,1,21.45,11.0,Low,Niche
84388,WISE MAN STAR SHAPE EGG PAN,13.14,2.19,6,24,4.0,1.02,0.69,6,6,2.19,4.0,Low,Niche
84402B,PURPLE DRESS JEWELLERY STAND,48.19,16.06,3,61,20.33,0.79,0.0,3,3,16.06,20.33,Low,Niche
84406B,CREAM CUPID HEARTS COAT HANGER,7287.88,29.15,250,1960,7.84,3.81,0.48,134,247,54.39,7.94,Premium,Best-Seller
84415A,PINK FLOCK SUEDE CUSHION COVER ,15.0,7.5,2,12,6.0,1.25,0.0,2,2,7.5,6.0,Low,Niche
84415B,BLUE FLOCK CUSHION COVER ,12.5,6.25,2,6,3.0,2.5,1.77,2,2,6.25,3.0,Low,Niche
84422,PINK/BLUE DISC/MIRROR STRING,239.13,26.57,9,599,66.56,0.44,0.15,8,9,29.89,66.56,Medium,Niche
84429A,MEDIUM PINK BUDDHA HEAD ,138.65,9.24,15,47,3.13,2.95,0.0,13,14,10.67,3.36,Medium,Occasional
84452,METAL RABBIT LADDER EASTER ,66.3,3.9,17,78,4.59,0.85,0.0,14,17,4.74,4.59,Low,Occasional
84457,SET/3 RABBITS FLOWER SKIPPPING ROPE,102.0,4.43,23,120,5.22,0.85,0.0,21,21,4.86,5.71,Low,Occasional
84459A,PINK METAL CHICKEN HEART ,994.05,16.85,59,729,12.36,1.48,0.05,49,55,20.29,13.25,High,Popular
84459B,YELLOW METAL CHICKEN HEART ,938.12,15.38,61,676,11.08,1.48,0.04,54,60,17.37,11.27,High,Popular
84461,12 PINK HEN+CHICKS IN BASKET,119.85,7.99,15,47,3.13,2.55,0.0,13,15,9.22,3.13,Medium,Occasional
84462,3 PINK HEN+CHICKS IN BASKET,15.0,2.5,6,12,2.0,1.25,0.0,6,6,2.5,2.0,Low,Niche
84465,15 PINK FLUFFY CHICKS IN BOX,29.5,4.21,7,10,1.43,2.95,0.0,7,7,4.21,1.43,Low,Niche
84466,TOP SECRET PEN SET,57.5,5.75,10,46,4.6,1.25,0.0,8,10,7.19,4.6,Low,Niche
84497,BUTTONS AND STRIPES NOTEBOOK ,48.75,6.96,7,13,1.86,3.75,0.0,7,7,6.96,1.86,Low,Niche
84499,BLACK FLOWER CANDLE PLATE,5.95,2.97,2,7,3.5,0.85,0.0,2,2,2.98,3.5,Low,Niche
84507B,STRIPES DESIGN MONKEY DOLL,79.05,5.65,14,31,2.21,2.55,0.0,10,14,7.9,2.21,Low,Occasional
84507C,BLUE CIRCLES DESIGN MONKEY DOLL,178.5,6.38,28,70,2.5,2.55,0.0,11,27,16.23,2.59,Medium,Occasional
84508A,CAMOUFLAGE DESIGN TEDDY,3448.05,95.78,36,1631,45.31,2.41,0.21,17,36,202.83,45.31,Premium,Occasional
84508B,STRIPES DESIGN TEDDY,160.65,5.02,32,63,1.97,2.55,0.0,22,31,7.3,2.03,Medium,Occasional
84508C,BLUE CIRCLES DESIGN TEDDY,132.6,6.31,21,52,2.48,2.55,0.0,14,20,9.47,2.6,Medium,Occasional
84509A,SET OF 4 ENGLISH ROSE PLACEMATS,2228.39,15.69,142,621,4.37,3.81,0.55,103,142,21.63,4.37,Premium,Best-Seller
84509B,SET OF 4 FAIRY CAKE PLACEMATS,585.0,11.94,49,156,3.18,3.75,0.0,37,48,15.81,3.25,High,Popular
84509C,SET OF 4 POLKADOT PLACEMATS ,273.3,11.39,24,78,3.25,3.72,0.16,20,23,13.66,3.39,Medium,Occasional
84509E,SET OF 4 CAROUSEL PLACEMATS ,101.06,12.63,8,70,8.75,2.38,1.47,7,8,14.44,8.75,Low,Niche
84509G,SET OF 4 FAIRY CAKE PLACEMATS ,856.25,18.61,46,491,10.67,2.72,1.24,42,46,20.39,10.67,High,Popular
84510A,SET OF 4 ENGLISH ROSE COASTERS,1296.84,8.53,152,1064,7.0,1.27,0.17,100,145,12.97,7.34,High,Best-Seller
84510C,SET OF 4 POLKADOT COASTERS,124.92,3.67,34,98,2.88,1.32,0.29,25,32,5.0,3.06,Medium,Occasional
84510E,SET OF 4 GREEN CAROUSEL COASTERS,26.05,2.89,9,25,2.78,1.02,0.46,9,9,2.89,2.78,Low,Niche
84519A,TOMATO CHARLIE+LOLA COASTER SET,739.19,12.12,61,477,7.82,1.45,0.71,45,61,16.43,7.82,High,Popular
84519B,CARROT CHARLIE+LOLA COASTER SET,547.24,5.88,93,426,4.58,1.34,0.53,63,91,8.69,4.68,Medium,Popular
84520B,PACK 20 ENGLISH ROSE PAPER NAPKINS,388.69,7.07,55,481,8.75,0.85,0.03,51,54,7.62,8.91,Medium,Popular
84522,PINK PARTY SUNGLASSES,23.4,3.9,6,12,2.0,1.95,0.0,6,6,3.9,2.0,Low,Niche
84527,FLAMES SUNGLASSES PINK LENSES,84.45,14.07,6,47,7.83,1.9,0.12,6,6,14.08,7.83,Low,Niche
84531A,PINK KNITTED EGG COSY,71.76,2.76,26,140,5.38,0.69,0.63,24,25,2.99,5.6,Low,Occasional
84531B,BLUE KNITTED EGG COSY,83.46,3.21,26,150,5.77,0.75,0.67,24,25,3.48,6.0,Low,Occasional
84534B,FAIRY CAKE NOTEBOOK A5 SIZE,39.1,7.82,5,46,9.2,0.85,0.0,5,5,7.82,9.2,Low,Niche
84535A,ENGLISH ROSE NOTEBOOK A6 SIZE,185.1,9.25,20,398,19.9,0.64,0.05,19,20,9.74,19.9,Medium,Occasional
84535B,FAIRY CAKES NOTEBOOK A6 SIZE,835.14,7.46,112,1383,12.35,0.67,0.14,80,111,10.44,12.46,High,Popular
84536A,ENGLISH ROSE NOTEBOOK A7 SIZE,1160.44,5.13,226,2761,12.22,0.42,0.04,140,222,8.29,12.44,High,Best-Seller
84536B,FAIRY CAKES NOTEBOOK A7 SIZE,675.5,6.62,102,1732,16.98,0.43,0.07,74,101,9.13,17.15,High,Popular
84539,KNITTED RABBIT DOLL ,26.4,26.4,1,16,16.0,1.65,,1,1,26.4,16.0,Low,Niche
84548,CROCHET BEAR RED/BLUE  KEYRING,24.75,6.19,4,15,3.75,1.65,0.0,3,3,8.25,5.0,Low,Niche
84549,CROCHET WHITE RABBIT KEYRING ,44.7,22.35,2,30,15.0,1.55,0.14,2,2,22.35,15.0,Low,Niche
84550,CROCHET LILAC/RED BEAR KEYRING,1.65,1.65,1,1,1.0,1.65,,1,1,1.65,1.0,Low,Niche
84551,CROCHET DOG KEYRING,1.65,1.65,1,1,1.0,1.65,,1,1,1.65,1.0,Low,Niche
84558A,3D DOG PICTURE PLAYING CARDS,864.35,13.51,64,293,4.58,2.95,0.0,49,60,17.64,4.88,High,Popular
84559A,3D SHEET OF DOG STICKERS,230.28,5.76,40,270,6.75,0.87,0.12,33,40,6.98,6.75,Medium,Occasional
84559B,3D SHEET OF CAT STICKERS,186.15,4.23,44,219,4.98,0.85,0.0,36,43,5.17,5.09,Medium,Occasional
84562A,PINK/WHITE RIBBED MELAMINE JUG,15.9,7.95,2,2,1.0,7.95,0.0,2,2,7.95,1.0,Low,Niche
84563A,PINK & WHITE BREAKFAST TRAY,198.05,14.15,14,59,4.21,4.02,1.49,11,14,18.0,4.21,Medium,Occasional
84563B,BLUE & WHITE BREAKFAST TRAY,221.35,9.22,24,73,3.04,3.2,0.85,18,21,12.3,3.48,Medium,Occasional
84568,GIRLS ALPHABET IRON ON PATCHES ,2332.8,97.2,24,12480,520.0,0.2,0.02,18,23,129.6,542.61,Premium,Occasional
84569A,PACK 3 IRON ON DOG PATCHES,239.96,9.23,26,191,7.35,1.3,0.24,26,26,9.23,7.35,Medium,Occasional
84569B,PACK 3 FIRE ENGINE/CAR PATCHES,95.0,7.92,12,76,6.33,1.25,0.0,11,11,8.64,6.91,Low,Occasional
84569C,PACK 4 FLOWER/BUTTERFLY PATCHES,1.25,1.25,1,1,1.0,1.25,,1,1,1.25,1.0,Low,Niche
84569D,PACK 6 HEART/ICE-CREAM PATCHES,338.67,9.68,35,269,7.69,1.28,0.2,32,34,10.58,7.91,Medium,Occasional
84575A,PINK DOG CANNISTER,45.25,9.05,5,15,3.0,4.35,2.19,4,5,11.31,3.0,Low,Niche
84576,BLUE CAT BISCUIT BARREL PINK HEART,111.15,12.35,9,57,6.33,1.95,0.0,8,9,13.89,6.33,Low,Niche
84580,MOUSE TOY WITH PINK T-SHIRT,1260.05,10.24,123,335,2.72,3.77,0.08,91,120,13.85,2.79,High,Popular
84581,DOG TOY WITH PINK CROCHET SKIRT,623.26,8.78,71,166,2.34,3.76,0.06,60,70,10.39,2.37,High,Popular
84584,PINK GINGHAM CAT WITH SCARF,211.65,11.76,18,83,4.61,2.55,0.0,18,18,11.76,4.61,Medium,Occasional
84592,CROCHET ROSE PURSE WITH SUEDE BACK,206.5,12.15,17,70,4.12,2.95,0.0,15,17,13.77,4.12,Medium,Occasional
84593,CROCHET ROSE DES CLOTHES HANGER,14.75,7.38,2,5,2.5,2.95,0.0,1,1,14.75,5.0,Low,Niche
84595E,LARGE TORTILLA DESIGN RED BOWL,109.8,12.2,9,64,7.11,2.12,0.93,8,9,13.72,7.11,Low,Niche
84596B,SMALL DOLLY MIX DESIGN ORANGE BOWL,2070.01,5.45,380,4507,11.86,0.48,0.2,189,362,10.95,12.45,Premium,Best-Seller
84596E,SMALL LICORICE DES PINK BOWL,253.05,7.03,36,392,10.89,0.76,0.41,33,35,7.67,11.2,Medium,Occasional
84596F,SMALL MARSHMALLOWS PINK BOWL,1568.35,5.14,305,3317,10.88,0.5,0.23,166,289,9.45,11.48,High,Best-Seller
84596G,SMALL CHOCOLATES PINK BOWL,775.02,4.78,162,1662,10.26,0.49,0.2,84,158,9.23,10.52,High,Best-Seller
84596J,MIXED NUTS LIGHT GREEN BOWL,205.28,7.6,27,469,17.37,0.51,0.27,21,27,9.78,17.37,Medium,Occasional
84596L,BISCUITS SMALL BOWL LIGHT BLUE,441.36,5.52,80,1039,12.99,0.48,0.22,49,79,9.01,13.15,Medium,Popular
84597B,RETRO BROWN BALL ASHTRAY ,51.25,10.25,5,41,8.2,1.25,0.0,3,5,17.08,8.2,Low,Niche
84597C,RETRO PINK BALL ASHTRAY ,57.5,4.42,13,46,3.54,1.25,0.0,11,13,5.23,3.54,Low,Occasional
84598,BOYS ALPHABET IRON ON PATCHES,322.56,53.76,6,1536,256.0,0.21,0.0,5,6,64.51,256.0,Medium,Niche
84600,NEW BAROQUE JEWELLERY BOX ,375.55,17.88,21,49,2.33,7.85,0.3,17,21,22.09,2.33,Medium,Occasional
84609,TALL ROCOCO CANDLE HOLDER,737.0,40.94,18,92,5.11,8.36,0.4,16,18,46.06,5.11,High,Occasional
84613A,PINK NEW BAROQUE FLOCK CANDLESTICK,27.9,9.3,3,6,2.0,4.65,0.0,3,3,9.3,2.0,Low,Niche
84613C,BLUE NEW BAROQUE FLOCK CANDLESTICK,4.65,4.65,1,1,1.0,4.65,,1,1,4.65,1.0,Low,Niche
84614A,PINK BAROQUE FLOCK CANDLE HOLDER,11.9,11.9,1,2,2.0,5.95,,1,1,11.9,2.0,Low,Niche
84616,SILVER ROCCOCO CHANDELIER,419.3,52.41,8,14,1.75,29.95,0.0,6,8,69.88,1.75,Medium,Niche
84617,NEW BAROQUE BLACK BOXES,38.25,12.75,3,3,1.0,12.75,0.0,3,3,12.75,1.0,Low,Niche
84620,BLUE GINGHAM ROSE CUSHION COVER,11.9,11.9,1,2,2.0,5.95,,1,1,11.9,2.0,Low,Niche
84625A,PINK NEW BAROQUECANDLESTICK CANDLE,494.05,14.97,33,475,14.39,1.49,0.98,24,33,20.59,14.39,Medium,Occasional
84625C,BLUE NEW BAROQUE CANDLESTICK CANDLE,519.8,15.75,33,488,14.79,1.42,0.95,20,33,25.99,14.79,Medium,Occasional
84629,WHITE 3 FRAME BIRDS AND TREE ,154.95,14.09,11,21,1.91,9.59,7.94,10,11,15.5,1.91,Medium,Occasional
84631,FRUIT TREE AND BIRDS WALL PLAQUE,159.0,13.25,12,20,1.67,7.95,0.0,7,11,22.71,1.82,Medium,Occasional
84632,DECORATIVE HANGING SHELVING UNIT,419.65,69.94,6,7,1.17,59.95,0.0,5,6,83.93,1.17,Medium,Niche
84637,KITCHEN FLOWER POTS WALL PLAQUE,172.55,13.27,13,29,2.23,5.95,0.0,11,13,15.69,2.23,Medium,Occasional
84638,SMALL KITCHEN FLOWER POTS PLAQUE,132.05,11.0,12,19,1.58,6.95,0.0,11,12,12.0,1.58,Medium,Occasional
84658,WHITE STITCHED CUSHION COVER,322.38,17.91,18,46,2.56,7.02,0.32,14,16,23.03,2.88,Medium,Occasional
84659A,WHITE TRAVEL ALARM CLOCK,316.86,13.78,23,135,5.87,2.47,0.29,19,23,16.68,5.87,Medium,Occasional
84660A,WHITE STITCHED WALL CLOCK,766.44,20.17,38,839,22.08,1.42,1.42,30,38,25.55,22.08,High,Occasional
84660B,BLACK STITCHED WALL CLOCK,686.23,22.87,30,697,23.23,1.32,0.99,20,29,34.31,24.03,High,Occasional
84660C,PINK STITCHED WALL CLOCK,590.57,21.87,27,639,23.67,1.0,0.58,20,27,29.53,23.67,High,Occasional
84661A,WHITE SQUARE TABLE CLOCK,132.99,12.09,11,94,8.55,2.13,1.27,10,11,13.3,8.55,Medium,Occasional
84661B,BLACK SQUARE TABLE CLOCK,225.49,18.79,12,95,7.92,2.57,1.65,10,12,22.55,7.92,Medium,Occasional
84661C,PINK SQUARE TABLE CLOCK,70.1,14.02,5,62,12.4,1.49,0.96,5,5,14.02,12.4,Low,Niche
84663A,GRASS HOPPER WOODEN WALL CLOCK ,333.15,11.9,28,265,9.46,2.16,2.25,21,28,15.86,9.46,Medium,Occasional
84665,SQUARE CHERRY BLOSSOM CABINET,743.75,37.19,20,125,6.25,5.95,0.0,14,20,53.12,6.25,High,Occasional
84666,SQUARE CHERRY BLOSSOM CABINET,94.8,23.7,4,24,6.0,3.95,0.0,4,4,23.7,6.0,Low,Niche
84673A,PINK FLY SWAT,40.95,1.58,26,63,2.42,0.65,0.0,21,25,1.95,2.52,Low,Occasional
84673B,BLUE FLY SWAT,114.21,2.72,42,135,3.21,0.86,0.41,31,42,3.68,3.21,Medium,Occasional
84674,FLYING PIG WATERING CAN,441.05,10.26,43,191,4.44,2.83,0.44,31,41,14.23,4.66,Medium,Occasional
84675,FROG KING WATERING CAN,26.55,13.28,2,9,4.5,2.95,0.0,2,2,13.28,4.5,Low,Niche
84678,CLASSICAL ROSE SMALL VASE,232.15,19.35,12,141,11.75,2.12,0.64,11,12,21.1,11.75,Medium,Occasional
84679,CLASSICAL ROSE TABLE LAMP,55.7,27.85,2,6,3.0,11.95,11.31,2,2,27.85,3.0,Low,Niche
84683,CLASSICAL ROSE CANDLESTAND,147.35,21.05,7,187,26.71,0.99,0.32,6,7,24.56,26.71,Medium,Niche
84685,BEACH HUT KEY CABINET,82.5,8.25,10,22,2.2,3.75,0.0,6,10,13.75,2.2,Low,Niche
84686,BEACH HUT MIRROR,66.39,8.3,8,49,6.12,2.95,1.79,7,8,9.48,6.12,Low,Niche
84687,BEACH HUT SHELF W 3 DRAWERS,400.3,17.4,23,74,3.22,5.73,0.42,16,23,25.02,3.22,Medium,Occasional
84688,BEACH HUT DESIGN BLACKBOARD,199.75,19.98,10,47,4.7,4.25,0.0,7,10,28.54,4.7,Medium,Niche
84689,S/2 BEACH HUT TREASURE CHESTS,9.95,4.97,2,3,1.5,3.98,2.79,2,2,4.97,1.5,Low,Niche
84691,PACK 20 DOLLY PEGS,174.5,43.62,4,242,60.5,0.75,0.07,2,4,87.25,60.5,Medium,Niche
84692,BOX OF 24 COCKTAIL PARASOLS,2813.19,7.46,377,6814,18.07,0.43,0.07,209,366,13.46,18.62,Premium,Best-Seller
84705C,PINK FLOCK PHOTO FRAME ,15.0,15.0,1,12,12.0,1.25,,1,1,15.0,12.0,Low,Niche
84706D,CHERRY BLOSSOM TABLE CLOCK ,25.7,8.57,3,6,2.0,4.28,4.04,3,3,8.57,2.0,Low,Niche
84706F,RED PEONY TABLE CLOCK,47.2,4.72,10,16,1.6,2.95,0.0,9,10,5.24,1.6,Low,Niche
84707A,SILVER JEWELLED MIRROR TRINKET TRAY,440.74,17.63,25,66,2.64,9.55,5.07,21,25,20.99,2.64,Medium,Occasional
84707B,PINK JEWELLED MIRROR TRINKET TRAY,178.56,13.74,13,29,2.23,8.87,4.81,13,13,13.74,2.23,Medium,Occasional
84708B,PINK JEWELLED PHOTO FRAME ,256.75,18.34,14,53,3.79,4.85,0.25,13,14,19.75,3.79,Medium,Occasional
84709B,PINK OVAL JEWELLED MIRROR,119.0,10.82,11,20,1.82,5.95,0.0,11,11,10.82,1.82,Medium,Occasional
84711A,SILVER OVAL SHAPE TRINKET BOX,139.3,19.9,7,14,2.0,9.95,0.0,7,7,19.9,2.0,Medium,Niche
84711B,PINK OVAL SHAPE TRINKET BOX,149.25,18.66,8,15,1.88,9.95,0.0,7,8,21.32,1.88,Medium,Niche
84712B,PINK JEWELLED PHOTO FRAME,147.87,13.44,11,19,1.73,7.81,0.48,9,11,16.43,1.73,Medium,Occasional
84715,SET OF 6 ICE CREAM SKITTLES,47.2,15.73,3,16,5.33,2.95,0.0,3,3,15.73,5.33,Low,Niche
84723,CHERRY BLOSSOM CANVAS ART PICTURE,97.95,16.32,6,41,6.83,3.95,3.1,5,6,19.59,6.83,Low,Niche
84725,FREESTYLE CANVAS ART PICTURE,39.65,2.2,18,41,2.28,1.24,0.86,16,18,2.48,2.28,Low,Occasional
84731,3 BIRDS CANVAS SCREEN,2.04,1.02,2,2,1.0,1.02,0.89,2,2,1.02,1.0,Low,Niche
84732B,CUTE BIRD CEATURE SCREEN,8.58,4.29,2,22,11.0,0.39,0.0,2,2,4.29,11.0,Low,Niche
84732D,CUTE RABBIT CEATURE SCREEN ,4.29,2.14,2,11,5.5,0.39,0.0,2,2,2.14,5.5,Low,Niche
84741C,CITRUS GARLAND FELT FLOWERS ,117.0,8.36,14,60,4.29,1.95,0.0,14,14,8.36,4.29,Medium,Occasional
84743C,ORANGE FELT VASE + FLOWERS,1.25,1.25,1,1,1.0,1.25,,1,1,1.25,1.0,Low,Niche
84744,S/6 SEW ON CROCHET FLOWERS,135.0,7.5,18,108,6.0,1.25,0.0,17,18,7.94,6.0,Medium,Occasional
84745A,PINK HANGING GINGHAM EASTER HEN,13.44,2.69,5,32,6.4,0.42,0.0,5,5,2.69,6.4,Low,Niche
84745B,BLUE HANGING GINGHAM EASTER HEN,13.44,2.69,5,32,6.4,0.42,0.0,5,5,2.69,6.4,Low,Niche
84746,PINK EASTER HENS+FLOWER,11.25,11.25,1,3,3.0,3.75,,1,1,11.25,3.0,Low,Niche
84748,FOLK FELT HANGING MULTICOL GARLAND,105.0,9.55,11,28,2.55,3.75,0.0,7,8,15.0,3.5,Low,Occasional
84750A,PINK SMALL GLASS CAKE STAND,99.45,33.15,3,51,17.0,1.95,0.0,2,3,49.72,17.0,Low,Niche
84750B,BLACK SMALL GLASS CAKE STAND,55.38,4.26,13,62,4.77,1.11,0.81,12,13,4.62,4.77,Low,Occasional
84751B,BLACK MEDIUM GLASS CAKE STAND,39.48,3.95,10,20,2.0,1.68,1.43,8,9,4.93,2.22,Low,Niche
84754,S/15 SILVER GLASS BAUBLES IN BAG,739.1,19.45,38,646,17.0,1.24,0.05,35,37,21.12,17.46,High,Occasional
84755,COLOUR GLASS T-LIGHT HOLDER HANGING,9639.96,17.62,547,15676,28.66,0.65,0.07,318,540,30.31,29.03,Premium,Best-Seller
84760S,SMALL HANGING GLASS+ZINC LANTERN,62.35,6.93,9,43,4.78,1.45,0.0,8,8,7.79,5.38,Low,Niche
84763,ZINC FINISH 15CM PLANTER POTS,679.01,13.86,49,573,11.69,1.24,0.04,39,49,17.41,11.69,High,Popular
84766,SILVER ROCOCO CANDLE STICK,377.95,22.23,17,161,9.47,3.36,1.97,11,17,34.36,9.47,Medium,Occasional
84773,RED ROSE AND LACE C/COVER,8.85,8.85,1,3,3.0,2.95,,1,1,8.85,3.0,Low,Niche
84789,ENCHANTED BIRD PLANT CAGE,599.55,13.63,44,181,4.11,3.64,0.28,33,43,18.17,4.21,High,Occasional
84792,ENCHANTED BIRD COATHANGER 5 HOOK,3589.88,18.22,197,804,4.08,4.66,0.48,126,194,28.49,4.14,Premium,Best-Seller
84795B,SUNSET CHECK HAMMOCK,1249.65,31.24,40,167,4.18,7.8,0.36,33,40,37.87,4.18,High,Occasional
84795C,OCEAN STRIPE HAMMOCK ,15.9,15.9,1,2,2.0,7.95,,1,1,15.9,2.0,Low,Niche
84796A,PINK HAWAIIAN PICNIC HAMPER FOR 2,178.5,17.85,10,14,1.4,12.75,0.0,10,10,17.85,1.4,Medium,Niche
84796B,BLUE SAVANNAH PICNIC HAMPER FOR 2,793.35,46.67,17,69,4.06,12.43,0.71,16,17,49.58,4.06,High,Occasional
84798A,PINK FOXGLOVE ARTIIFCIAL FLOWER,66.3,16.58,4,26,6.5,2.55,0.0,4,4,16.58,6.5,Low,Niche
84798B,PURPLE FOXGLOVE ARTIIFCIAL FLOWER,17.85,8.92,2,7,3.5,2.55,0.0,2,2,8.93,3.5,Low,Niche
84799,SPRIG LAVENDER ARTIFICIAL FLOWER,190.64,17.33,11,280,25.45,0.95,0.42,9,11,21.18,25.45,Medium,Occasional
84800L,LARGE WHITE/PINK ROSE ART FLOWER,679.92,29.56,23,384,16.7,1.91,0.22,20,23,34.0,16.7,High,Occasional
84800M,MEDIUM WHITE/PINK ROSE ART FLOWER,179.38,14.95,12,130,10.83,1.55,0.21,12,12,14.95,10.83,Medium,Occasional
84800S,SMALL WHITE/PINK ROSE ART FLOWER,130.07,11.82,11,115,10.45,1.22,0.08,9,10,14.45,11.5,Medium,Occasional
84801A,PINK HYDRANGEA ART FLOWER,96.6,19.32,5,46,9.2,2.1,0.0,5,5,19.32,9.2,Low,Niche
84801B,WHITE HYDRANGEA ART FLOWER,46.2,15.4,3,22,7.33,2.1,0.0,3,3,15.4,7.33,Low,Niche
84802A,WHITE ANEMONE ARTIFICIAL FLOWER,3.38,3.38,1,2,2.0,1.69,,1,1,3.38,2.0,Low,Niche
84802B,PURPLE ANEMONE ARTIFICIAL FLOWER,6.76,6.76,1,4,4.0,1.69,,1,1,6.76,4.0,Low,Niche
84803B,WHITE ALLIUM  ARTIFICIAL FLOWER,25.35,8.45,3,15,5.0,1.69,0.0,3,3,8.45,5.0,Low,Niche
84804A,CREAM DELPHINIUM ARTIFICIAL FLOWER,180.58,22.57,8,70,8.75,2.68,0.76,8,8,22.57,8.75,Medium,Niche
84804B,BLUE DELPHINIUM ARTIFICIAL FLOWER,188.37,31.4,6,99,16.5,2.23,1.12,6,6,31.4,16.5,Medium,Niche
84805A,CREAM CLIMBING HYDRANGA ART FLOWER,52.5,17.5,3,30,10.0,2.08,1.44,3,3,17.5,10.0,Low,Niche
84805B,BLUE CLIMBING HYDRANGA ART FLOWER,52.5,17.5,3,38,12.67,2.08,1.44,3,3,17.5,12.67,Low,Niche
84806A,PINK CANDYSTUFT ARTIFICIAL FLOWER,96.89,8.81,11,137,12.45,1.06,0.53,11,11,8.81,12.45,Low,Occasional
84806B,WHITE CANDYSTUFT ARTIFICIAL FLOWER,394.16,20.75,19,296,15.58,1.38,0.24,18,19,21.9,15.58,Medium,Occasional
84809A,WHITE CHRYSANTHEMUMS ART FLOWER,79.8,15.96,5,38,7.6,2.1,0.0,5,5,15.96,7.6,Low,Niche
84809B,PINK CHRYSANTHEMUMS ART FLOWER,37.8,37.8,1,18,18.0,2.1,,1,1,37.8,18.0,Low,Niche
84813,SET OF 4 DIAMOND NAPKIN RINGS,1138.17,51.73,22,145,6.59,8.96,5.72,19,22,59.9,6.59,High,Occasional
84816,DANISH ROSE BEDSIDE CABINET,759.05,50.6,15,19,1.27,39.95,0.0,10,15,75.9,1.27,High,Occasional
84817,DANISH ROSE DECORATIVE PLATE,788.34,12.72,62,988,15.94,1.5,0.82,49,61,16.09,16.2,High,Popular
84818,DANISH ROSE PHOTO FRAME,1563.05,14.61,107,1519,14.2,1.36,0.82,79,106,19.79,14.33,High,Popular
84819,DANISH ROSE ROUND SEWING BOX,968.79,15.14,64,815,12.73,2.28,1.68,57,64,17.0,12.73,High,Popular
84820,DANISH ROSE TRINKET TRAYS,508.43,15.41,33,265,8.03,3.85,2.42,31,32,16.4,8.28,Medium,Occasional
84821,DANISH ROSE DELUXE COASTER,426.7,10.16,42,958,22.81,0.62,0.31,34,40,12.55,23.95,Medium,Occasional
84823,DANISH ROSE FOLDING CHAIR,890.4,35.62,25,112,4.48,7.95,0.0,25,25,35.62,4.48,High,Occasional
84824,DANISH ROSE UMBRELLA STAND,31.9,15.95,2,2,1.0,15.95,0.0,2,2,15.95,1.0,Low,Niche
84826,ASSTD DESIGN 3D PAPER STICKERS,11099.38,299.98,37,13762,371.95,0.59,0.32,30,32,369.98,430.06,Premium,Occasional
84827,ASS DES PHONE SPONGE CRAFT STICKER,154.39,8.58,18,511,28.39,0.49,0.24,12,14,12.87,36.5,Medium,Occasional
84828,JUNGLE POPSICLES ICE LOLLY HOLDERS,151.25,8.9,17,121,7.12,1.25,0.0,15,15,10.08,8.07,Medium,Occasional
84828,JUNGLE POPSICLES ICE LOLLY MOULDS,1071.16,10.61,101,857,8.49,1.32,0.29,74,97,14.48,8.84,High,Popular
84832,ZINC WILLIE WINKIE  CANDLE STICK,2187.15,11.33,193,2619,13.57,0.87,0.14,137,189,15.96,13.86,Premium,Best-Seller
84836,ZINC METAL HEART DECORATION,7149.93,14.53,492,5790,11.77,1.26,0.1,310,477,23.06,12.14,Premium,Best-Seller
84839,SWEETHEART KEY CABINET,5.55,5.55,1,1,1.0,5.55,,1,1,5.55,1.0,Low,Niche
84840,SWEETHEART CARRY-ALL BASKET,42.5,10.62,4,5,1.25,8.5,0.0,4,4,10.62,1.25,Low,Niche
84842,HELLO SAILOR BATHROOM SET,52.5,5.83,9,14,1.56,3.75,0.0,8,9,6.56,1.56,Low,Niche
84843,WHITE SOAP RACK WITH 2 BOTTLES,870.3,20.24,43,162,3.77,5.86,0.34,36,42,24.17,3.86,High,Occasional
84846A,SCENTED CANDLE IN DIGITALIS TIN,111.3,10.12,11,53,4.82,2.1,0.0,9,10,12.37,5.3,Low,Occasional
84847,FLORAL BATHROOM SET,78.75,6.56,12,21,1.75,3.75,0.0,9,11,8.75,1.91,Low,Occasional
84849A,HELLO SAILOR BLUE SOAP HOLDER,288.99,9.03,32,171,5.34,1.69,0.0,26,32,11.12,5.34,Medium,Occasional
84849B,FAIRY SOAP SOAP HOLDER,393.77,6.79,58,233,4.02,1.69,0.0,42,58,9.38,4.02,Medium,Popular
84849D,HOT BATHS SOAP HOLDER,846.69,8.06,105,501,4.77,1.69,0.0,66,104,12.83,4.82,High,Popular
84854,GIRLY PINK TOOL SET,24.75,24.75,1,5,5.0,4.95,,1,1,24.75,5.0,Low,Niche
84856S,SMALL TAHITI BEACH BAG,3.81,3.81,1,1,1.0,3.81,,1,1,3.81,1.0,Low,Niche
84857B,BLUE MONTE CARLO HANDBAG,50.7,25.35,2,26,13.0,1.95,0.0,2,2,25.35,13.0,Low,Niche
84857C,PINK MONTE CARLO HANDBAG,200.3,22.26,9,96,10.67,2.68,2.18,8,9,25.04,10.67,Medium,Niche
84858C,PINK RIVIERA HANDBAG,250.05,50.01,5,185,37.0,4.07,2.57,4,5,62.51,37.0,Medium,Niche
84859A,SILVER DISCO HANDBAG,248.21,8.01,31,123,3.97,2.22,0.88,24,30,10.34,4.1,Medium,Occasional
84859B,BLUE DISCO HANDBAG,62.63,5.69,11,31,2.82,2.15,0.66,10,10,6.26,3.1,Low,Occasional
84859C,PINK DISCO HANDBAG,176.39,8.4,21,83,3.95,2.35,1.05,17,21,10.38,3.95,Medium,Occasional
84865,NEW BAROQUE BLACK PHOTO ALBUM,115.55,9.63,12,26,2.17,5.72,2.9,8,11,14.44,2.36,Medium,Occasional
84870B,BLUE GEISHA GIRL ,75.0,7.5,10,20,2.0,3.75,0.0,9,10,8.33,2.0,Low,Niche
84870C,GREEN GEISHA GIRL ,75.0,7.5,10,20,2.0,3.75,0.0,10,10,7.5,2.0,Low,Niche
84872A,TEATIME FUNKY FLOWER BACKPACK FOR 2,50.85,16.95,3,3,1.0,16.95,0.0,3,3,16.95,1.0,Low,Niche
84873A,FUNKY FLOWER PICNIC BAG FOR 4,33.9,16.95,2,2,1.0,16.95,0.0,2,2,16.95,1.0,Low,Niche
84874B,BLUE TRAVEL FIRST AID KIT,56.1,8.01,7,34,4.86,1.65,0.0,7,7,8.01,4.86,Low,Niche
84875B,GREEN SQUARE COMPACT MIRROR,168.75,11.25,15,125,8.33,1.58,0.88,14,15,12.05,8.33,Medium,Occasional
84875D,BLUE SQUARE COMPACT MIRROR,63.75,7.97,8,51,6.38,1.25,0.0,8,8,7.97,6.38,Low,Niche
84876B,GREEN HEART COMPACT MIRROR,253.75,11.03,23,203,8.83,1.25,0.0,17,20,14.93,10.15,Medium,Occasional
84876D,BLUE HEART COMPACT MIRROR,191.25,14.71,13,125,9.62,2.4,1.3,12,12,15.94,10.42,Medium,Occasional
84877A,PINK ROUND COMPACT MIRROR,15.0,15.0,1,12,12.0,1.25,,1,1,15.0,12.0,Low,Niche
84877B,GREEN ROUND COMPACT MIRROR,157.5,17.5,9,126,14.0,1.25,0.0,8,9,19.69,14.0,Medium,Niche
84877D,BLUE ROUND COMPACT MIRROR,122.5,10.21,12,88,7.33,1.67,0.97,11,11,11.14,8.0,Medium,Occasional
84879,ASSORTED COLOUR BIRD ORNAMENT,56624.28,40.02,1415,35388,25.01,1.68,0.05,677,1382,83.64,25.61,Premium,Best-Seller
84880,WHITE WIRE EGG HOLDER,1951.25,27.88,70,312,4.46,7.05,0.85,51,67,38.26,4.66,High,Popular
84881,BLUE WIRE SPIRAL CANDLE HOLDER,76.2,12.7,6,12,2.0,6.35,0.0,5,6,15.24,2.0,Low,Niche
84882,GREEN WIRE STANDING CANDLE HOLDER,127.5,8.5,15,34,2.27,3.75,0.0,12,15,10.62,2.27,Medium,Occasional
84884A,ANT WHITE WIRE HEART SPIRAL,1080.61,16.62,65,287,4.42,4.03,0.81,52,65,20.78,4.42,High,Popular
84898F,YELLOW FLOWERS FELT HANDBAG KIT,94.5,5.25,18,45,2.5,2.1,0.0,15,18,6.3,2.5,Low,Occasional
84905,PINK BUTTERFLY CUSHION COVER ,59.4,29.7,2,12,6.0,4.95,0.0,2,2,29.7,6.0,Low,Niche
84906,PINK B'FLY C/COVER W BOBBLES,65.45,10.91,6,11,1.83,5.95,0.0,6,6,10.91,1.83,Low,Niche
84906,PINK BUTTERFLY CUSHION COVER,35.1,7.02,5,18,3.6,1.95,0.0,3,5,11.7,3.6,Low,Niche
84907,PINK YELLOW PATCH CUSHION COVER,38.25,12.75,3,5,1.67,7.65,0.0,3,3,12.75,1.67,Low,Niche
84910A,PINK PAISLEY CUSHION COVER ,59.5,9.92,6,10,1.67,5.95,0.0,6,6,9.92,1.67,Low,Niche
84912A,PINK ROSE WASHBAG,386.25,10.16,38,103,2.71,3.75,0.0,25,38,15.45,2.71,Medium,Occasional
84912B,GREEN ROSE WASHBAG,555.0,11.56,48,148,3.08,3.75,0.0,31,45,17.9,3.29,Medium,Popular
84913A,SOFT PINK ROSE TOWEL ,172.05,17.21,10,37,3.7,4.65,0.0,10,10,17.21,3.7,Medium,Niche
84913B,MINT GREEN ROSE TOWEL,325.5,16.27,20,70,3.5,4.65,0.0,19,20,17.13,3.5,Medium,Occasional
84915,HAND TOWEL PINK FLOWER AND DAISY,281.95,25.63,11,199,18.09,2.89,1.99,8,11,35.24,18.09,Medium,Occasional
84916,HAND TOWEL PALE BLUE W FLOWERS,407.4,22.63,18,212,11.78,3.81,2.36,17,18,23.96,11.78,Medium,Occasional
84917,WHITE HAND TOWEL WITH BUTTERFLY,400.5,28.61,14,170,12.14,3.26,2.41,13,14,30.81,12.14,Medium,Occasional
84919,BLUE CUSHION COVER WITH FLOWER,201.55,22.39,9,29,3.22,6.95,0.0,9,9,22.39,3.22,Medium,Niche
84920,PINK FLOWER FABRIC PONY,273.75,10.14,27,73,2.7,3.75,0.0,22,26,12.44,2.81,Medium,Occasional
84921,CREAM AND PINK FLOWERS PONY ,41.25,8.25,5,11,2.2,3.75,0.0,5,5,8.25,2.2,Low,Niche
84922,PINK BUTTERFLY WASHBAG,34.0,6.8,5,8,1.6,4.25,0.0,5,5,6.8,1.6,Low,Niche
84924A,WAKE UP COCKEREL CALENDAR SIGN ,281.13,11.71,24,72,3.0,4.06,1.05,21,24,13.39,3.0,Medium,Occasional
84924F,PSYCHEDELIC METAL SIGN CALENDAR,7.9,2.63,3,10,3.33,0.79,0.0,3,3,2.63,3.33,Low,Niche
84925D,LA PALMIERA WALL THERMOMETER,38.25,3.82,10,15,1.5,2.55,0.0,8,10,4.78,1.5,Low,Niche
84925F,PSYCHEDELIC WALL THERMOMETER,112.48,7.5,15,80,5.33,1.96,0.86,14,14,8.03,5.71,Low,Occasional
84926A,WAKE UP COCKEREL TILE COASTER,198.09,6.39,31,597,19.26,0.48,0.39,24,31,8.25,19.26,Medium,Occasional
84926D,LA PALMIERA TILE COASTER,266.64,8.33,32,705,22.03,0.65,0.69,25,31,10.67,22.74,Medium,Occasional
84926E,FLOWERS TILE COASTER,329.84,8.68,38,990,26.05,0.44,0.43,32,37,10.31,26.76,Medium,Occasional
84926F,PSYCHEDELIC TILE COASTER,184.96,7.71,24,447,18.62,0.88,0.95,19,24,9.73,18.62,Medium,Occasional
84927A,WAKE UP COCKEREL TILE HOOK,54.24,3.62,15,47,3.13,1.42,0.87,12,15,4.52,3.13,Low,Occasional
84927D,LA PALMIERA TILE HOOK,43.98,3.38,13,47,3.62,0.92,0.82,9,12,4.89,3.92,Low,Occasional
84927E,FLOWERS TILE HOOK,76.02,5.85,13,59,4.54,1.57,0.82,10,12,7.6,4.92,Low,Occasional
84927F,PSYCHEDELIC TILE HOOK,168.3,3.91,43,300,6.98,0.79,0.73,36,41,4.68,7.32,Medium,Occasional
84929,ASSTD FRUIT+FLOWERS FRIDGE MAGNETS,555.25,8.54,65,2263,34.82,0.28,0.16,58,65,9.57,34.82,Medium,Popular
84931A,PINK SCOTTIE DOG W FLOWER PATTERN,214.2,9.31,23,84,3.65,2.55,0.0,20,22,10.71,3.82,Medium,Occasional
84931B,BLUE SCOTTIE DOG W FLOWER PATTERN,349.35,12.48,28,137,4.89,2.55,0.0,21,26,16.64,5.27,Medium,Occasional
84944,SET OF 6 KASHMIR FOLKART BAUBLES,1112.1,14.83,75,622,8.29,2.14,1.02,62,73,17.94,8.52,High,Popular
84945,MULTI COLOUR SILVER T-LIGHT HOLDER,8356.15,25.32,330,10381,31.46,0.85,0.11,209,324,39.98,32.04,Premium,Best-Seller
84946,ANTIQUE SILVER T-LIGHT GLASS,15555.63,27.58,564,13289,23.56,1.24,0.15,349,557,44.57,23.86,Premium,Best-Seller
84946,ANTIQUE SILVER TEA GLASS ETCHED,4056.75,26.69,152,3519,23.15,1.22,0.07,119,147,34.09,23.94,Premium,Best-Seller
84947,ANTIQUE SILVER TEA GLASS ENGRAVED,9377.63,31.05,302,8305,27.5,1.25,0.2,178,288,52.68,28.84,Premium,Best-Seller
84949,SILVER HANGING T-LIGHT HOLDER,7605.6,26.32,289,4928,17.05,1.63,0.06,166,285,45.82,17.29,Premium,Best-Seller
84950,ASSORTED COLOUR T-LIGHT HOLDER,1997.07,21.47,93,3371,36.25,0.67,0.15,67,91,29.81,37.04,High,Popular
84951A,SET OF 4 PISTACHIO LOVEBIRD COASTER,334.02,9.54,35,387,11.06,0.99,0.55,26,34,12.85,11.38,Medium,Occasional
84951B,SET OF 4 BLACK LOVEBIRD COASTERS,318.44,9.95,32,334,10.44,1.08,0.63,24,31,13.27,10.77,Medium,Occasional
84952A,CLEAR LOVE BIRD T-LIGHT HOLDER,146.21,24.37,6,38,6.33,4.37,1.51,6,6,24.37,6.33,Medium,Niche
84952B,BLACK LOVE BIRD T-LIGHT HOLDER,258.71,18.48,14,148,10.57,3.3,1.66,10,14,25.87,10.57,Medium,Occasional
84952C,MIRROR LOVE BIRD T-LIGHT HOLDER,225.0,22.5,10,140,14.0,3.0,1.21,7,9,32.14,15.56,Medium,Niche
84963A,PINK PAINTED KASHMIRI CHAIR,171.8,171.8,1,4,4.0,42.95,,1,1,171.8,4.0,Medium,Niche
84963B,BLUE PAINTED KASHMIRI CHAIR,149.85,149.85,1,3,3.0,49.95,,1,1,149.85,3.0,Medium,Niche
84968A,SET OF 16 VINTAGE ROSE CUTLERY,1915.35,36.83,52,157,3.02,12.68,0.35,32,51,59.85,3.08,High,Popular
84968B,SET OF 16 VINTAGE IVORY CUTLERY,25.5,12.75,2,2,1.0,12.75,0.0,2,2,12.75,1.0,Low,Niche
84968C,SET OF 16 VINTAGE PISTACHIO CUTLERY,1249.5,24.99,50,98,1.96,12.75,0.0,37,50,33.77,1.96,High,Popular
84968D,SET OF 16 VINTAGE RED CUTLERY,827.67,25.86,32,63,1.97,13.51,3.0,27,32,30.65,1.97,High,Occasional
84968E,SET OF 16 VINTAGE BLACK CUTLERY,1035.06,47.05,22,87,3.95,13.14,2.69,15,22,69.0,3.95,High,Occasional
84968F,SET OF 16 VINTAGE SKY BLUE CUTLERY,951.3,31.71,30,78,2.6,12.69,0.33,25,30,38.05,2.6,High,Occasional
84969,BOX OF 6 ASSORTED COLOUR TEASPOONS,1276.49,17.02,75,297,3.96,4.4,0.81,48,75,26.59,3.96,High,Popular
84970L,SINGLE HEART ZINC T-LIGHT HOLDER,5676.18,16.74,339,5712,16.85,1.03,0.2,234,337,24.26,16.95,Premium,Best-Seller
84970S,HANGING HEART ZINC T-LIGHT HOLDER,6850.79,16.27,421,8495,20.18,0.87,0.19,271,418,25.28,20.32,Premium,Best-Seller
84971S,SMALL HEART FLOWERS HOOK ,1387.6,11.76,118,1680,14.24,0.86,0.17,69,115,20.11,14.61,High,Popular
84974,S/2 ZINC HEART DESIGN PLANTERS,398.0,13.72,29,40,1.38,9.95,0.0,26,28,15.31,1.43,Medium,Occasional
84975,HEART SHAPED MIRROR,8.45,4.22,2,5,2.5,1.69,0.0,2,2,4.22,2.5,Low,Niche
84976,RECTANGULAR SHAPED MIRROR,431.74,13.93,31,516,16.65,0.99,0.53,27,31,15.99,16.65,Medium,Occasional
84978,HANGING HEART JAR T-LIGHT HOLDER,12881.31,21.08,611,11155,18.26,1.23,0.13,304,602,42.37,18.53,Premium,Best-Seller
84984A,GREEN PEONY CUSHION COVER,88.35,14.73,6,19,3.17,4.65,0.0,4,6,22.09,3.17,Low,Niche
84984B,RED PEONY CUSHION COVER ,79.05,15.81,5,17,3.4,4.65,0.0,4,5,19.76,3.4,Low,Niche
84984D,ORIENTAL RED CUSHION COVER ,60.45,15.11,4,13,3.25,4.65,0.0,3,4,20.15,3.25,Low,Niche
84985A,SET OF 72 GREEN PAPER DOILIES,68.15,3.25,21,47,2.24,1.45,0.0,15,19,4.54,2.47,Low,Occasional
84987,SET OF 36 TEATIME PAPER DOILIES,4100.43,16.74,245,2943,12.01,1.46,0.17,203,243,20.2,12.11,Premium,Best-Seller
84988,SET OF 72 PINK HEART PAPER DOILIES,5585.53,17.96,311,3967,12.76,1.47,0.19,209,309,26.73,12.84,Premium,Best-Seller
84989A,75 GREEN FAIRY CAKE CASES,15.4,0.86,18,28,1.56,0.55,0.0,16,17,0.96,1.65,Low,Occasional
84990,60 GOLD AND SILVER FAIRY CAKE CASES,1.1,0.55,2,2,1.0,0.55,0.0,2,2,0.55,1.0,Low,Niche
84991,60 TEATIME FAIRY CAKE CASES,8687.67,12.46,697,17815,25.56,0.55,0.07,414,663,20.98,26.87,Premium,Best-Seller
84992,72 SWEETHEART FAIRY CAKE CASES,6323.84,11.84,534,13176,24.67,0.56,0.1,324,504,19.52,26.14,Premium,Best-Seller
84993A,75 GREEN PETIT FOUR CASES,128.1,3.88,33,305,9.24,0.42,0.0,30,33,4.27,9.24,Medium,Occasional
84993B,75 BLACK PETIT FOUR CASES,23.94,1.41,17,57,3.35,0.42,0.0,16,17,1.5,3.35,Low,Occasional
84997A,CHILDRENS CUTLERY POLKADOT GREEN ,6649.01,39.34,169,1701,10.07,4.18,0.57,115,169,57.82,10.07,Premium,Best-Seller
84997A,GREEN 3 PIECE POLKADOT CUTLERY SET,3019.23,44.4,68,837,12.31,3.82,0.19,55,68,54.9,12.31,Premium,Popular
84997B,CHILDRENS CUTLERY RETROSPOT RED ,9626.18,41.31,233,2498,10.72,4.15,0.41,158,230,60.93,10.86,Premium,Best-Seller
84997B,RED 3 PIECE RETROSPOT CUTLERY SET,5660.13,56.6,100,1571,15.71,3.79,0.19,80,99,70.75,15.87,Premium,Popular
84997C,BLUE 3 PIECE POLKADOT CUTLERY SET,4213.34,43.44,97,1170,12.06,3.8,0.17,80,97,52.67,12.06,Premium,Popular
84997C,CHILDRENS CUTLERY POLKADOT BLUE,9854.3,46.05,214,2530,11.82,4.12,0.11,151,213,65.26,11.88,Premium,Best-Seller
84997D,CHILDRENS CUTLERY POLKADOT PINK,13811.6,41.98,329,3534,10.74,4.17,0.47,209,324,66.08,10.91,Premium,Best-Seller
84997D,PINK 3 PIECE POLKADOT CUTLERY SET,5104.15,49.55,103,1417,13.76,3.8,0.19,83,103,61.5,13.76,Premium,Popular
85006,SET 4 NURSERY DES ROUND BOXES,57.25,6.36,9,55,6.11,1.55,1.05,9,9,6.36,6.11,Low,Niche
85008,SET OF 3 CONEY ISLAND OVAL BOXES,55.95,7.99,7,12,1.71,4.46,1.3,7,7,7.99,1.71,Low,Niche
85014A,BLACK/BLUE POLKADOT UMBRELLA,6403.64,24.82,258,1139,4.41,6.1,1.08,184,257,34.8,4.43,Premium,Best-Seller
85014B,RED RETROSPOT UMBRELLA,10259.37,33.31,308,1848,6.0,6.09,1.13,211,305,48.62,6.06,Premium,Best-Seller
85015,SET OF 12  VINTAGE POSTCARD SET,1591.42,13.84,115,2130,18.52,1.01,0.75,103,113,15.45,18.85,High,Popular
85016,SET OF 6 VINTAGE NOTELETS KIT,459.0,18.36,25,522,20.88,1.71,0.96,22,25,20.86,20.88,Medium,Occasional
85017A,ENVELOPE 50 ROMANTIC IMAGES,5.1,1.7,3,6,2.0,0.85,0.0,2,2,2.55,3.0,Low,Niche
85017B,ENVELOPE 50 BLOSSOM IMAGES,501.75,6.6,76,959,12.62,0.5,0.18,65,75,7.72,12.79,Medium,Popular
85017C,ENVELOPE 50 CURIOUS IMAGES,27.02,2.25,12,50,4.17,0.64,0.22,10,10,2.7,5.0,Low,Occasional
85018D,YULETIDE IMAGES S/6 PAPER BOXES,30.6,4.37,7,12,1.71,2.55,0.0,6,7,5.1,1.71,Low,Niche
85019A,ROMANTIC IMAGES NOTEBOOK SET,547.25,19.54,28,409,14.61,1.79,1.17,25,28,21.89,14.61,Medium,Occasional
85019B,BLOSSOM  IMAGES NOTEBOOK SET,640.5,25.62,25,498,19.92,1.37,0.6,21,25,30.5,19.92,High,Occasional
85019C,CURIOUS  IMAGES NOTEBOOK SET,313.25,28.48,11,193,17.55,2.61,1.57,9,11,34.81,17.55,Medium,Occasional
85020,ROUND PINK HEART MIRROR,163.8,10.24,16,78,4.88,2.1,0.0,11,16,14.89,4.88,Medium,Occasional
85023B,EAU DE NILE JEWELLED PHOTOFRAME,386.55,27.61,14,177,12.64,2.49,0.16,11,14,35.14,12.64,Medium,Occasional
85023C,PINK LARGE JEWELED PHOTOFRAME,2.55,2.55,1,1,1.0,2.55,,1,1,2.55,1.0,Low,Niche
85024B,EAU DE NILE JEWELLED PHOTOFRAME,289.65,24.14,12,193,16.08,1.63,0.06,12,12,24.14,16.08,Medium,Occasional
85024C,PINK SMALL JEWELLED PHOTOFRAME,21.45,2.14,10,13,1.3,1.65,0.0,9,10,2.38,1.3,Low,Niche
85025B,EAU DE NILE HEART SHAPE PHOTO FRAME,476.1,20.7,23,306,13.3,1.64,0.04,21,22,22.67,13.91,Medium,Occasional
85025C,PINK HEART SHAPE PHOTO FRAME,479.65,15.47,31,309,9.97,1.64,0.04,28,29,17.13,10.66,Medium,Occasional
85026B,EAU DE NILE JEWELLED T-LIGHT HOLDER,63.75,7.08,9,75,8.33,0.85,0.0,9,9,7.08,8.33,Low,Niche
85027L,FRENCH CHATEAU LARGE PLATTER ,170.25,8.96,19,75,3.95,2.9,2.25,17,19,10.01,3.95,Medium,Occasional
85028L,FRENCH CHATEAU LARGE FRUIT BOWL ,19.5,4.88,4,10,2.5,1.95,0.0,4,4,4.88,2.5,Low,Niche
85028S,FRENCH CHATEAU SMALL FRUITBOWL,51.6,6.45,8,24,3.0,2.02,0.21,8,8,6.45,3.0,Low,Niche
85030,FRENCH CHATEAU OVAL PLATTER,29.25,4.88,6,15,2.5,1.95,0.0,6,6,4.88,2.5,Low,Niche
85031A,ROMANTIC IMAGES SCRAP BOOK SET,45.9,6.56,7,16,2.29,3.89,1.81,7,7,6.56,2.29,Low,Niche
85031B,BLOSSOM IMAGES SCRAP BOOK SET,4.95,4.95,1,1,1.0,4.95,,1,1,4.95,1.0,Low,Niche
85031C,CURIOUS IMAGES SCRAP BOOK SET,14.85,14.85,1,3,3.0,4.95,,1,1,14.85,3.0,Low,Niche
85032A,ROMANTIC IMAGES GIFT WRAP SET,679.8,7.01,97,738,7.61,0.77,0.4,82,96,8.29,7.69,High,Popular
85032B,BLOSSOM IMAGES GIFT WRAP SET,663.6,7.06,94,751,7.99,0.76,0.38,84,93,7.9,8.08,High,Popular
85032C,CURIOUS IMAGES GIFT WRAP SET,574.2,6.52,88,609,6.92,0.78,0.42,72,85,7.98,7.16,Medium,Popular
85032D,YULETIDE IMAGES GIFT WRAP SET,475.3,7.92,60,642,10.7,0.87,0.52,58,59,8.19,10.88,Medium,Popular
85034A,3 GARDENIA MORRIS BOXED CANDLES,864.79,10.95,79,499,6.32,2.29,1.56,58,70,14.91,7.13,High,Popular
85034B,3 WHITE CHOC MORRIS BOXED CANDLES,1362.44,14.49,94,884,9.4,2.07,1.83,80,90,17.03,9.82,High,Popular
85034C,3 ROSE MORRIS BOXED CANDLES,1633.64,11.11,147,1092,7.43,1.81,1.46,109,136,14.99,8.03,High,Best-Seller
85035A,GARDENIA 3 WICK MORRIS BOXED CANDLE,715.29,8.94,80,269,3.36,3.4,1.49,60,74,11.92,3.64,High,Popular
85035B,CHOCOLATE 3 WICK MORRIS BOX CANDLE,820.5,18.65,44,558,12.68,2.61,1.51,38,43,21.59,12.98,High,Occasional
85035C,ROSE 3 WICK MORRIS BOX CANDLE,1611.45,14.14,114,1105,9.69,2.18,1.72,86,107,18.74,10.33,High,Popular
85036A,GARDENIA 1 WICK MORRIS BOXED CANDLE,677.28,10.75,63,212,3.37,3.49,1.47,48,53,14.11,4.0,High,Popular
85036B,CHOCOLATE 1 WICK MORRIS BOX CANDLE,607.08,13.2,46,366,7.96,2.14,1.4,40,43,15.18,8.51,High,Popular
85036C,ROSE 1 WICK MORRIS BOXED CANDLE,1283.77,14.76,87,935,10.75,2.3,1.64,66,79,19.45,11.84,High,Popular
85038,6 CHOCOLATE LOVE HEART T-LIGHTS,1994.26,17.04,117,1018,8.7,2.14,0.39,70,110,28.49,9.25,High,Popular
85039A,SET/4 RED MINI ROSE CANDLE IN BOWL,586.55,13.97,42,445,10.6,1.6,0.19,26,40,22.56,11.12,High,Occasional
85039B,S/4 IVORY MINI ROSE CANDLE IN BOWL,669.91,12.88,52,491,9.44,1.62,0.17,38,51,17.63,9.63,High,Popular
85039C,S/4 BLACK MINI ROSE CANDLE IN BOWL,131.59,10.12,13,223,17.15,1.36,0.54,10,13,13.16,17.15,Medium,Occasional
85040A,S/4 PINK FLOWER CANDLES IN BOWL,1374.59,9.89,139,823,5.92,1.71,0.31,88,132,15.62,6.23,High,Best-Seller
85040B,SET/4 BLUE FLOWER CANDLES IN BOWL,229.35,6.04,38,139,3.66,1.65,0.0,29,37,7.91,3.76,Medium,Occasional
85042,ANTIQUE LILY FAIRY LIGHTS,14.85,7.43,2,3,1.5,4.95,0.0,2,2,7.42,1.5,Low,Niche
85045,GREEN CHRISTMAS TREE STRING 20LIGHT,205.95,18.72,11,45,4.09,4.89,0.21,10,11,20.6,4.09,Medium,Occasional
85047,WHITE BEADED GARLAND STRING 20LIGHT,37.3,9.32,4,6,1.5,6.15,0.4,4,4,9.32,1.5,Low,Niche
85048,15CM CHRISTMAS GLASS BALL 20 LIGHTS,9682.65,40.68,238,1307,5.49,7.77,0.39,173,236,55.97,5.54,Premium,Best-Seller
85049A,TRADITIONAL CHRISTMAS RIBBONS,3621.55,13.22,274,2918,10.65,1.29,0.23,203,266,17.84,10.97,Premium,Best-Seller
85049B,LUSH GREENS RIBBONS,67.5,5.19,13,54,4.15,1.25,0.0,13,13,5.19,4.15,Low,Occasional
85049C,ROMANTIC PINKS RIBBONS ,1471.35,6.94,212,1198,5.65,1.25,0.08,162,205,9.08,5.84,High,Best-Seller
85049D,BRIGHT BLUES RIBBONS ,673.75,6.36,106,539,5.08,1.25,0.0,85,102,7.93,5.28,High,Popular
85049E,SCANDINAVIAN REDS RIBBONS,3518.45,10.08,349,2762,7.91,1.29,0.22,248,337,14.19,8.2,Premium,Best-Seller
85049F,BABY BOOM RIBBONS ,467.5,5.31,88,374,4.25,1.25,0.0,70,85,6.68,4.4,Medium,Popular
85049G,CHOCOLATE BOX RIBBONS ,1943.83,7.9,246,1594,6.48,1.27,0.17,162,229,12.0,6.96,High,Best-Seller
85049H,URBAN BLACK RIBBONS ,520.47,6.76,77,448,5.82,1.19,0.22,58,73,8.97,6.14,Medium,Popular
85053,FRENCH ENAMEL CANDLEHOLDER,3161.48,12.16,260,1577,6.07,2.13,0.32,158,247,20.01,6.38,Premium,Best-Seller
85054,FRENCH ENAMEL POT W LID,1241.71,13.35,93,555,5.97,2.78,0.91,66,90,18.81,6.17,High,Popular
85055,FRENCH ENAMEL UTENSIL HOLDER,122.75,12.28,10,37,3.7,3.67,0.25,9,10,13.64,3.7,Medium,Niche
85059,FRENCH ENAMEL WATER BASIN,793.71,9.68,82,298,3.63,3.34,1.07,62,81,12.8,3.68,High,Popular
85061W,WHITE JEWELLED HEART DECORATION,1615.75,13.14,123,1993,16.2,0.86,0.11,77,110,20.98,18.12,High,Popular
85062,PEARL CRYSTAL PUMPKIN T-LIGHT HLDR,2241.27,16.36,137,1384,10.1,1.67,0.14,97,134,23.11,10.33,Premium,Best-Seller
85063,CREAM SWEETHEART MAGAZINE RACK,46.85,23.42,2,3,1.5,15.95,1.41,2,2,23.42,1.5,Low,Niche
85064,CREAM SWEETHEART LETTER RACK,875.35,35.01,25,207,8.28,5.32,0.37,21,25,41.68,8.28,High,Occasional
85065,CREAM SWEETHEART TRAYS,12.75,12.75,1,1,1.0,12.75,,1,1,12.75,1.0,Low,Niche
85066,CREAM SWEETHEART MINI CHEST,21023.72,43.71,481,1747,3.63,12.62,0.9,291,470,72.25,3.72,Premium,Best-Seller
85067,CREAM SWEETHEART WALL CABINET,126.65,25.33,5,7,1.4,18.55,0.89,5,5,25.33,1.4,Medium,Niche
85068,CREAM SWEETHEART SHELF + HOOKS,7.95,7.95,1,1,1.0,7.95,,1,1,7.95,1.0,Low,Niche
85071A,BLUE CHARLIE+LOLA PERSONAL DOORSIGN,961.2,10.23,94,1128,12.0,0.77,0.92,78,92,12.32,12.26,High,Popular
85071B,RED CHARLIE+LOLA PERSONAL DOORSIGN,628.54,5.66,111,1258,11.33,0.64,0.77,88,104,7.14,12.1,High,Popular
85071C,"CHARLIE+LOLA""EXTREMELY BUSY"" SIGN",313.78,4.3,73,607,8.32,0.75,0.9,62,72,5.06,8.43,Medium,Popular
85071D,CHARLIE+LOLA MY ROOM DOOR SIGN,205.98,3.12,66,362,5.48,0.68,0.75,58,64,3.55,5.66,Medium,Popular
85078,SCANDINAVIAN 3 HEARTS NAPKIN RING,376.5,5.79,65,1746,26.86,0.3,0.32,46,65,8.18,26.86,Medium,Popular
85084,HOLLY TOP CHRISTMAS STOCKING,14.45,2.41,6,17,2.83,0.85,0.0,6,6,2.41,2.83,Low,Niche
85086A,CANDY SPOT HEART DECORATION,38.25,4.78,8,45,5.62,0.85,0.0,8,8,4.78,5.62,Low,Niche
85087,CANDY SPOT CUSHION COVER,122.31,15.29,8,41,5.12,2.99,0.12,7,8,17.47,5.12,Medium,Niche
85088,CANDY SPOT HAND BAG,389.47,17.7,22,190,8.64,2.27,0.61,18,21,21.64,9.05,Medium,Occasional
85089,CANDY SPOT BUNNY,41.3,6.88,6,14,2.33,2.95,0.0,5,5,8.26,2.8,Low,Niche
85092,CANDY SPOT TEA COSY,40.05,20.02,2,27,13.5,2.3,1.48,2,2,20.02,13.5,Low,Niche
85093,CANDY SPOT EGG WARMER HARE,227.49,10.83,21,451,21.48,0.59,0.38,20,20,11.37,22.55,Medium,Occasional
85094,CANDY SPOT EGG WARMER RABBIT,122.94,3.97,31,502,16.19,0.29,0.32,29,30,4.24,16.73,Medium,Occasional
85095,THREE CANVAS LUGGAGE TAGS,128.26,12.83,10,66,6.6,2.36,0.94,9,10,14.25,6.6,Medium,Niche
85096,HILDA CANDY SPOT RABBIT,75.0,6.25,12,20,1.67,3.75,0.0,10,11,7.5,1.82,Low,Occasional
85098B,BLUE FLYING SINGING CANARY,3.75,3.75,1,1,1.0,3.75,,1,1,3.75,1.0,Low,Niche
85099B,JUMBO BAG RED RETROSPOT,87204.8,52.47,1662,47296,28.46,2.01,0.17,636,1643,137.11,28.79,Premium,Best-Seller
85099C,JUMBO  BAG BAROQUE BLACK WHITE,24185.92,35.94,673,13074,19.43,2.01,0.11,306,663,79.04,19.72,Premium,Best-Seller
85099F,JUMBO BAG STRAWBERRY,31092.69,45.93,677,17057,25.19,2.0,0.17,317,667,98.08,25.57,Premium,Best-Seller
85103,SILVER T-LIGHT SETTING,765.6,109.37,7,128,18.29,6.29,0.43,6,7,127.6,18.29,High,Niche
85104,SILVER GLASS T-LIGHT SET,511.33,34.09,15,199,13.27,3.08,1.25,13,15,39.33,13.27,Medium,Occasional
85106,CUT GLASS HEXAGON T-LIGHT HOLDER,918.06,91.81,10,530,53.0,2.46,0.27,9,9,102.01,58.89,High,Niche
85107,CUT GLASS T-LIGHT HOLDER OCTAGON,516.45,17.81,29,243,8.38,2.43,0.3,21,25,24.59,9.72,Medium,Occasional
85109,PINK BOUDOIR T-LIGHT HOLDER,10.2,10.2,1,12,12.0,0.85,,1,1,10.2,12.0,Low,Niche
85111,SILVER GLITTER FLOWER VOTIVE HOLDER,419.55,7.77,54,1407,26.06,0.31,0.13,40,51,10.49,27.59,Medium,Popular
85114A,BLACK ENCHANTED FOREST PLACEMAT,893.25,21.27,42,585,13.93,1.63,0.06,20,42,44.66,13.93,High,Occasional
85114B,IVORY ENCHANTED FOREST PLACEMAT,629.4,11.88,53,396,7.47,1.64,0.04,36,52,17.48,7.62,High,Popular
85114C,RED ENCHANTED FOREST PLACEMAT,730.05,11.59,63,457,7.25,1.64,0.04,37,60,19.73,7.62,High,Popular
85116,BLACK CANDELABRA T-LIGHT HOLDER,765.8,19.15,40,724,18.1,1.27,0.7,30,39,25.53,18.56,High,Occasional
85118,HEART T-LIGHT HOLDER,151.99,19.0,8,155,19.38,1.14,0.31,5,8,30.4,19.38,Medium,Niche
85123A,CREAM HANGING HEART T-LIGHT HOLDER,155.35,22.19,7,57,8.14,2.89,0.15,7,7,22.19,8.14,Medium,Niche
85123A,WHITE HANGING HEART T-LIGHT HOLDER,107072.45,51.73,2070,39303,18.99,2.89,0.25,858,2013,124.79,19.52,Premium,Best-Seller
85124B,BLUE JUICY FRUIT PHOTO FRAME,224.4,7.48,30,88,2.93,2.55,0.0,23,30,9.76,2.93,Medium,Occasional
85124C,GREEN JUICY FRUIT PHOTO FRAME,214.2,6.91,31,84,2.71,2.55,0.0,23,31,9.31,2.71,Medium,Occasional
85125,SMALL ROUND CUT GLASS CANDLESTICK,584.65,30.77,19,129,6.79,4.8,0.29,14,18,41.76,7.17,High,Occasional
85126,LARGE ROUND CUTGLASS CANDLESTICK,6.75,6.75,1,1,1.0,6.75,,1,1,6.75,1.0,Low,Niche
85127,SMALL SQUARE CUT GLASS CANDLESTICK,420.75,20.04,21,85,4.05,4.95,0.0,17,20,24.75,4.25,Medium,Occasional
85129B,BEADED CRYSTAL HEART GREEN SMALL,124.11,7.76,16,101,6.31,1.39,0.42,10,16,12.41,6.31,Medium,Occasional
85129C,BEADED CRYSTAL HEART BLUE SMALL,99.88,8.32,12,77,6.42,1.55,0.55,8,12,12.48,6.42,Low,Occasional
85129D,BEADED CRYSTAL HEART PINK SMALL,241.38,6.9,35,166,4.74,1.49,0.49,16,34,15.09,4.88,Medium,Occasional
85130A,BEADED PEARL HEART WHITE LARGE,127.05,12.7,10,77,7.7,1.65,0.0,10,10,12.7,7.7,Medium,Niche
85130B,BEADED CRYSTAL HEART GREEN LARGE,707.7,14.15,50,816,16.32,0.96,0.45,44,50,16.08,16.32,High,Popular
85130C,BEADED CRYSTAL HEART BLUE  LARGE,425.71,9.46,45,479,10.64,0.94,0.33,37,43,11.51,11.14,Medium,Popular
85130D,BEADED CRYSTAL HEART PINK LARGE,526.38,10.12,52,552,10.62,1.12,0.42,41,51,12.84,10.82,Medium,Popular
85131A,BEADED PEARL HEART WHITE ON STICK,473.44,16.91,28,482,17.21,1.18,0.22,21,28,22.54,17.21,Medium,Occasional
85131B,BEADED CRYSTAL HEART GREEN ON STICK,120.38,9.26,13,142,10.92,0.89,0.16,2,13,60.19,10.92,Medium,Occasional
85131C,BEADED CRYSTAL HEART BLUE ON STICK,78.71,7.16,11,73,6.64,1.0,0.21,5,11,15.74,6.64,Low,Occasional
85131D,BEADED CRYSTAL HEART PINK ON STICK,113.09,9.42,12,115,9.58,1.0,0.22,5,12,22.62,9.58,Low,Occasional
85132A,CHARLIE + LOLA BISCUITS TINS,971.15,17.98,54,457,8.46,2.84,2.54,38,53,25.56,8.62,High,Popular
85132B,CHARLIE AND LOLA TABLE TINS,1048.35,17.47,60,513,8.55,2.75,2.42,44,60,23.83,8.55,High,Popular
85132C,CHARLIE AND LOLA FIGURES TINS,2827.55,21.58,131,1409,10.76,2.32,1.68,96,130,29.45,10.84,Premium,Popular
85135A,YELLOW DRAGONFLY HELICOPTER,119.25,19.88,6,15,2.5,7.95,0.0,6,6,19.88,2.5,Medium,Niche
85135B,BLUE DRAGONFLY HELICOPTER,381.6,10.6,36,48,1.33,7.95,0.0,28,35,13.63,1.37,Medium,Occasional
85135C,RED DRAGONFLY HELICOPTER,628.05,12.31,51,79,1.55,7.95,0.0,41,50,15.32,1.58,High,Popular
85136A,YELLOW SHARK HELICOPTER,405.45,10.4,39,51,1.31,7.95,0.0,35,37,11.58,1.38,Medium,Occasional
85136B,BLUE SHARK HELICOPTER,15.9,7.95,2,2,1.0,7.95,0.0,2,2,7.95,1.0,Low,Niche
85136C,RED SHARK HELICOPTER,278.25,11.13,25,35,1.4,7.95,0.0,20,25,13.91,1.4,Medium,Occasional
85141,JARDIN ETCHED GLASS FRUITBOWL,668.0,14.84,45,132,2.93,5.53,2.83,32,41,20.88,3.22,High,Popular
85144,JARDIN ETCHED GLASS BUTTER DISH,7.25,7.25,1,1,1.0,7.25,,1,1,7.25,1.0,Low,Niche
85144,JARDIN ETCHED GLASS CHEESE DISH,579.35,13.47,43,221,5.14,3.8,2.56,37,40,15.66,5.52,Medium,Occasional
85145,JARDIN ETCHED GLASS LARGE BELL JAR,167.7,11.98,14,38,2.71,5.21,3.2,12,13,13.98,2.92,Medium,Occasional
85146,JARDIN ETCHED GLASS SMALL BELL JAR,147.85,16.43,9,43,4.78,3.62,2.0,8,8,18.48,5.38,Medium,Niche
85150,LADIES & GENTLEMEN METAL SIGN,8711.43,23.36,373,3904,10.47,2.51,0.14,196,371,44.45,10.52,Premium,Best-Seller
85152,HAND OVER THE CHOCOLATE   SIGN ,15674.33,26.17,599,8238,13.75,2.1,0.3,270,593,58.05,13.89,Premium,Best-Seller
85159A,"BLACK TEA,COFFEE,SUGAR JARS",861.85,16.9,51,491,9.63,2.06,1.12,38,51,22.68,9.63,High,Popular
85159B,"WHITE TEA,COFFEE,SUGAR JARS",1221.04,16.96,72,660,9.17,2.15,1.05,45,72,27.13,9.17,High,Popular
85160B,BLACK BIRD GARDEN DESIGN MUG,46.89,2.76,17,107,6.29,0.44,0.21,15,16,3.13,6.69,Low,Occasional
85161,ACRYLIC GEOMETRIC LAMP,221.4,24.6,9,12,1.33,18.73,0.67,8,9,27.68,1.33,Medium,Niche
85163A,WHITE BAROQUE WALL CLOCK ,349.95,19.44,18,45,2.5,11.57,2.83,15,18,23.33,2.5,Medium,Occasional
85163B,BLACK BAROQUE WALL CLOCK ,346.35,23.09,15,45,3.0,11.34,3.06,11,15,31.49,3.0,Medium,Occasional
85167B,BLACK GRAND BAROQUE PHOTO FRAME,93.0,13.29,7,48,6.86,3.39,1.46,7,7,13.29,6.86,Low,Niche
85168B,BLACK BAROQUE CARRIAGE CLOCK,149.67,21.38,7,17,2.43,9.06,0.84,5,7,29.93,2.43,Medium,Niche
85169A,IVORY LOVE BIRD CANDLE,496.72,10.14,49,502,10.24,1.17,0.33,44,48,11.29,10.46,Medium,Popular
85169B,BLACK LOVE BIRD CANDLE,191.49,7.66,25,201,8.04,1.15,0.28,17,25,11.26,8.04,Medium,Occasional
85169C,EAU DE NIL LOVE BIRD CANDLE,353.72,16.84,21,336,16.0,1.18,0.19,14,21,25.27,16.0,Medium,Occasional
85169D,PINK LOVE BIRD CANDLE,236.48,10.75,22,232,10.55,1.17,0.24,20,22,11.82,10.55,Medium,Occasional
85170A,SET/6 IVORY BIRD T-LIGHT CANDLES,2.1,2.1,1,1,1.0,2.1,,1,1,2.1,1.0,Low,Niche
85170B,SET/6 BLACK BIRD T-LIGHT CANDLES,198.0,8.25,24,180,7.5,1.84,0.52,14,24,14.14,7.5,Medium,Occasional
85170C,SET/6 EAU DE NIL BIRD T-LIGHTS,366.23,12.63,29,252,8.69,1.95,0.64,26,29,14.09,8.69,Medium,Occasional
85170D,SET/6 PINK BIRD T-LIGHT CANDLES,505.21,9.53,53,360,6.79,2.17,1.02,30,53,16.84,6.79,Medium,Popular
85172,HYACINTH BULB T-LIGHT CANDLES,584.64,13.29,44,1392,31.64,0.42,0.0,33,40,17.72,34.8,High,Occasional
85173,SET/6 FROG PRINCE T-LIGHT CANDLES,641.22,12.57,51,439,8.61,2.17,0.84,41,50,15.64,8.78,High,Popular
85174,S/4 CACTI CANDLES,1994.87,23.2,86,499,5.8,5.02,1.79,56,82,35.62,6.09,High,Popular
85175,CACTI T-LIGHT CANDLES,2113.1,15.77,134,5299,39.54,0.42,0.04,84,133,25.16,39.84,Premium,Best-Seller
85176,SEWING SUSAN 21 NEEDLE SET,543.09,7.15,76,627,8.25,0.92,0.23,50,76,10.86,8.25,Medium,Popular
85177,BASKET OF FLOWERS SEWING KIT,601.46,13.67,44,776,17.64,0.88,0.17,40,43,15.04,18.05,High,Occasional
85178,VICTORIAN SEWING KIT,2965.04,28.24,105,2660,25.33,1.26,0.23,77,103,38.51,25.83,Premium,Popular
85179A,GREEN BITTY LIGHT CHAIN,183.66,11.48,16,118,7.38,2.87,2.79,14,16,13.12,7.38,Medium,Occasional
85179C,PINK BITTY LIGHT CHAIN,85.0,14.17,6,68,11.33,1.25,0.0,6,6,14.17,11.33,Low,Niche
85180A,RED HEARTS LIGHT CHAIN ,862.94,22.71,38,438,11.53,3.05,2.18,31,37,27.84,11.84,High,Occasional
85180B,PINK HEARTS LIGHT CHAIN ,376.35,18.82,20,195,9.75,3.29,1.71,18,20,20.91,9.75,Medium,Occasional
85183A,CHARLIE & LOLA WASTEPAPER BIN BLUE,808.25,9.51,85,659,7.75,1.33,0.47,61,83,13.25,7.94,High,Popular
85183B,CHARLIE & LOLA WASTEPAPER BIN FLORA,1228.25,11.48,107,977,9.13,1.4,0.63,84,106,14.62,9.22,High,Popular
85184C,S/4 VALENTINE DECOUPAGE HEART BOX,2028.05,21.81,93,1369,14.72,2.31,0.83,82,92,24.73,14.88,Premium,Popular
85184C,SET 4 VALENTINE DECOUPAGE HEART BOX,450.38,9.58,47,154,3.28,3.06,0.58,38,44,11.85,3.5,Medium,Popular
85185B,PINK HORSE SOCK PUPPET,709.45,14.19,50,247,4.94,2.93,0.08,40,45,17.74,5.49,High,Popular
85185B,PINK HORSE SOCK PUPPET KIT,132.75,6.99,19,45,2.37,2.95,0.0,13,15,10.21,3.0,Medium,Occasional
85185D,FROG SOCK PUPPET,44.25,5.53,8,15,1.88,2.95,0.0,7,8,6.32,1.88,Low,Niche
85186A,EASTER BUNNY GARLAND OF FLOWERS,220.5,5.65,39,525,13.46,0.42,0.0,35,37,6.3,14.19,Medium,Occasional
85186C,BUNNY EGG GARLAND,181.86,5.2,35,433,12.37,0.42,0.0,32,34,5.68,12.74,Medium,Occasional
85187,S/12 MINI RABBIT EASTER,515.4,8.59,60,324,5.4,1.64,0.04,53,58,9.72,5.59,Medium,Popular
85188A,GREEN METAL SWINGING BUNNY,259.25,7.41,35,305,8.71,0.85,0.0,29,35,8.94,8.71,Medium,Occasional
85188B,PINK METAL SWINGING BUNNY,63.75,7.97,8,75,9.38,0.85,0.0,8,8,7.97,9.38,Low,Niche
85189,HANGING BUTTERFLY  EGG,7.65,1.91,4,9,2.25,0.85,0.0,2,3,3.82,3.0,Low,Niche
85194L,HANGING SPRING FLOWER EGG LARGE,770.93,12.85,60,929,15.48,0.85,0.02,52,59,14.83,15.75,High,Popular
85194S,HANGING SPRING FLOWER EGG SMALL,466.14,8.04,58,1192,20.55,0.47,0.23,50,58,9.32,20.55,Medium,Popular
85195,HANGING HEART BASKET,23.1,7.7,3,11,3.67,2.1,0.0,3,3,7.7,3.67,Low,Niche
85197,SET OF 12 MINI BUNNIES IN A BUCKET,69.3,3.65,19,33,1.74,2.1,0.0,18,18,3.85,1.83,Low,Occasional
85198,ASSORTED FARMYARD ANIMALS IN BUCKET,68.06,11.34,6,86,14.33,0.82,0.09,6,6,11.34,14.33,Low,Niche
85199L,LARGE HANGING IVORY & RED WOOD BIRD,606.82,9.06,67,938,14.0,0.65,0.01,52,67,11.67,14.0,High,Popular
85199S,SMALL HANGING IVORY/RED WOOD BIRD,956.15,5.59,171,2258,13.2,0.44,0.09,101,158,9.47,14.29,High,Best-Seller
85200,BUNNY EGG BOX,228.75,8.47,27,183,6.78,1.25,0.0,24,26,9.53,7.04,Medium,Occasional
85202,HANGING WOOD AND FELT HEART,126.0,2.57,49,300,6.12,0.42,0.0,34,39,3.71,7.69,Medium,Popular
85203,HANGING WOOD AND FELT BUTTERFLY ,237.96,4.33,55,570,10.36,0.42,0.01,45,49,5.29,11.63,Medium,Popular
85204,HANGING WOOD AND FELT FLOWER,249.6,5.55,45,1877,41.71,0.19,0.12,40,43,6.24,43.65,Medium,Popular
85205B,PINK FELT EASTER RABBIT GARLAND,295.8,11.83,25,116,4.64,2.55,0.0,22,24,13.45,4.83,Medium,Occasional
85206A,CREAM FELT EASTER EGG BASKET,1450.2,13.68,106,916,8.64,1.64,0.04,99,103,14.65,8.89,High,Popular
85206B,PINK FELT EASTER EGG BASKET,23.1,5.78,4,14,3.5,1.65,0.0,4,4,5.78,3.5,Low,Niche
85208,SET/12 FUNKY FELT FLOWER PEG IN BAG,298.74,11.95,25,161,6.44,2.08,0.08,22,24,13.58,6.71,Medium,Occasional
85211,S/4 GROOVY CAT MAGNETS,153.5,7.68,20,144,7.2,1.21,0.43,15,18,10.23,8.0,Medium,Occasional
85212,MINI PAINTED GARDEN DECORATION ,720.24,10.0,72,2440,33.89,0.39,0.23,59,69,12.21,35.36,High,Popular
85213,MINI  ZINC GARDEN DECORATIONS ,298.74,11.95,25,810,32.4,0.54,0.28,22,24,13.58,33.75,Medium,Occasional
85214,TUB 24 PINK FLOWER PEGS,169.95,3.95,43,103,2.4,1.65,0.0,36,43,4.72,2.4,Medium,Occasional
85215,ASSORTED CHEESE FRIDGE MAGNETS,105.95,13.24,8,163,20.38,0.65,0.0,8,8,13.24,20.38,Low,Niche
85216,ASSORTED CAKES FRIDGE MAGNETS,35.75,4.47,8,55,6.88,0.65,0.0,6,8,5.96,6.88,Low,Niche
85224,ASSORTED COLOUR SILK GLASSES CASE,6.3,6.3,1,3,3.0,2.1,,1,1,6.3,3.0,Low,Niche
85225,BLING KEY RING STAND,6.25,2.08,3,6,2.0,1.08,0.14,3,3,2.08,2.0,Low,Niche
85227,SET OF 6 3D KIT CARDS FOR KIDS,1107.08,6.96,159,1322,8.31,0.87,0.14,115,147,9.63,8.99,High,Best-Seller
85230A,OPIUM SCENTED VOTIVE CANDLE,203.28,11.29,18,840,46.67,0.26,0.04,14,18,14.52,46.67,Medium,Occasional
85230B,CINNAMON SCENTED VOTIVE CANDLE,326.24,8.59,38,1264,33.26,0.28,0.03,30,38,10.87,33.26,Medium,Occasional
85230E,STRAWBRY SCENTED VOTIVE CANDLE,267.45,11.14,24,1101,45.88,0.27,0.04,17,24,15.73,45.88,Medium,Occasional
85230F,JASMINE VOTIVE CANDLE,90.34,7.53,12,338,28.17,0.28,0.03,11,12,8.21,28.17,Low,Occasional
85230G,ORANGE VOTIVE CANDLE,270.96,10.42,26,1080,41.54,0.27,0.03,20,26,13.55,41.54,Medium,Occasional
85231B,CINAMMON SET OF 9 T-LIGHTS,681.41,6.08,112,809,7.22,0.89,0.18,74,109,9.21,7.42,High,Popular
85231G,ORANGE SCENTED SET/9 T-LIGHTS,479.95,7.06,68,583,8.57,0.86,0.1,49,67,9.79,8.7,Medium,Popular
85232A,SET/3 POLKADOT STACKING TINS,364.35,14.01,26,77,2.96,4.92,0.14,22,26,16.56,2.96,Medium,Occasional
85232B,SET OF 3 BABUSHKA STACKING TINS,2584.65,161.54,16,523,32.69,4.86,0.24,8,15,323.08,34.87,Premium,Occasional
85232D,SET/3 DECOUPAGE STACKING TINS,847.5,15.41,55,178,3.24,4.92,0.13,45,54,18.83,3.3,High,Popular
90000A,RASPBERRY ANT COPPER FLOWER NECKLAC,65.45,10.91,6,11,1.83,5.95,0.0,6,6,10.91,1.83,Low,Niche
90000B,MIDNIGHT BLUE COPPER FLOWER NECKLAC,17.85,8.93,2,3,1.5,5.95,0.0,2,2,8.93,1.5,Low,Niche
90000D,COPPER/OLIVE GREEN FLOWER NECKLACE,35.7,8.93,4,6,1.5,5.95,0.0,4,4,8.93,1.5,Low,Niche
90001A,ANTIQUE RASPBERRY FLOWER EARRINGS,8.5,8.5,1,2,2.0,4.25,,1,1,8.5,2.0,Low,Niche
90001B,ANTIQUE MID BLUE FLOWER EARRINGS,17.0,8.5,2,4,2.0,4.25,0.0,2,2,8.5,2.0,Low,Niche
90001C,ANTIQUE OPAL WHITE FLOWER EARRINGS,8.5,4.25,2,2,1.0,4.25,0.0,2,2,4.25,1.0,Low,Niche
90001D,ANTIQUE OLIVE GREEN FLOWER EARRINGS,21.25,7.08,3,5,1.67,4.25,0.0,3,3,7.08,1.67,Low,Niche
90002D,FLOWER BURST SILVER RING CRYSTAL,37.5,6.25,6,10,1.67,3.75,0.0,5,6,7.5,1.67,Low,Niche
90003B,ROSE COLOUR PAIR HEART HAIR SLIDES,37.5,9.38,4,10,2.5,3.75,0.0,3,4,12.5,2.5,Low,Niche
90003C,MIDNIGHT BLUE PAIR HEART HAIR SLIDE,60.0,10.0,6,16,2.67,3.75,0.0,5,6,12.0,2.67,Low,Niche
90003D,CRYSTAL PAIR HEART HAIR SLIDES,82.5,10.31,8,22,2.75,3.75,0.0,7,8,11.79,2.75,Low,Niche
90003E,GREEN PAIR HEART HAIR SLIDES,45.0,15.0,3,12,4.0,3.75,0.0,2,3,22.5,4.0,Low,Niche
90010A,MIDNIGHT BLUE GLASS/SILVER BRACELET,62.65,12.53,5,7,1.4,8.95,0.0,5,5,12.53,1.4,Low,Niche
90010B,BLACK/WHITE GLASS/SILVER BRACELET,62.65,20.88,3,7,2.33,8.95,0.0,3,3,20.88,2.33,Low,Niche
90010E,AMBER GLASS/SILVER BRACELET,89.5,12.79,7,10,1.43,8.95,0.0,7,7,12.79,1.43,Low,Niche
90011A,MIDNIGHT BLUE CRYSTAL DROP EARRINGS,2.95,2.95,1,1,1.0,2.95,,1,1,2.95,1.0,Low,Niche
90011B,BLACK CRYSTAL DROP EARRINGS,20.65,10.32,2,7,3.5,2.95,0.0,2,2,10.32,3.5,Low,Niche
90012A,MIDNIGHT BLUE DROP CRYSTAL NECKLACE,23.6,11.8,2,8,4.0,2.95,0.0,2,2,11.8,4.0,Low,Niche
90012B,BLACK DROP CRYSTAL NECKLACE,35.4,17.7,2,12,6.0,2.95,0.0,2,2,17.7,6.0,Low,Niche
90013A,MIDNIGHT BLUE VINTAGE EARRINGS,90.0,22.5,4,24,6.0,3.75,0.0,3,4,30.0,6.0,Low,Niche
90013C,GREEN VINTAGE EARRINGS ,41.25,10.31,4,11,2.75,3.75,0.0,4,4,10.31,2.75,Low,Niche
90014A,SILVER M.O.P. ORBIT NECKLACE,23.6,7.87,3,8,2.67,2.95,0.0,3,3,7.87,2.67,Low,Niche
90014A,SILVER/MOP ORBIT NECKLACE,79.6,11.37,7,8,1.14,9.95,0.0,5,7,15.92,1.14,Low,Niche
90014B,GOLD M PEARL  ORBIT NECKLACE,79.6,13.27,6,8,1.33,9.95,0.0,5,6,15.92,1.33,Low,Niche
90014B,GOLD M.O.P. ORBIT NECKLACE,5.9,2.95,2,2,1.0,2.95,0.0,2,2,2.95,1.0,Low,Niche
90014C,SILVER AND BLACK ORBIT NECKLACE,2.95,2.95,1,1,1.0,2.95,,1,1,2.95,1.0,Low,Niche
90014C,SILVER/BLACK ORBIT NECKLACE,29.85,14.92,2,3,1.5,9.95,0.0,2,2,14.92,1.5,Low,Niche
90016A,SILVER/M.O.P PENDANT ORBIT NECKLACE,80.75,20.19,4,14,3.5,7.44,2.12,4,4,20.19,3.5,Low,Niche
90016B,GOLD/M.O.P PENDANT ORBIT NECKLACE,76.5,9.56,8,9,1.12,8.5,0.0,6,8,12.75,1.12,Low,Niche
90018A,SILVER M.O.P ORBIT DROP EARRINGS,76.5,7.65,10,18,1.8,4.25,0.0,8,10,9.56,1.8,Low,Niche
90018B,GOLD M.O.P ORBIT DROP EARRINGS,34.0,6.8,5,8,1.6,4.25,0.0,5,5,6.8,1.6,Low,Niche
90018C,SILVER BLACK ORBIT DROP EARRINGS,29.75,7.44,4,7,1.75,4.25,0.0,3,4,9.92,1.75,Low,Niche
90019A,SILVER M.O.P ORBIT BRACELET,89.1,9.9,9,18,2.0,4.95,0.0,8,9,11.14,2.0,Low,Niche
90019B,GOLD M.O.P ORBIT BRACELET,9.9,4.95,2,2,1.0,4.95,0.0,2,2,4.95,1.0,Low,Niche
90019C,SILVER BLACK ORBIT BRACELET,19.8,6.6,3,4,1.33,4.95,0.0,3,3,6.6,1.33,Low,Niche
90021,LASER CUT MULTI STRAND NECKLACE,11.95,11.95,1,1,1.0,11.95,,1,1,11.95,1.0,Low,Niche
90022,EDWARDIAN DROP EARRINGS JET BLACK,45.0,9.0,5,12,2.4,3.75,0.0,4,5,11.25,2.4,Low,Niche
90023,FILIGREE DIAMANTE EARRINGS,34.0,8.5,4,8,2.0,4.25,0.0,2,4,17.0,2.0,Low,Niche
90024B,NEW BAROQUE B'FLY NECKLACE RED,51.0,17.0,3,6,2.0,8.5,0.0,2,3,25.5,2.0,Low,Niche
90024C,NEW BAROQUE B'FLY NECKLACE GREEN,17.0,17.0,1,2,2.0,8.5,,1,1,17.0,2.0,Low,Niche
90024D,NEW BAROQUE B'FLY NECKLACE PINK,8.5,8.5,1,1,1.0,8.5,,1,1,8.5,1.0,Low,Niche
90024F,NEW BAROQUE B'FLY NECKLACE CRYSTAL,17.0,17.0,1,2,2.0,8.5,,1,1,17.0,2.0,Low,Niche
90025A,BAROQUE BUTTERFLY EARRINGS BLACK,7.5,3.75,2,2,1.0,3.75,0.0,2,2,3.75,1.0,Low,Niche
90025F,BAROQUE BUTTERFLY EARRINGS CRYSTAL,3.75,3.75,1,1,1.0,3.75,,1,1,3.75,1.0,Low,Niche
90026A,GLASS BEAD HOOP NECKLACE BLACK,17.0,17.0,1,2,2.0,8.5,,1,1,17.0,2.0,Low,Niche
90026B,GLASS BEAD HOOP NECKLACE MONTANA,17.0,8.5,2,2,1.0,8.5,0.0,2,2,8.5,1.0,Low,Niche
90026C,GLASS BEAD HOOP NECKLACE GREEN,25.5,12.75,2,3,1.5,8.5,0.0,2,2,12.75,1.5,Low,Niche
90026D,GLASS BEAD HOOP NECKLACE AMETHYST,25.5,8.5,3,3,1.0,8.5,0.0,3,3,8.5,1.0,Low,Niche
90027A,GLASS BEAD HOOP EARRINGS BLACK,11.8,11.8,1,4,4.0,2.95,,1,1,11.8,4.0,Low,Niche
90027D,GLASS BEAD HOOP EARRINGS AMETHYST,11.8,11.8,1,4,4.0,2.95,,1,1,11.8,4.0,Low,Niche
90028,NEW BAROQUE LARGE NECKLACE BLK/WHIT,17.0,17.0,1,2,2.0,8.5,,1,1,17.0,2.0,Low,Niche
90029,NEW BAROQUE SMALL NECKLACE BLACK,25.5,12.75,2,3,1.5,8.5,0.0,2,2,12.75,1.5,Low,Niche
90030A,SPOTTED WHITE NATURAL SEED NECKLACE,72.0,10.29,7,72,10.29,1.0,0.0,7,7,10.29,10.29,Low,Niche
90030B,RED KUKUI COCONUT SEED NECKLACE,131.8,8.79,15,112,7.47,1.33,1.28,13,15,10.14,7.47,Medium,Occasional
90030C,BROWN KUKUI COCONUT SEED NECKLACE,74.0,9.25,8,74,9.25,1.0,0.0,8,8,9.25,9.25,Low,Niche
90031,BILI NUT AND WOOD NECKLACE,48.0,9.6,5,48,9.6,1.0,0.0,5,5,9.6,9.6,Low,Niche
90032,IVORY SHELL HEART NECKLACE,90.67,15.11,6,19,3.17,5.73,1.27,4,6,22.67,3.17,Low,Niche
90033,IVORY SHELL HEART EARRINGS,5.1,5.1,1,2,2.0,2.55,,1,1,5.1,2.0,Low,Niche
90035A,"PEARL & SHELL 42""NECKL. GREEN",43.0,21.5,2,4,2.0,10.75,0.0,1,2,43.0,2.0,Low,Niche
90035C,"PEARL & SHELL 42""NECKL. IVORY",21.5,21.5,1,2,2.0,10.75,,1,1,21.5,2.0,Low,Niche
90036A,FLOWER GARLAND NECKLACE RED,47.7,11.92,4,6,1.5,7.95,0.0,3,4,15.9,1.5,Low,Niche
90036B,"FLOWER GLASS GARLAND NECKL.36""GREEN",31.8,15.9,2,4,2.0,7.95,0.0,2,2,15.9,2.0,Low,Niche
90036C,"FLOWER GLASS GARLAND NECKL.36""BLUE",47.7,23.85,2,6,3.0,7.95,0.0,2,2,23.85,3.0,Low,Niche
90036D,"FLOWER GLASS GARLAND NECKL.36""BLACK",87.45,21.86,4,11,2.75,7.95,0.0,4,4,21.86,2.75,Low,Niche
90036E,"FLOWER GLASS GARLD NECKL36""AMETHYST",55.65,11.13,5,7,1.4,7.95,0.0,4,5,13.91,1.4,Low,Niche
90036F,"FLOWER GLASS GARLD NECKL36""TURQUOIS",31.8,31.8,1,4,4.0,7.95,,1,1,31.8,4.0,Low,Niche
90037B,TINY CRYSTAL BRACELET GREEN,15.3,15.3,1,6,6.0,2.55,,1,1,15.3,6.0,Low,Niche
90038A,GLASS AND PAINTED BEADS BRACELET TO,22.5,22.5,1,6,6.0,3.75,,1,1,22.5,6.0,Low,Niche
90038B,GLASS AND PAINTED BEADS BRACELET OL,22.5,22.5,1,6,6.0,3.75,,1,1,22.5,6.0,Low,Niche
90038C,GLASS AND BEADS BRACELET IVORY,22.5,22.5,1,6,6.0,3.75,,1,1,22.5,6.0,Low,Niche
90039A,FIRE POLISHED GLASS BRACELET RED,22.5,22.5,1,6,6.0,3.75,,1,1,22.5,6.0,Low,Niche
90039B,FIRE POLISHED GLASS BRACELET MONTAN,22.5,22.5,1,6,6.0,3.75,,1,1,22.5,6.0,Low,Niche
90039C,FIRE POLISHED GLASS BRACELET BLACK,3.75,3.75,1,1,1.0,3.75,,1,1,3.75,1.0,Low,Niche
90039D,FIRE POLISHED GLASS BRACELET GREEN,52.5,26.25,2,14,7.0,3.75,0.0,2,2,26.25,7.0,Low,Niche
90040A,MURANO STYLE GLASS BRACELET RED,21.0,10.5,2,6,3.0,3.5,0.0,2,2,10.5,3.0,Low,Niche
90040B,MURANO STYLE GLASS BRACELET BLACK,14.0,7.0,2,4,2.0,3.5,0.0,2,2,7.0,2.0,Low,Niche
90040C,MURANO STYLE GLASS BRACELET GOLD,24.5,8.17,3,7,2.33,3.5,0.0,3,3,8.17,2.33,Low,Niche
90041,PEARL AND CHERRY QUARTZ BRACLET,7.0,7.0,1,2,2.0,3.5,,1,1,7.0,2.0,Low,Niche
90042A,FRESHWATER PEARL BRACELET GOLD,7.65,3.82,2,3,1.5,2.55,0.0,1,2,7.65,1.5,Low,Niche
90043,COPPER AND BRASS BAG CHARM,24.81,12.4,2,4,2.0,7.46,3.54,2,2,12.4,2.0,Low,Niche
90046,WHITE WITH METAL BAG CHARM,14.85,14.85,1,3,3.0,4.95,,1,1,14.85,3.0,Low,Niche
90048,GREEN WITH METAL BAG CHARM,14.85,14.85,1,3,3.0,4.95,,1,1,14.85,3.0,Low,Niche
90049,IVORY GOLD METAL BAG CHARM,34.77,11.59,3,5,1.67,8.29,2.89,2,3,17.39,1.67,Low,Niche
90050,CRACKED GLAZE NECKLACE IVORY,55.6,18.53,3,8,2.67,6.95,0.0,2,3,27.8,2.67,Low,Niche
90051,CRACKED GLAZE NECKLACE RED,41.7,13.9,3,6,2.0,6.95,0.0,3,3,13.9,2.0,Low,Niche
90054,CRACKED GLAZE EARRINGS RED,2.55,2.55,1,1,1.0,2.55,,1,1,2.55,1.0,Low,Niche
90055,CRACKED GLAZE EARRINGS BROWN,2.55,2.55,1,1,1.0,2.55,,1,1,2.55,1.0,Low,Niche
90057,DIAMANTE RING ASSORTED IN BOX.,1311.36,59.61,22,1008,45.82,1.35,0.46,21,22,62.45,45.82,High,Occasional
90058A,CRYSTAL STUD EARRINGS CLEAR DISPLAY,136.8,17.1,8,360,45.0,0.38,0.0,7,8,19.54,45.0,Medium,Niche
90058B,CRYSTAL STUD EARRINGS ASSORTED COL ,246.24,15.39,16,648,40.5,0.38,0.0,15,16,16.42,40.5,Medium,Occasional
90059A,DIAMANTE HAIR GRIP PACK/2 CRYSTAL,19.8,9.9,2,12,6.0,1.65,0.0,1,2,19.8,6.0,Low,Niche
90059B,DIAMANTE HAIR GRIP PACK/2 BLACK DIA,24.75,6.19,4,15,3.75,1.65,0.0,3,4,8.25,3.75,Low,Niche
90059C,DIAMANTE HAIR GRIP PACK/2 MONTANA,23.1,5.78,4,14,3.5,1.65,0.0,3,4,7.7,3.5,Low,Niche
90059D,DIAMANTE HAIR GRIP PACK/2 PERIDOT,19.8,9.9,2,12,6.0,1.65,0.0,1,2,19.8,6.0,Low,Niche
90059E,DIAMANTE HAIR GRIP PACK/2 RUBY,26.4,6.6,4,16,4.0,1.65,0.0,3,4,8.8,4.0,Low,Niche
90059F,DIAMANTE HAIR GRIP PACK/2 LT ROSE,24.75,6.19,4,15,3.75,1.65,0.0,3,4,8.25,3.75,Low,Niche
90060B,FIRE POLISHED GLASS NECKL GOLD,5.95,5.95,1,1,1.0,5.95,,1,1,5.95,1.0,Low,Niche
90060D,FIRE POLISHED GLASS NECKL BRONZE,17.85,5.95,3,3,1.0,5.95,0.0,3,3,5.95,1.0,Low,Niche
90062,CARNIVAL BRACELET,267.75,38.25,7,21,3.0,12.75,0.0,6,7,44.62,3.0,Medium,Niche
90063A,WHITE VINT ART DECO CRYSTAL NECKLAC,93.5,13.36,7,11,1.57,8.5,0.0,7,7,13.36,1.57,Low,Niche
90063B,BLACK VINT ART DEC CRYSTAL NECKLACE,68.0,13.6,5,8,1.6,8.5,0.0,5,5,13.6,1.6,Low,Niche
90064A,WHITE VINTAGE CRYSTAL EARRINGS,26.25,8.75,3,7,2.33,3.75,0.0,3,3,8.75,2.33,Low,Niche
90064B,BLACK VINTAGE  CRYSTAL EARRINGS,45.0,6.43,7,12,1.71,3.75,0.0,6,7,7.5,1.71,Low,Niche
90065A,WHITE VINTAGE CRYSTAL BRACELET,54.0,13.5,4,8,2.0,6.75,0.0,3,3,18.0,2.67,Low,Niche
90065B,BLACK VINT ART DEC CRYSTAL BRACELET,6.75,6.75,1,1,1.0,6.75,,1,1,6.75,1.0,Low,Niche
90067A,PINK VINTAGE VICTORIAN EARRINGS,29.5,9.83,3,10,3.33,2.95,0.0,3,3,9.83,3.33,Low,Niche
90069,RUBY GLASS CLUSTER NECKLACE,15.0,15.0,1,2,2.0,7.5,,1,1,15.0,2.0,Low,Niche
90070,RUBY GLASS CLUSTER BRACELET,65.45,16.36,4,11,2.75,5.95,0.0,3,4,21.82,2.75,Low,Niche
90071,RUBY GLASS CLUSTER EARRINGS,1.25,1.25,1,1,1.0,1.25,,1,1,1.25,1.0,Low,Niche
90072,RUBY DROP CHANDELIER EARRINGS,37.5,12.5,3,10,3.33,3.75,0.0,2,3,18.75,3.33,Low,Niche
90073,VINTAGE ENAMEL & CRYSTAL EARRINGS,64.35,16.09,4,13,3.25,4.95,0.0,4,4,16.09,3.25,Low,Niche
90074,BLACK DIAMOND CLUSTER NECKLACE,17.9,17.9,1,2,2.0,8.95,,1,1,17.9,2.0,Low,Niche
90076,MONTANA DIAMOND CLUSTER EARRINGS,17.85,8.92,2,7,3.5,2.55,0.0,1,2,17.85,3.5,Low,Niche
90078,PINK/WHITE GLASS DEMI CHOKER,15.0,15.0,1,2,2.0,7.5,,1,1,15.0,2.0,Low,Niche
90079,VINTAGE ENAMEL & CRYSTAL NECKLACE,24.75,12.38,2,5,2.5,4.95,0.0,2,2,12.38,2.5,Low,Niche
90081A,LILY BROOCH AMETHYST COLOUR,74.25,9.28,8,15,1.88,4.95,0.0,7,8,10.61,1.88,Low,Niche
90081C,LILY BROOCH OLIVE COLOUR,54.45,9.08,6,11,1.83,4.95,0.0,6,6,9.08,1.83,Low,Niche
90082A,DIAMANTE BOW BROOCH GREEN COLOUR,133.35,13.34,10,21,2.1,6.35,0.0,8,10,16.67,2.1,Medium,Niche
90082B,DIAMANTE BOW BROOCH RED COLOUR,171.45,14.29,12,27,2.25,6.35,0.0,8,10,21.43,2.7,Medium,Occasional
90082D,DIAMANTE BOW BROOCH BLACK COLOUR,50.8,10.16,5,8,1.6,6.35,0.0,4,4,12.7,2.0,Low,Niche
90083,CRYSTAL CZECH CROSS PHONE CHARM,13.69,3.42,4,19,4.75,1.27,0.72,2,4,6.84,4.75,Low,Niche
90084,PINK CRYSTAL GUITAR PHONE CHARM,0.85,0.85,1,1,1.0,0.85,,1,1,0.85,1.0,Low,Niche
90085,CRYSTAL STILETTO PHONE CHARM,20.4,10.2,2,24,12.0,0.85,0.0,2,2,10.2,12.0,Low,Niche
90086,CRYSTAL FROG PHONE CHARM,49.93,4.54,11,85,7.73,1.29,0.51,5,11,9.99,7.73,Low,Occasional
90087,CRYSTAL SEA HORSE PHONE CHARM,33.66,4.21,8,90,11.25,1.17,0.66,4,8,8.41,11.25,Low,Niche
90089,PINK CRYSTAL SKULL PHONE CHARM,4.75,1.58,3,25,8.33,0.19,0.0,2,2,2.38,12.5,Low,Niche
90093,CLEAR CRYSTAL STAR PHONE CHARM,20.39,3.4,6,47,7.83,0.89,0.64,5,6,4.08,7.83,Low,Niche
90094,NECKLACE+BRACELET SET FRUIT SALAD ,33.15,2.76,12,13,1.08,2.55,0.0,12,12,2.76,1.08,Low,Occasional
90096,NECKLACE+BRACELET SET BLUE BLOSSOM,20.4,6.8,3,8,2.67,2.55,0.0,3,3,6.8,2.67,Low,Niche
90098,NECKLACE+BRACELET PINK BUTTERFLY,86.7,8.67,10,34,3.4,2.55,0.0,9,10,9.63,3.4,Low,Niche
90099,NECKLACE+BRACELET SET BLUE HIBISCUS,51.0,3.92,13,20,1.54,2.55,0.0,12,13,4.25,1.54,Low,Occasional
90100,NECKLACE+BRACELET SET PINK DAISY,2.55,2.55,1,1,1.0,2.55,,1,1,2.55,1.0,Low,Niche
90101,WHITE FRANGIPANI NECKLACE,53.55,10.71,5,21,4.2,2.55,0.0,3,5,17.85,4.2,Low,Niche
90102,WHITE FRANGIPANI HAIR CLIP,8.5,8.5,1,10,10.0,0.85,,1,1,8.5,10.0,Low,Niche
90103,PURPLE FRANGIPANI NECKLACE,20.4,10.2,2,8,4.0,2.55,0.0,2,2,10.2,4.0,Low,Niche
90104,PURPLE FRANGIPANI HAIRCLIP,0.85,0.85,1,1,1.0,0.85,,1,1,0.85,1.0,Low,Niche
90108,BLUE BLOSSOM HAIR CLIP,77.7,11.1,7,74,10.57,1.05,0.0,6,7,12.95,10.57,Low,Niche
90114,SUMMER DAISIES BAG CHARM,168.3,15.3,11,66,6.0,2.55,0.0,11,11,15.3,6.0,Medium,Occasional
90116,FRUIT SALAD BAG CHARM,27.04,9.01,3,16,5.33,1.69,0.0,3,3,9.01,5.33,Low,Niche
90118,PINK DAISY BAG CHARM,30.6,15.3,2,12,6.0,2.55,0.0,1,2,30.6,6.0,Low,Niche
90119,METALIC LEAVES BAG CHARMS,148.32,9.27,16,60,3.75,2.48,0.04,3,15,49.44,4.0,Medium,Occasional
90120B,BLUE MURANO TWIST BRACELET,85.0,17.0,5,20,4.0,4.25,0.0,5,5,17.0,4.0,Low,Niche
90120C,GREEN MURANO TWIST BRACELET,131.75,18.82,7,31,4.43,4.25,0.0,6,7,21.96,4.43,Medium,Niche
90120D,WHITE MURANO TWIST BRACELET,8.5,4.25,2,2,1.0,4.25,0.0,2,2,4.25,1.0,Low,Niche
90122A,PINK CRYSTAL+GLASS BRACELET,39.6,13.2,3,8,2.67,4.95,0.0,3,3,13.2,2.67,Low,Niche
90122B,JADE CRYSTAL+GLASS BRACELET,4.95,4.95,1,1,1.0,4.95,,1,1,4.95,1.0,Low,Niche
90122C,TURQUOISE CRYSTAL+GLASS BRACELET,84.15,16.83,5,17,3.4,4.95,0.0,3,5,28.05,3.4,Low,Niche
90123A,PINK HEART OF GLASS BRACELET,83.3,10.41,8,14,1.75,5.95,0.0,8,8,10.41,1.75,Low,Niche
90123B,TURQUOISE HEART OF GLASS BRACELET,47.6,11.9,4,8,2.0,5.95,0.0,4,4,11.9,2.0,Low,Niche
90123C,GREEN HEART OF GLASS BRACELET,77.35,15.47,5,13,2.6,5.95,0.0,5,5,15.47,2.6,Low,Niche
90123D,WHITE HEART OF GLASS BRACELET,17.85,8.93,2,3,1.5,5.95,0.0,2,2,8.93,1.5,Low,Niche
90124A,PINK MURANO TWIST NECKLACE,59.7,14.92,4,6,1.5,9.95,0.0,4,4,14.92,1.5,Low,Niche
90124B,BLUE MURANO TWIST NECKLACE,39.8,13.27,3,4,1.33,9.95,0.0,3,3,13.27,1.33,Low,Niche
90124C,GREEN MURANO TWIST NECKLACE,69.65,17.41,4,7,1.75,9.95,0.0,4,4,17.41,1.75,Low,Niche
90125A,PINK BERTIE GLASS BEAD BAG CHARM,93.9,15.65,6,109,18.17,1.06,0.51,4,6,23.48,18.17,Low,Niche
90125B,AQUA BERTIE GLASS BEAD BAG CHARM,24.9,8.3,3,19,6.33,1.68,0.72,3,3,8.3,6.33,Low,Niche
90125C,TURQUOISE BERTIE GLASS BEAD CHARM,63.3,21.1,3,73,24.33,1.27,0.72,2,3,31.65,24.33,Low,Niche
90125D,PURPLE BERTIE GLASS BEAD BAG CHARM,65.4,13.08,5,74,14.8,1.35,0.68,3,5,21.8,14.8,Low,Niche
90125E,AMBER BERTIE GLASS BEAD BAG CHARM,2.1,2.1,1,1,1.0,2.1,,1,1,2.1,1.0,Low,Niche
90128B,BLUE LEAVES AND BEADS PHONE CHARM,1.25,1.25,1,1,1.0,1.25,,1,1,1.25,1.0,Low,Niche
90129A,PINK GLASS TASSLE BAG CHARM ,20.65,6.88,3,7,2.33,2.95,0.0,3,3,6.88,2.33,Low,Niche
90129B,TURQUOISE GLASS TASSLE BAG CHARM ,61.95,10.32,6,21,3.5,2.95,0.0,6,6,10.32,3.5,Low,Niche
90129C,GREEN GLASS TASSLE BAG CHARM,50.15,8.36,6,17,2.83,2.95,0.0,6,6,8.36,2.83,Low,Niche
90129D,AMBER GLASS TASSLE BAG CHARM,23.6,11.8,2,8,4.0,2.95,0.0,2,2,11.8,4.0,Low,Niche
90129E,PURPLE GLASS TASSLE BAG CHARM,17.7,17.7,1,6,6.0,2.95,,1,1,17.7,6.0,Low,Niche
90129F,RED GLASS TASSLE BAG CHARM,47.2,9.44,5,16,3.2,2.95,0.0,5,5,9.44,3.2,Low,Niche
90130A,WHITE STONE/CRYSTAL EARRINGS,2.95,2.95,1,1,1.0,2.95,,1,1,2.95,1.0,Low,Niche
90130B,TURQ STONE/CRYSTAL EARRINGS,26.55,8.85,3,9,3.0,2.95,0.0,3,3,8.85,3.0,Low,Niche
90131,PINK/AMETHYST/GOLD NECKLACE,27.8,27.8,1,4,4.0,6.95,,1,1,27.8,4.0,Low,Niche
90133,TEAL/FUSCHIA COL BEAD NECKLACE,44.55,14.85,3,9,3.0,4.95,0.0,3,3,14.85,3.0,Low,Niche
90135,ORANGE/WHT/FUSCHIA STONES NECKLACE,29.7,29.7,1,6,6.0,4.95,,1,1,29.7,6.0,Low,Niche
90136,PALE PINK/AMETHYST STONE NECKLACE,29.85,14.92,2,3,1.5,9.95,0.0,2,2,14.92,1.5,Low,Niche
90138,WHITE/PINK MINI CRYSTALS NECKLACE,19.8,19.8,1,4,4.0,4.95,,1,1,19.8,4.0,Low,Niche
90141A,GREEN PENDANT TRIPLE SHELL NECKLACE,19.8,9.9,2,4,2.0,4.95,0.0,2,2,9.9,2.0,Low,Niche
90141B,IVORY PENDANT TRIPLE SHELL NECKLACE,29.7,14.85,2,6,3.0,4.95,0.0,2,2,14.85,3.0,Low,Niche
90141C,TURQ PENDANT TRIPLE SHELL NECKLACE,19.8,9.9,2,4,2.0,4.95,0.0,2,2,9.9,2.0,Low,Niche
90141D,ROSE PENDANT TRIPLE SHELL NECKLACE,14.85,14.85,1,3,3.0,4.95,,1,1,14.85,3.0,Low,Niche
90141E,ORANGE PENDANT TRIPLE SHELL NECKLAC,14.85,14.85,1,3,3.0,4.95,,1,1,14.85,3.0,Low,Niche
90142D,MOP PENDANT SHELL NECKLACE,44.55,14.85,3,9,3.0,4.95,0.0,3,3,14.85,3.0,Low,Niche
90143,SILVER BRACELET W PASTEL FLOWER,157.5,15.75,10,21,2.1,7.5,0.0,7,8,22.5,2.62,Medium,Niche
90144,SILVER DROP EARRINGS WITH FLOWER,26.25,8.75,3,7,2.33,3.75,0.0,3,3,8.75,2.33,Low,Niche
90145,SILVER HOOP EARRINGS WITH FLOWER,124.95,11.36,11,21,1.91,5.95,0.0,7,11,17.85,1.91,Medium,Occasional
90146,FINE SILVER NECKLACE W PASTEL FLOWE,63.75,21.25,3,13,4.33,6.25,2.17,3,3,21.25,4.33,Low,Niche
90147,CHUNKY SILVER NECKLACE PASTEL FLOWE,228.85,17.6,13,23,1.77,9.95,0.0,10,13,22.88,1.77,Medium,Occasional
90148,LONG SILVER NECKLACE PASTEL FLOWER,127.5,15.94,8,10,1.25,12.75,0.0,5,6,25.5,1.67,Medium,Niche
90149,SILVER FLOWR PINK SHELL NECKLACE,335.28,111.76,3,52,17.33,7.12,0.66,2,3,167.64,17.33,Medium,Niche
90151,SILVER/NATURAL SHELL NECKLACE,68.0,17.0,4,8,2.0,8.5,0.0,2,4,34.0,2.0,Low,Niche
90152A,SILVER/NAT SHELL NECKLACE W PENDANT,17.85,5.95,3,3,1.0,5.95,0.0,3,3,5.95,1.0,Low,Niche
90152B,BLUE/GREEN SHELL NECKLACE W PENDANT,5.95,5.95,1,1,1.0,5.95,,1,1,5.95,1.0,Low,Niche
90152C,BLUE/NAT SHELL NECKLACE W PENDANT,5.95,5.95,1,1,1.0,5.95,,1,1,5.95,1.0,Low,Niche
90154,LAZER CUT NECKLACE W PASTEL BEADS,421.75,84.35,5,57,11.4,8.61,0.76,5,5,84.35,11.4,Medium,Niche
90155,RESIN NECKLACE W PASTEL BEADS,45.0,11.25,4,6,1.5,7.5,0.0,4,4,11.25,1.5,Low,Niche
90156,RESIN BRACELET W PASTEL BEADS,14.85,7.43,2,3,1.5,4.95,0.0,2,2,7.42,1.5,Low,Niche
90157,RIVIERA NECKLACE,34.65,17.32,2,7,3.5,4.95,0.0,2,2,17.32,3.5,Low,Niche
90158,ST TROPEZ NECKLACE,69.3,11.55,6,14,2.33,4.95,0.0,6,6,11.55,2.33,Low,Niche
90159,COTE D'AZURE NECKLACE,14.85,7.43,2,3,1.5,4.95,0.0,2,2,7.42,1.5,Low,Niche
90160A,PURPLE BOUDICCA LARGE BRACELET,264.1,22.01,12,38,3.17,6.95,0.0,10,12,26.41,3.17,Medium,Occasional
90160B,RED BOUDICCA LARGE BRACELET,145.95,18.24,8,21,2.62,6.95,0.0,7,8,20.85,2.62,Medium,Niche
90160C,TURQ+RED BOUDICCA LARGE BRACELET,284.95,17.81,16,41,2.56,6.95,0.0,14,16,20.35,2.56,Medium,Occasional
90160D,PINK BOUDICCA LARGE BRACELET,222.4,24.71,9,32,3.56,6.95,0.0,9,9,24.71,3.56,Medium,Niche
90161A,ANT COPPER RED BOUDICCA BRACELET,44.55,7.43,6,9,1.5,4.95,0.0,6,6,7.42,1.5,Low,Niche
90161B,ANT COPPER TURQ BOUDICCA BRACELET,222.75,18.56,12,45,3.75,4.95,0.0,10,12,22.28,3.75,Medium,Occasional
90161C,ANT COPPER LIME BOUDICCA BRACELET,222.75,14.85,15,45,3.0,4.95,0.0,13,15,17.13,3.0,Medium,Occasional
90161D,ANT COPPER PINK BOUDICCA BRACELET,153.45,17.05,9,31,3.44,4.95,0.0,6,9,25.58,3.44,Medium,Niche
90162A,ANT SILVER TURQUOISE BOUDICCA RING,17.7,17.7,1,6,6.0,2.95,,1,1,17.7,6.0,Low,Niche
90162B,ANT SILVER LIME GREEN BOUDICCA RING,82.6,7.51,11,28,2.55,2.95,0.0,7,11,11.8,2.55,Low,Occasional
90162C,ANT SILVER FUSCHIA BOUDICCA RING,41.3,5.9,7,14,2.0,2.95,0.0,3,7,13.77,2.0,Low,Niche
90162D,ANT SILVER PURPLE BOUDICCA RING,29.5,5.9,5,10,2.0,2.95,0.0,3,5,9.83,2.0,Low,Niche
90163A,PINK ROSEBUD & PEARL NECKLACE,30.0,15.0,2,4,2.0,7.5,0.0,2,2,15.0,2.0,Low,Niche
90163B,WHITE ROSEBUD & PEARL NECKLACE,15.0,15.0,1,2,2.0,7.5,,1,1,15.0,2.0,Low,Niche
90164A,PINK ROSEBUD PEARL BRACELET,70.35,11.72,6,19,3.17,4.73,3.04,6,6,11.72,3.17,Low,Niche
90164B,WHITE  ROSEBUD PEARL BRACELET,65.7,9.39,7,28,4.0,2.74,2.1,7,7,9.39,4.0,Low,Niche
90165B,WHITE ROSEBUD  PEARL EARRINGS,2.55,2.55,1,1,1.0,2.55,,1,1,2.55,1.0,Low,Niche
90166,PINK & WHITE ROSEBUD RING,58.9,7.36,8,14,1.75,4.19,0.05,4,8,14.72,1.75,Low,Niche
90167,BEADED LOVE HEART JEWELLERY SET,8.5,8.5,1,10,10.0,0.85,,1,1,8.5,10.0,Low,Niche
90168,2 DAISIES HAIR COMB,35.4,17.7,2,12,6.0,2.95,0.0,1,2,35.4,6.0,Low,Niche
90169,DAISY HAIR COMB,30.6,15.3,2,12,6.0,2.55,0.0,1,2,30.6,6.0,Low,Niche
90170,DAISY HAIR BAND,95.7,13.67,7,58,8.29,1.65,0.0,6,7,15.95,8.29,Low,Niche
90173,PAIR BUTTERFLY HAIR CLIPS,60.0,20.0,3,16,5.33,3.75,0.0,3,3,20.0,5.33,Low,Niche
90174,BUTTERFLY HAIR BAND,71.4,11.9,6,28,4.67,2.55,0.0,4,6,17.85,4.67,Low,Niche
90175A,WHITE GLASS CHUNKY CHARM BRACELET,80.55,10.07,8,9,1.12,8.95,0.0,6,8,13.42,1.12,Low,Niche
90175C,BLUE GLASS CHUNKY CHARM BRACELET,80.55,13.42,6,9,1.5,8.95,0.0,6,6,13.42,1.5,Low,Niche
90175D,TIGRIS EYE CHUNKY CHARM BRACELET,26.85,13.42,2,3,1.5,8.95,0.0,2,2,13.42,1.5,Low,Niche
90176A,CLASSIC DIAMANTE NECKLACE JET,22.5,11.25,2,3,1.5,7.5,0.0,1,2,22.5,1.5,Low,Niche
90176B,DIAMANTE NECKLACE BLACK ,15.0,15.0,1,2,2.0,7.5,,1,1,15.0,2.0,Low,Niche
90176C,DIAMANTE NECKLACE,15.0,15.0,1,2,2.0,7.5,,1,1,15.0,2.0,Low,Niche
90176D,DIAMANTE NECKLACE PURPLE,60.0,12.0,5,8,1.6,7.5,0.0,4,5,15.0,1.6,Low,Niche
90176E,DIAMANTE NECKLACE GREEN,22.5,11.25,2,3,1.5,7.5,0.0,2,2,11.25,1.5,Low,Niche
90177A,CLASSIC DIAMANTE EARRINGS JET,35.4,17.7,2,12,6.0,2.95,0.0,1,2,35.4,6.0,Low,Niche
90177B,DROP DIAMANTE EARRINGS BLACK DIAMON,20.65,10.32,2,7,3.5,2.95,0.0,2,2,10.32,3.5,Low,Niche
90177C,DROP DIAMANTE EARRINGS CRYSTAL,56.05,14.01,4,19,4.75,2.95,0.0,3,4,18.68,4.75,Low,Niche
90177D,DROP DIAMANTE EARRINGS PURPLE,67.85,9.69,7,23,3.29,2.95,0.0,5,7,13.57,3.29,Low,Niche
90177E,DROP DIAMANTE EARRINGS GREEN,35.4,17.7,2,12,6.0,2.95,0.0,1,2,35.4,6.0,Low,Niche
90178A,AMBER CHUNKY GLASS+BEAD NECKLACE,71.7,11.95,6,6,1.0,11.95,0.0,6,6,11.95,1.0,Low,Niche
90178B,PURPLE CHUNKY GLASS+BEAD NECKLACE,11.95,11.95,1,1,1.0,11.95,,1,1,11.95,1.0,Low,Niche
90179A,AMBER FINE BEAD NECKLACE W TASSEL,17.85,8.93,2,3,1.5,5.95,0.0,2,2,8.93,1.5,Low,Niche
90179C,BLACK FINE BEAD NECKLACE W TASSEL,5.95,5.95,1,1,1.0,5.95,,1,1,5.95,1.0,Low,Niche
90180A,BLACK+WHITE NECKLACE W TASSEL,87.35,17.47,5,13,2.6,8.55,3.13,5,5,17.47,2.6,Low,Niche
90180B,PURPLE AMETHYST NECKLACE W TASSEL,29.85,9.95,3,3,1.0,9.95,0.0,3,3,9.95,1.0,Low,Niche
90181A,AMBER GLASS/SHELL/PEARL NECKLACE,8.95,8.95,1,1,1.0,8.95,,1,1,8.95,1.0,Low,Niche
90182C,BLACK 3 BEAD DROP EARRINGS,35.4,17.7,2,12,6.0,2.95,0.0,1,2,35.4,6.0,Low,Niche
90183A,AMBER DROP EARRINGS W LONG BEADS,76.7,12.78,6,26,4.33,2.95,0.0,5,6,15.34,4.33,Low,Niche
90183C,BLACK DROP EARRINGS W LONG BEADS,2.95,2.95,1,1,1.0,2.95,,1,1,2.95,1.0,Low,Niche
90184A,AMBER CHUNKY BEAD BRACELET W STRAP,71.6,17.9,4,8,2.0,8.95,0.0,4,4,17.9,2.0,Low,Niche
90184B,AMETHYST CHUNKY BEAD BRACELET W STR,187.95,17.09,11,21,1.91,8.95,0.0,11,11,17.09,1.91,Medium,Occasional
90184C,BLACK CHUNKY BEAD BRACELET W STRAP,98.45,14.06,7,11,1.57,8.95,0.0,7,7,14.06,1.57,Low,Niche
90185A,AMBER DIAMANTE EXPANDABLE RING,119.0,19.83,6,28,4.67,4.25,0.0,5,6,23.8,4.67,Medium,Niche
90185B,AMETHYST DIAMANTE EXPANDABLE RING,93.5,18.7,5,22,4.4,4.25,0.0,3,5,31.17,4.4,Low,Niche
90185C,BLACK DIAMANTE EXPANDABLE RING,157.25,19.66,8,37,4.62,4.25,0.0,6,8,26.21,4.62,Medium,Niche
90185D,CRYSTAL DIAMANTE EXPANDABLE RING,136.0,17.0,8,32,4.0,4.25,0.0,7,8,19.43,4.0,Medium,Niche
90186A,AMETHYST HOOP EARRING FLORAL LEAF,14.75,3.69,4,5,1.25,2.95,0.0,3,3,4.92,1.67,Low,Niche
90186B,CRYSTAL HOOP EARRING FLORAL LEAF,35.4,5.9,6,12,2.0,2.95,0.0,6,6,5.9,2.0,Low,Niche
90187B,GREEN DROP EARRINGS W BEAD CLUSTER,13.4,13.4,1,4,4.0,3.35,,1,1,13.4,4.0,Low,Niche
90188,DROP EARRINGS W FLOWER & LEAF,7.65,2.55,3,3,1.0,2.55,0.0,2,2,3.82,1.5,Low,Niche
90189A,SILVER 2 STRAND NECKLACE-LEAF CHARM,15.0,7.5,2,2,1.0,7.5,0.0,2,2,7.5,1.0,Low,Niche
90190A,SILVER/CRYSTAL DROP EARRINGS W LEAF,17.7,17.7,1,6,6.0,2.95,,1,1,17.7,6.0,Low,Niche
90190B,GOLD/AMBER DROP EARRINGS W LEAF,17.7,17.7,1,6,6.0,2.95,,1,1,17.7,6.0,Low,Niche
90190C,SILVER/AMETHYST DROP EARRINGS LEAF,14.75,3.69,4,5,1.25,2.95,0.0,4,4,3.69,1.25,Low,Niche
90191,SILVER LARIAT 40CM,113.9,16.27,7,22,3.14,8.55,5.24,7,7,16.27,3.14,Medium,Niche
90192,JADE DROP EARRINGS W FILIGREE,123.75,13.75,9,25,2.78,4.95,0.0,5,9,24.75,2.78,Medium,Niche
90194,SILVER LARIAT BLACK STONE EARRINGS,51.0,8.5,6,12,2.0,4.25,0.0,6,6,8.5,2.0,Low,Niche
90195A,PURPLE GEMSTONE BRACELET,95.2,13.6,7,16,2.29,6.38,3.21,7,7,13.6,2.29,Low,Niche
90195B,BLACK GEMSTONE BRACELET,20.85,6.95,3,3,1.0,6.95,3.46,3,3,6.95,1.0,Low,Niche
90196A,PURPLE GEMSTONE NECKLACE 45CM,102.0,20.4,5,8,1.6,12.75,0.0,5,5,20.4,1.6,Low,Niche
90196B,BLACK GEMSTONE NECKLACE 45CM,51.0,12.75,4,4,1.0,12.75,0.0,4,4,12.75,1.0,Low,Niche
90197B,BLACK GLASS BRACELET W HEART CHARMS,14.85,14.85,1,3,3.0,4.95,,1,1,14.85,3.0,Low,Niche
90198A,VINTAGE ROSE BEAD BRACELET RASPBERR,144.5,14.45,10,34,3.4,4.25,0.0,8,10,18.06,3.4,Medium,Niche
90198B,VINTAGE ROSE BEAD BRACELET BLACK,127.5,11.59,11,30,2.73,4.25,0.0,11,11,11.59,2.73,Medium,Occasional
90199A,5 STRAND GLASS NECKLACE BLACK,50.8,16.93,3,8,2.67,6.35,0.0,3,3,16.93,2.67,Low,Niche
90199B,5 STRAND GLASS NECKLACE AMETHYST,12.7,12.7,1,2,2.0,6.35,,1,1,12.7,2.0,Low,Niche
90199C,5 STRAND GLASS NECKLACE CRYSTAL,120.65,10.05,12,19,1.58,6.35,0.0,7,8,17.24,2.38,Medium,Occasional
90199D,5 STRAND GLASS NECKLACE AMBER,12.7,6.35,2,2,1.0,6.35,0.0,2,2,6.35,1.0,Low,Niche
90200A,PURPLE SWEETHEART BRACELET,174.25,10.89,16,41,2.56,4.25,0.0,14,16,12.45,2.56,Medium,Occasional
90200B,BLACK SWEETHEART BRACELET,289.0,11.56,25,68,2.72,4.25,0.0,18,25,16.06,2.72,Medium,Occasional
90200C,BLUE SWEETHEART BRACELET,85.0,12.14,7,20,2.86,4.25,0.0,6,6,14.17,3.33,Low,Niche
90200D,PINK SWEETHEART BRACELET,408.75,16.35,25,99,3.96,4.23,0.1,21,24,19.46,4.12,Medium,Occasional
90200E,GREEN SWEETHEART BRACELET,311.0,17.28,18,76,4.22,4.22,0.12,15,18,20.73,4.22,Medium,Occasional
90201A,PURPLE ENAMEL FLOWER RING,150.45,12.54,12,51,4.25,2.95,0.0,11,12,13.68,4.25,Medium,Occasional
90201B,BLACK ENAMEL FLOWER RING,209.45,17.45,12,71,5.92,2.95,0.0,9,12,23.27,5.92,Medium,Occasional
90201C,RED ENAMEL FLOWER RING,171.1,13.16,13,58,4.46,2.95,0.0,12,13,14.26,4.46,Medium,Occasional
90201D,GREEN ENAMEL FLOWER RING,135.7,15.08,9,46,5.11,2.95,0.0,9,9,15.08,5.11,Medium,Niche
90202A,PURPLE ENAMEL FLOWER HAIR TIE,35.4,17.7,2,12,6.0,2.95,0.0,1,2,35.4,6.0,Low,Niche
90202B,WHITE ENAMEL FLOWER HAIR TIE,38.35,12.78,3,13,4.33,2.95,0.0,2,3,19.18,4.33,Low,Niche
90202C,GREEN ENAMEL FLOWER HAIR TIE,38.35,12.78,3,13,4.33,2.95,0.0,2,3,19.18,4.33,Low,Niche
90202D,PINK ENAMEL FLOWER HAIR TIE,53.1,17.7,3,18,6.0,2.95,0.0,2,3,26.55,6.0,Low,Niche
90204,PAIR OF ENAMEL BUTTERFLY HAIRCLIP,70.35,7.82,9,21,2.33,3.35,0.0,8,9,8.79,2.33,Low,Niche
90205A,LARGE MINT DIAMANTE HAIRSLIDE,26.4,4.4,6,16,2.67,1.65,0.0,6,6,4.4,2.67,Low,Niche
90205C,LARGE CRYSTAL DIAMANTE HAIRSLIDE,9.9,3.3,3,6,2.0,1.65,0.0,3,3,3.3,2.0,Low,Niche
90206A,GOLD DIAMANTE STAR BROOCH,29.7,9.9,3,6,2.0,4.95,0.0,2,3,14.85,2.0,Low,Niche
90206C,CRYSTAL DIAMANTE STAR BROOCH,64.35,8.04,8,13,1.62,4.95,0.0,6,7,10.72,1.86,Low,Niche
90208,PAIR OF PINK FLOWER CLUSTER SLIDE,40.8,8.16,5,16,3.2,2.55,0.0,4,5,10.2,3.2,Low,Niche
90209A,PURPLE ENAMEL+GLASS HAIR COMB,176.4,35.28,5,90,18.0,2.03,0.16,3,5,58.8,18.0,Medium,Niche
90209B,GREEN ENAMEL+GLASS HAIR COMB,191.1,14.7,13,105,8.08,2.05,0.13,7,11,27.3,9.55,Medium,Occasional
90209C,PINK ENAMEL+GLASS HAIR COMB,420.0,32.31,13,234,18.0,2.02,0.15,8,13,52.5,18.0,Medium,Occasional
90210A,GREY ACRYLIC FACETED BANGLE,35.9,11.97,3,26,8.67,1.82,0.98,3,3,11.97,8.67,Low,Niche
90210B,CLEAR ACRYLIC FACETED BANGLE,58.6,9.77,6,40,6.67,2.02,1.03,6,6,9.77,6.67,Low,Niche
90210C,RED   ACRYLIC FACETED BANGLE,115.9,23.18,5,94,18.8,1.49,0.83,5,5,23.18,18.8,Medium,Niche
90210D,PURPLE ACRYLIC FACETED BANGLE,125.0,25.0,5,104,20.8,1.15,0.14,4,5,31.25,20.8,Medium,Niche
90211A,DIAMOND LAS VEGAS NECKLACE 45CM,29.75,9.92,3,5,1.67,5.95,0.0,3,3,9.92,1.67,Low,Niche
90211B,JET BLACK LAS VEGAS NECKLACE 45CM,35.7,11.9,3,6,2.0,5.95,0.0,2,3,17.85,2.0,Low,Niche
90212B,JET BLACK LAS VEGAS BRACELET ROUND,11.25,11.25,1,3,3.0,3.75,,1,1,11.25,3.0,Low,Niche
90212C,PURPLE LAS VEGAS BRACELET ROUND,22.5,11.25,2,6,3.0,3.75,0.0,2,2,11.25,3.0,Low,Niche
90214A,"LETTER ""A"" BLING KEY RING",55.71,3.98,14,63,4.5,1.11,0.35,5,14,11.14,4.5,Low,Occasional
90214B,"LETTER ""B"" BLING KEY RING",4.73,2.36,2,13,6.5,0.77,0.68,2,2,2.37,6.5,Low,Niche
90214C,"LETTER ""C"" BLING KEY RING",40.04,4.45,9,52,5.78,0.82,0.51,7,9,5.72,5.78,Low,Niche
90214D,"LETTER ""D"" BLING KEY RING",25.71,3.67,7,39,5.57,0.98,0.47,5,7,5.14,5.57,Low,Niche
90214E,"LETTER ""E"" BLING KEY RING",27.25,3.41,8,41,5.12,0.89,0.5,6,8,4.54,5.12,Low,Niche
90214F,"LETTER ""F"" BLING KEY RING",3.77,1.88,2,13,6.5,0.29,0.0,2,2,1.88,6.5,Low,Niche
90214G,"LETTER ""G"" BLING KEY RING",18.5,2.64,7,34,4.86,0.84,0.51,5,7,3.7,4.86,Low,Niche
90214H,"LETTER ""H"" BLING KEY RING",15.02,2.5,6,22,3.67,0.93,0.5,4,6,3.76,3.67,Low,Niche
90214I,"LETTER ""I"" BLING KEY RING",18.77,6.26,3,25,8.33,0.61,0.55,3,3,6.26,8.33,Low,Niche
90214J,"LETTER ""J"" BLING KEY RING",17.23,3.45,5,23,4.6,1.06,0.43,3,5,5.74,4.6,Low,Niche
90214K,"LETTER ""K"" BLING KEY RING",34.75,2.9,12,47,3.92,1.01,0.43,6,12,5.79,3.92,Low,Occasional
90214L,"LETTER ""L"" BLING KEY RING",29.19,5.84,5,51,10.2,0.87,0.53,4,5,7.3,10.2,Low,Niche
90214M,"LETTER ""M"" BLING KEY RING",22.23,4.45,5,27,5.4,1.06,0.43,3,5,7.41,5.4,Low,Niche
90214N,"LETTER ""N"" BLING KEY RING",10.02,2.0,5,18,3.6,0.87,0.53,3,5,3.34,3.6,Low,Niche
90214O,"LETTER ""O"" BLING KEY RING",3.48,3.48,1,12,12.0,0.29,,1,1,3.48,12.0,Low,Niche
90214P,"LETTER ""P"" BLING KEY RING",11.0,1.83,6,28,4.67,0.77,0.53,4,6,2.75,4.67,Low,Niche
90214R,"LETTER ""R"" BLING KEY RING",6.27,1.57,4,15,3.75,0.77,0.55,3,4,2.09,3.75,Low,Niche
90214S,"LETTER ""S"" BLING KEY RING",26.0,4.33,6,40,6.67,0.77,0.53,5,6,5.2,6.67,Low,Niche
90214T,"LETTER ""T"" BLING KEY RING",3.48,3.48,1,12,12.0,0.29,,1,1,3.48,12.0,Low,Niche
90214U,"LETTER ""U"" BLING KEY RING",3.48,3.48,1,12,12.0,0.29,,1,1,3.48,12.0,Low,Niche
90214V,"LETTER ""V"" BLING KEY RING",5.98,1.99,3,14,4.67,0.93,0.55,2,3,2.99,4.67,Low,Niche
90214W,"LETTER ""W"" BLING KEY RING",3.48,3.48,1,12,12.0,0.29,,1,1,3.48,12.0,Low,Niche
90214Y,"LETTER ""Y"" BLING KEY RING",18.65,6.22,3,61,20.33,0.61,0.55,3,3,6.22,20.33,Low,Niche
90214Z,"LETTER ""Z"" BLING KEY RING",3.48,3.48,1,12,12.0,0.29,,1,1,3.48,12.0,Low,Niche
BANK CHARGES,Bank Charges,165.0,13.75,12,12,1.0,13.75,4.33,10,11,16.5,1.09,Medium,Occasional
C2,CARRIAGE,6736.0,50.27,134,135,1.01,50.13,9.61,29,134,232.28,1.01,Premium,Best-Seller
CRUK,CRUK Commission,7933.43,495.84,16,16,1.0,495.84,364.16,1,16,7933.43,1.0,Premium,Occasional
D,Discount,5696.22,73.98,77,1194,15.51,72.48,219.27,24,65,237.34,18.37,Premium,Popular
DOT,DOTCOM POSTAGE,11906.36,744.15,16,16,1.0,744.15,540.83,1,16,11906.36,1.0,Premium,Occasional
M,Manual,170151.84,365.92,465,11174,24.03,343.47,1943.11,276,412,616.49,27.12,Premium,Best-Seller
PADS,PADS TO MATCH ALL CUSHIONS,0.0,0.0,4,4,1.0,0.0,0.0,4,4,0.0,1.0,Low,Niche
POST,POSTAGE,88897.68,74.33,1196,3238,2.71,37.89,334.12,379,1194,234.56,2.71,Premium,Best-Seller
