CustomerID,Recency,Frequency,Monetary,R_Score,F_Score,M_Score,RFM_Score,Segment
12346.0,325,2,154367.2,1,2,5,8,Potential
12347.0,1,7,4310.0,5,4,5,14,Champions
12348.0,74,4,1797.24,2,3,4,9,Potential
12349.0,18,1,1757.55,4,1,4,9,Potential
12350.0,309,1,334.4,1,1,2,4,Lost
12352.0,35,11,3466.67,3,5,5,13,Champions
12353.0,203,1,89.0,1,1,1,3,Lost
12354.0,231,1,1079.4,1,1,4,6,At Risk
12355.0,213,1,459.4,1,1,2,4,Lost
12356.0,22,3,2811.43,4,3,5,12,Champions
12357.0,32,1,6207.67,3,1,5,9,Potential
12358.0,1,2,1168.06,5,2,4,11,Loyal
12359.0,7,6,6499.63,5,4,5,14,Champions
12360.0,51,3,2662.06,3,3,5,11,Loyal
12361.0,286,1,189.9,1,1,1,3,Lost
12362.0,2,13,5297.88,5,5,5,15,Champions
12364.0,7,4,1313.1,5,3,4,12,Champions
12365.0,290,3,962.0699999999999,1,3,3,7,At Risk
12367.0,3,1,168.9,5,1,1,7,At Risk
12370.0,50,4,3545.69,3,3,5,11,Loyal
12371.0,44,2,1887.96,3,2,4,9,Potential
12372.0,71,3,1298.04,2,3,4,9,Potential
12373.0,310,1,364.6,1,1,2,4,Lost
12374.0,24,1,742.9300000000001,4,1,3,8,Potential
12375.0,2,3,459.58000000000004,5,3,2,10,Loyal
12377.0,314,2,1628.12,1,2,4,7,At Risk
12378.0,129,1,4008.62,2,1,5,8,Potential
12379.0,81,3,854.19,2,3,3,8,Potential
12380.0,21,5,2729.06,4,4,5,13,Champions
12381.0,4,6,1886.66,5,4,4,13,Champions
12383.0,184,6,1861.81,1,4,4,9,Potential
12384.0,28,3,604.38,4,3,3,10,Loyal
12386.0,337,2,401.9,1,2,2,5,Lost
12388.0,15,6,2780.66,4,4,5,13,Champions
12390.0,79,1,549.84,2,1,3,6,At Risk
12391.0,21,1,460.89,4,1,2,7,At Risk
12393.0,71,4,1582.6000000000001,2,3,4,9,Potential
12394.0,63,2,1272.48,3,2,4,9,Potential
12395.0,15,15,3038.98,4,5,5,14,Champions
12397.0,35,2,2409.9,3,2,5,10,Loyal
12398.0,45,1,1635.6599999999999,3,1,4,8,Potential
12399.0,118,4,1108.65,2,3,4,9,Potential
12401.0,302,1,84.3,1,1,1,3,Lost
12402.0,322,1,225.6,1,1,1,3,Lost
12403.0,49,2,445.7,3,2,2,7,At Risk
12405.0,148,1,1710.39,2,1,4,7,At Risk
12406.0,21,3,3549.85,4,3,5,12,Champions
12407.0,49,5,1708.1200000000001,3,4,4,11,Loyal
12408.0,32,9,2934.5299999999997,3,5,5,13,Champions
12409.0,78,7,11088.41,2,4,5,11,Loyal
12410.0,300,3,705.5799999999999,1,3,3,7,At Risk
12412.0,74,3,1226.88,2,3,4,9,Potential
12413.0,66,5,822.0500000000001,3,4,3,10,Loyal
12414.0,216,3,562.41,1,3,3,7,At Risk
12415.0,23,26,126912.65,4,5,5,14,Champions
12417.0,2,12,3719.4,5,5,5,15,Champions
12418.0,112,1,668.58,2,1,3,6,At Risk
12420.0,63,1,600.39,3,1,3,7,At Risk
12421.0,15,5,807.8100000000001,4,4,3,11,Loyal
12422.0,95,3,803.5600000000001,2,3,3,8,Potential
12423.0,0,9,1869.51,5,5,4,14,Champions
12424.0,162,2,1760.96,2,2,4,8,Potential
12425.0,77,1,777.2,2,1,3,6,At Risk
12426.0,194,1,582.73,1,1,3,5,Lost
12427.0,11,5,943.23,4,4,3,11,Loyal
12428.0,25,12,8035.72,4,5,5,14,Champions
12429.0,8,4,3750.4,5,4,5,14,Champions
12430.0,42,1,256.4,3,1,2,6,At Risk
12431.0,35,18,6583.47,3,5,5,13,Champions
12432.0,42,5,5059.32,3,4,5,12,Champions
12433.0,0,7,13375.87,5,4,5,14,Champions
12434.0,84,4,847.09,2,4,3,9,Potential
12435.0,79,2,7829.89,2,2,5,9,Potential
12436.0,99,1,509.01,2,1,3,6,At Risk
12437.0,1,19,9167.220000000001,5,5,5,15,Champions
12438.0,13,2,2906.85,4,2,5,11,Loyal
12441.0,366,1,173.55,1,1,1,3,Lost
12442.0,2,1,172.06,5,1,1,7,At Risk
12444.0,20,5,5025.36,4,4,5,13,Champions
12445.0,21,1,133.4,4,1,1,6,At Risk
12446.0,57,1,1003.5600000000001,3,1,4,8,Potential
12447.0,242,1,476.49,1,1,2,4,Lost
12448.0,43,1,449.45,3,1,2,6,At Risk
12449.0,21,4,4067.29,4,4,5,13,Champions
12450.0,155,2,197.88,2,2,1,5,Lost
12451.0,10,6,9137.52,5,4,5,14,Champions
12452.0,16,3,432.57,4,3,2,9,Potential
12453.0,133,1,707.09,2,1,3,6,At Risk
12454.0,52,2,7056.679999999999,3,2,5,10,Loyal
12455.0,72,6,2466.86,2,4,5,11,Loyal
12456.0,43,4,3208.19,3,4,5,12,Champions
12457.0,57,12,2816.33,3,5,5,13,Champions
12458.0,70,2,947.4,3,2,3,8,Potential
12461.0,93,2,826.88,2,2,3,7,At Risk
12462.0,1,4,1255.17,5,4,4,13,Champions
12463.0,45,7,1385.93,3,4,4,11,Loyal
12464.0,9,8,1212.05,5,5,4,14,Champions
12465.0,7,3,750.49,5,3,3,11,Loyal
12468.0,142,3,735.0400000000001,2,3,3,8,Potential
12471.0,1,49,20907.18,5,5,5,15,Champions
12472.0,30,13,6914.74,4,5,5,14,Champions
12473.0,28,9,5028.87,4,5,5,14,Champions
12474.0,16,30,7635.11,4,5,5,14,Champions
12475.0,53,1,723.38,3,1,3,7,At Risk
12476.0,0,20,7086.26,5,5,5,15,Champions
12477.0,22,9,13322.47,4,5,5,14,Champions
12478.0,3,1,680.99,5,1,3,9,Potential
12479.0,3,3,577.1,5,3,3,11,Loyal
12480.0,27,4,3281.63,4,4,5,13,Champions
12481.0,22,11,5601.78,4,5,5,14,Champions
12483.0,16,13,2642.83,4,5,5,14,Champions
12484.0,32,8,4588.17,3,5,5,13,Champions
12488.0,9,3,1298.66,5,3,4,12,Champions
12489.0,335,1,334.93,1,1,2,4,Lost
12490.0,4,10,5417.93,5,5,5,15,Champions
12491.0,38,1,460.40000000000003,3,1,2,6,At Risk
12492.0,62,2,263.21000000000004,3,2,2,7,At Risk
12493.0,165,3,450.69,2,3,2,7,At Risk
12494.0,9,13,1352.8500000000001,5,5,4,14,Champions
12497.0,81,1,1043.1,2,1,4,7,At Risk
12498.0,20,3,403.70000000000005,4,3,2,9,Potential
12500.0,22,13,4309.37,4,5,5,14,Champions
12501.0,314,2,2249.1,1,2,5,8,Potential
12502.0,95,5,3723.87,2,4,5,11,Loyal
12503.0,337,1,1126.0,1,1,4,6,At Risk
12504.0,17,4,850.0999999999999,4,4,3,11,Loyal
12505.0,300,1,4.5,1,1,1,3,Lost
12506.0,232,1,73.5,1,1,1,3,Lost
12507.0,133,4,1398.31,2,4,4,10,Loyal
12508.0,25,2,398.27,4,2,2,8,Potential
12509.0,283,1,176.5,1,1,1,3,Lost
12510.0,142,2,982.5699999999999,2,2,4,8,Potential
12512.0,65,2,138.03,3,2,1,6,At Risk
12513.0,84,2,637.79,2,2,3,7,At Risk
12514.0,266,1,1017.68,1,1,4,6,At Risk
12515.0,352,1,383.7,1,1,2,4,Lost
12516.0,77,2,1312.06,2,2,4,8,Potential
12517.0,27,6,2540.79,4,4,5,13,Champions
12518.0,0,5,2056.89,5,4,4,13,Champions
12519.0,63,1,340.84,3,1,2,6,At Risk
12520.0,78,6,2686.01,2,4,5,11,Loyal
12521.0,142,1,599.68,2,1,3,6,At Risk
12522.0,38,2,192.72,3,2,1,6,At Risk
12523.0,1,13,1833.97,5,5,4,14,Champions
12524.0,8,8,4485.72,5,5,5,15,Champions
12526.0,0,3,1316.66,5,3,4,12,Champions
12527.0,81,3,348.71000000000004,2,3,2,7,At Risk
12528.0,8,8,1944.68,5,5,4,14,Champions
12530.0,59,5,1700.93,3,4,4,11,Loyal
12531.0,14,1,125.22,4,1,1,6,At Risk
12532.0,29,1,349.83000000000004,4,1,2,7,At Risk
12534.0,130,1,1089.18,2,1,4,7,At Risk
12535.0,91,2,716.35,2,2,3,7,At Risk
12536.0,7,5,21096.84,5,4,5,14,Champions
12538.0,28,1,363.95,4,1,2,7,At Risk
12539.0,21,5,7284.2,4,4,5,13,Champions
12540.0,19,19,13491.44,4,5,5,14,Champions
12541.0,29,3,981.18,4,3,4,11,Loyal
12544.0,29,2,389.7,4,2,2,8,Potential
12545.0,74,2,1000.39,2,2,4,8,Potential
12546.0,46,3,1181.5,3,3,4,10,Loyal
12547.0,197,2,207.79999999999998,1,2,1,4,Lost
12548.0,165,1,95.19999999999999,2,1,1,4,Lost
12550.0,78,1,964.83,2,1,4,7,At Risk
12551.0,357,1,168.0,1,1,1,3,Lost
12552.0,38,2,437.82,3,2,2,7,At Risk
12553.0,7,14,3732.31,5,5,5,15,Champions
12556.0,49,2,603.71,3,2,3,8,Potential
12557.0,15,5,11990.960000000001,4,4,5,13,Champions
12558.0,1,2,539.92,5,2,3,10,Loyal
12559.0,310,3,587.21,1,3,3,7,At Risk
12560.0,4,4,2166.63,5,4,5,14,Champions
12561.0,302,1,238.85,1,1,1,3,Lost
12562.0,7,7,3781.7400000000002,5,4,5,14,Champions
12564.0,260,1,456.9,1,1,2,4,Lost
12565.0,281,2,160.67,1,2,1,4,Lost
12566.0,72,2,356.6,2,2,2,6,At Risk
12567.0,22,11,9687.62,4,5,5,14,Champions
12569.0,1,35,4184.39,5,5,5,15,Champions
12571.0,39,2,519.61,3,2,3,8,Potential
12572.0,8,3,1036.1200000000001,5,3,4,12,Champions
12573.0,226,1,160.54000000000002,1,1,1,3,Lost
12574.0,315,1,218.45,1,1,1,3,Lost
12576.0,35,6,1324.68,3,4,4,11,Loyal
12577.0,34,4,720.2,3,4,3,10,Loyal
12578.0,20,4,2835.66,4,4,5,13,Champions
12579.0,72,3,470.12,2,3,2,7,At Risk
12580.0,246,1,415.7,1,1,2,4,Lost
12581.0,39,1,197.71,3,1,1,5,Lost
12582.0,238,2,511.36,1,2,3,6,At Risk
12583.0,2,18,7375.42,5,5,5,15,Champions
12584.0,3,18,2782.35,5,5,5,15,Champions
12585.0,233,4,2097.39,1,4,4,9,Potential
12586.0,16,2,213.94000000000003,4,2,1,7,At Risk
12587.0,7,1,144.0,5,1,1,7,At Risk
12588.0,38,1,214.89999999999998,3,1,1,5,Lost
12589.0,28,2,646.68,4,2,3,9,Potential
12590.0,189,3,9867.14,1,3,5,9,Potential
12591.0,316,1,452.84999999999997,1,1,2,4,Lost
12592.0,91,2,437.6,2,2,2,6,At Risk
12593.0,108,3,418.09999999999997,2,3,2,7,At Risk
12594.0,37,11,3356.2200000000003,3,5,5,13,Champions
12596.0,50,2,618.27,3,2,3,8,Potential
12597.0,18,5,3939.31,4,4,5,13,Champions
12598.0,9,9,3043.48,5,5,5,15,Champions
12599.0,28,7,1032.58,4,4,4,12,Champions
12600.0,28,11,2617.04,4,5,5,14,Champions
12601.0,189,6,584.5600000000001,1,4,3,8,Potential
12602.0,58,1,153.12,3,1,1,5,Lost
12603.0,21,1,779.66,4,1,3,8,Potential
12604.0,78,2,254.18,2,2,2,6,At Risk
12605.0,364,1,7.5,1,1,1,3,Lost
12607.0,57,2,3159.02,3,2,5,10,Loyal
12609.0,77,3,1126.85,2,3,4,9,Potential
12610.0,22,7,2141.09,4,4,5,13,Champions
12611.0,51,1,1193.32,3,1,4,8,Potential
12612.0,57,2,764.49,3,2,3,8,Potential
12613.0,30,6,3469.78,4,4,5,13,Champions
12614.0,277,1,315.6,1,1,2,4,Lost
12615.0,1,4,2291.19,5,4,5,14,Champions
12616.0,84,5,769.35,2,4,3,9,Potential
12617.0,28,1,355.53,4,1,2,7,At Risk
12618.0,21,1,177.31,4,1,1,6,At Risk
12619.0,15,13,4067.67,4,5,5,14,Champions
12620.0,14,3,1339.41,4,3,4,11,Loyal
12621.0,1,23,13767.27,5,5,5,15,Champions
12622.0,231,1,180.1,1,1,1,3,Lost
12623.0,275,1,305.1,1,1,2,4,Lost
12624.0,105,2,641.13,2,2,3,7,At Risk
12625.0,211,3,2753.32,1,3,5,9,Potential
12626.0,22,13,6852.61,4,5,5,14,Champions
12627.0,10,7,4478.53,5,4,5,14,Champions
12628.0,3,4,803.3100000000001,5,4,3,12,Champions
12630.0,9,2,1270.88,5,2,4,11,Loyal
12631.0,56,1,640.5,3,1,3,7,At Risk
12633.0,58,5,2187.33,3,4,5,12,Champions
12635.0,89,2,1689.18,2,2,4,8,Potential
12637.0,66,10,6090.55,3,5,5,13,Champions
12638.0,32,1,671.69,3,1,3,7,At Risk
12639.0,238,1,486.1,1,1,2,4,Lost
12640.0,23,3,1174.58,4,3,4,11,Loyal
12641.0,114,1,185.9,2,1,1,4,Lost
12642.0,24,3,1013.26,4,3,4,11,Loyal
12643.0,127,6,3344.64,2,4,5,11,Loyal
12644.0,129,1,477.91,2,1,2,5,Lost
12645.0,33,5,1794.98,3,4,4,11,Loyal
12646.0,4,2,1346.97,5,2,4,11,Loyal
12647.0,21,13,3783.67,4,5,5,14,Champions
12648.0,154,1,318.05,2,1,2,5,Lost
12649.0,106,4,643.31,2,4,3,9,Potential
12650.0,2,1,314.44,5,1,2,8,Potential
12651.0,334,1,114.0,1,1,1,3,Lost
12652.0,321,2,925.4300000000001,1,2,3,6,At Risk
12653.0,148,2,2209.85,2,2,5,9,Potential
12654.0,10,5,601.98,5,4,3,12,Champions
12656.0,16,8,4119.62,4,5,5,14,Champions
12657.0,10,5,2134.3,5,4,5,14,Champions
12658.0,18,1,686.05,4,1,3,8,Potential
12659.0,29,1,91.68,4,1,1,6,At Risk
12660.0,10,1,245.1,5,1,1,7,At Risk
12662.0,0,12,3882.48,5,5,5,15,Champions
12664.0,7,10,4899.88,5,5,5,15,Champions
12665.0,324,2,64.25,1,2,1,4,Lost
12666.0,358,1,227.44,1,1,1,3,Lost
12667.0,57,1,620.13,3,1,3,7,At Risk
12668.0,6,6,3871.12,5,4,5,14,Champions
12669.0,150,4,3880.33,2,4,5,11,Loyal
12670.0,9,6,3005.95,5,4,5,14,Champions
12672.0,329,1,225.89999999999998,1,1,1,3,Lost
12673.0,4,2,610.52,5,2,3,10,Loyal
12674.0,11,7,2021.89,4,4,4,12,Champions
12676.0,24,6,1331.39,4,4,4,12,Champions
12678.0,41,13,17668.66,3,5,5,13,Champions
12679.0,51,9,1167.3700000000001,3,5,4,12,Champions
12680.0,0,4,862.81,5,4,3,12,Champions
12681.0,14,27,13897.49,4,5,5,14,Champions
12682.0,3,31,12288.22,5,5,5,15,Champions
12683.0,3,20,8732.05,5,5,5,15,Champions
12684.0,7,7,2283.63,5,4,5,14,Champions
12685.0,27,6,2863.08,4,4,5,13,Champions
12686.0,371,1,89.14,1,1,1,3,Lost
12688.0,113,1,4873.8099999999995,2,1,5,8,Potential
12689.0,25,2,1247.61,4,2,4,10,Loyal
12690.0,205,1,389.01,1,1,2,4,Lost
12691.0,27,6,1035.8,4,4,4,12,Champions
12693.0,120,6,880.86,2,4,3,9,Potential
12694.0,69,2,869.67,3,2,3,8,Potential
12695.0,6,4,582.1,5,4,3,12,Champions
12697.0,20,5,976.16,4,4,4,12,Champions
12700.0,7,6,5011.99,5,4,5,14,Champions
12701.0,79,2,797.71,2,2,3,7,At Risk
12702.0,19,1,219.0,4,1,1,6,At Risk
12703.0,63,2,292.4,3,2,2,7,At Risk
12704.0,6,10,2460.84,5,5,5,15,Champions
12705.0,14,14,6922.34,4,5,5,14,Champions
12707.0,291,1,603.42,1,1,3,5,Lost
12708.0,29,16,2809.5,4,5,5,14,Champions
12709.0,2,26,10178.94,5,5,5,15,Champions
12710.0,96,4,1167.47,2,4,4,10,Loyal
12712.0,22,17,4550.63,4,5,5,14,Champions
12713.0,0,1,848.55,5,1,3,9,Potential
12714.0,8,5,4708.86,5,4,5,14,Champions
12715.0,105,1,353.86,2,1,2,5,Lost
12716.0,3,2,1053.49,5,2,4,11,Loyal
12717.0,150,3,1080.98,2,3,4,9,Potential
12718.0,70,1,238.25,3,1,1,5,Lost
12719.0,4,3,681.8000000000001,5,3,3,11,Loyal
12720.0,2,29,5850.18,5,5,5,15,Champions
12721.0,31,7,2683.28,4,4,5,13,Champions
12722.0,84,6,1090.93,2,4,4,10,Loyal
12723.0,3,5,725.07,5,4,3,12,Champions
12724.0,4,4,1031.41,5,4,4,13,Champions
12725.0,370,1,427.8,1,1,2,4,Lost
12726.0,27,7,2609.1,4,4,5,13,Champions
12727.0,10,9,4013.7,5,5,5,15,Champions
12728.0,70,4,836.33,3,4,3,10,Loyal
12729.0,113,1,453.01,2,1,2,5,Lost
12731.0,23,14,18998.41,4,5,5,14,Champions
12732.0,179,1,236.26000000000002,1,1,1,3,Lost
12733.0,233,1,383.95,1,1,2,4,Lost
12734.0,352,1,110.39999999999999,1,1,1,3,Lost
12735.0,314,2,779.5699999999999,1,2,3,6,At Risk
12736.0,332,1,234.0,1,1,1,3,Lost
12738.0,371,1,155.35,1,1,1,3,Lost
12739.0,77,2,1013.04,2,2,4,8,Potential
12740.0,63,1,427.6,3,1,2,6,At Risk
12744.0,51,10,33438.19,3,5,5,13,Champions
12747.0,1,11,4196.01,5,5,5,15,Champions
12748.0,0,224,38368.61,5,5,5,15,Champions
12749.0,3,8,4313.56,5,5,5,15,Champions
12750.0,128,1,275.88,2,1,2,5,Lost
12752.0,80,1,4366.78,2,1,5,8,Potential
12753.0,3,11,21834.77,5,5,5,15,Champions
12754.0,235,5,3072.3599999999997,1,4,5,10,Loyal
12755.0,249,4,5420.699999999999,1,4,5,10,Loyal
12756.0,86,1,112.07999999999998,2,1,1,4,Lost
12757.0,15,19,11486.5,4,5,5,14,Champions
12758.0,116,2,2791.59,2,2,5,9,Potential
12759.0,51,3,1531.44,3,3,4,10,Loyal
12762.0,7,2,1898.52,5,2,4,11,Loyal
12763.0,137,2,494.08,2,2,2,6,At Risk
12764.0,316,1,1693.88,1,1,4,6,At Risk
12766.0,3,7,6989.63,5,4,5,14,Champions
12769.0,238,1,1143.6,1,1,4,6,At Risk
12770.0,210,1,1351.45,1,1,4,6,At Risk
12772.0,59,1,892.47,3,1,3,7,At Risk
12775.0,16,6,1420.84,4,4,4,12,Champions
12778.0,19,7,840.23,4,4,3,11,Loyal
12779.0,20,12,4094.02,4,5,5,14,Champions
12781.0,20,5,945.76,4,4,3,11,Loyal
12782.0,4,6,2388.52,5,4,5,14,Champions
12783.0,1,8,2847.95,5,5,5,15,Champions
12784.0,8,2,574.42,5,2,3,10,Loyal
12785.0,2,2,318.19,5,2,2,9,Potential
12787.0,9,3,463.66,5,3,2,10,Loyal
12789.0,64,1,91.85,3,1,1,5,Lost
12790.0,191,1,324.92,1,1,2,4,Lost
12791.0,373,1,192.60000000000002,1,1,1,3,Lost
12792.0,256,1,400.53999999999996,1,1,2,4,Lost
12793.0,334,2,545.48,1,2,3,6,At Risk
12794.0,52,2,860.41,3,2,3,8,Potential
12795.0,18,1,430.48,4,1,2,7,At Risk
12797.0,359,3,313.88,1,3,2,6,At Risk
12798.0,9,3,6977.04,5,3,5,13,Champions
12802.0,183,2,442.58,1,2,2,5,Lost
12808.0,36,3,483.65000000000003,3,3,2,8,Potential
12809.0,167,2,494.26,2,2,2,6,At Risk
12811.0,260,3,514.85,1,3,3,7,At Risk
12812.0,44,1,229.64000000000001,3,1,1,5,Lost
12814.0,101,1,125.92,2,1,1,4,Lost
12815.0,147,2,1063.46,2,2,4,8,Potential
12816.0,95,2,572.2,2,2,3,7,At Risk
12817.0,280,1,166.04,1,1,1,3,Lost
12818.0,177,2,1566.28,2,2,4,8,Potential
12820.0,2,4,942.34,5,4,3,12,Champions
12821.0,213,1,92.72,1,1,1,3,Lost
12822.0,70,3,978.7800000000001,3,3,4,10,Loyal
12823.0,74,5,1759.5,2,4,4,10,Loyal
12824.0,59,1,397.12,3,1,2,6,At Risk
12826.0,2,8,1481.32,5,5,4,14,Champions
12827.0,5,3,430.15000000000003,5,3,2,10,Loyal
12828.0,2,6,1018.71,5,4,4,13,Champions
12829.0,321,3,332.95,1,3,2,6,At Risk
12830.0,37,7,6880.88,3,4,5,12,Champions
12831.0,261,1,215.05,1,1,1,3,Lost
12832.0,31,2,383.03,4,2,2,8,Potential
12833.0,144,1,417.38,2,1,2,5,Lost
12834.0,282,1,312.38,1,1,2,4,Lost
12836.0,58,4,2612.86,3,4,5,12,Champions
12837.0,172,1,134.1,2,1,1,4,Lost
12838.0,33,2,683.13,3,2,3,8,Potential
12839.0,2,16,5599.22,5,5,5,15,Champions
12840.0,143,6,2739.27,2,4,5,11,Loyal
12841.0,4,26,4168.3,5,5,5,15,Champions
12842.0,69,2,1118.99,3,2,4,9,Potential
12843.0,65,9,1723.76,3,5,4,12,Champions
12844.0,28,2,325.96000000000004,4,2,2,8,Potential
12845.0,266,4,354.09,1,4,2,7,At Risk
12847.0,21,1,871.54,4,1,3,8,Potential
12849.0,30,2,1050.8899999999999,4,2,4,10,Loyal
12851.0,96,1,135.18,2,1,1,4,Lost
12852.0,289,2,323.35,1,2,2,5,Lost
12853.0,107,9,2032.5,2,5,4,11,Loyal
12854.0,78,5,1359.85,2,4,4,10,Loyal
12855.0,372,1,38.1,1,1,1,3,Lost
12856.0,7,8,2197.18,5,5,5,15,Champions
12857.0,210,2,1106.4,1,2,4,7,At Risk
12863.0,51,2,538.2,3,2,3,8,Potential
12864.0,137,1,147.12,2,1,1,4,Lost
12865.0,25,3,1588.39,4,3,4,11,Loyal
12866.0,282,1,559.12,1,1,3,5,Lost
12867.0,25,10,4087.42,4,5,5,14,Champions
12868.0,185,6,1607.0600000000002,1,4,4,9,Potential
12870.0,365,1,14.899999999999999,1,1,1,3,Lost
12871.0,83,2,380.64,2,2,2,6,At Risk
12872.0,326,2,599.97,1,2,3,6,At Risk
12873.0,281,1,374.0,1,1,2,4,Lost
12875.0,142,2,343.2300000000001,2,2,2,6,At Risk
12876.0,57,2,2218.02,3,2,5,10,Loyal
12877.0,3,12,1535.77,5,5,4,14,Champions
12878.0,17,3,868.34,4,3,3,10,Loyal
12879.0,44,4,593.87,3,4,3,10,Loyal
12881.0,275,1,298.0,1,1,2,4,Lost
12882.0,8,2,1463.04,5,2,4,11,Loyal
12883.0,24,4,703.47,4,4,3,11,Loyal
12884.0,87,1,309.05,2,1,2,5,Lost
12885.0,62,4,1192.17,3,4,4,11,Loyal
12886.0,67,3,1405.71,3,3,4,10,Loyal
12888.0,213,4,394.47,1,4,2,7,At Risk
12890.0,23,1,380.46999999999997,4,1,2,7,At Risk
12891.0,185,3,331.0,1,3,2,6,At Risk
12893.0,30,1,188.14,4,1,1,6,At Risk
12895.0,41,3,398.3,3,3,2,8,Potential
12897.0,204,2,216.5,1,2,1,4,Lost
12901.0,8,36,19015.98,5,5,5,15,Champions
12902.0,264,1,138.68,1,1,1,3,Lost
12904.0,17,2,509.58,4,2,3,9,Potential
12906.0,11,5,2919.81,4,4,5,13,Champions
12908.0,58,4,1254.0,3,4,4,11,Loyal
12909.0,39,8,2228.51,3,5,5,13,Champions
12910.0,22,8,3075.04,4,5,5,14,Champions
12912.0,2,5,1662.3,5,4,4,13,Champions
12913.0,4,5,2483.63,5,4,5,14,Champions
12915.0,148,2,363.65,2,2,2,6,At Risk
12916.0,138,5,3029.95,2,4,5,11,Loyal
12917.0,127,1,594.0,2,1,3,6,At Risk
12919.0,7,8,1368.94,5,5,4,14,Champions
12920.0,16,1,164.23,4,1,1,6,At Risk
12921.0,3,50,16784.44,5,5,5,15,Champions
12922.0,160,1,405.38,2,1,2,5,Lost
12923.0,63,1,176.97,3,1,1,5,Lost
12924.0,87,5,937.45,2,4,3,9,Potential
12925.0,4,2,694.05,5,2,3,10,Loyal
12928.0,34,5,2062.7000000000003,3,4,4,11,Loyal
12929.0,121,2,130.6,2,2,1,5,Lost
12930.0,77,4,421.7,2,4,2,8,Potential
12931.0,21,20,50649.11,4,5,5,14,Champions
12933.0,23,4,608.78,4,4,3,11,Loyal
12935.0,1,8,2164.95,5,5,5,15,Champions
12936.0,16,5,1114.9,4,4,4,12,Champions
12937.0,14,4,1504.27,4,4,4,12,Champions
12938.0,25,1,114.14,4,1,1,6,At Risk
12939.0,63,8,11581.8,3,5,5,13,Champions
12940.0,45,4,950.79,3,4,3,10,Loyal
12942.0,130,3,683.9,2,3,3,8,Potential
12943.0,300,1,3.75,1,1,1,3,Lost
12944.0,35,2,604.51,3,2,3,8,Potential
12945.0,287,1,462.95,1,1,2,4,Lost
12947.0,143,11,1800.69,2,5,4,11,Loyal
12948.0,15,8,2076.2,4,5,4,13,Champions
12949.0,30,10,4191.42,4,5,5,14,Champions
12950.0,1,3,1843.0,5,3,4,12,Champions
12951.0,8,8,1086.07,5,5,4,14,Champions
12952.0,5,5,1392.74,5,4,4,13,Champions
12953.0,9,1,329.85,5,1,2,8,Potential
12955.0,0,14,4780.0599999999995,5,5,5,15,Champions
12956.0,305,1,108.07,1,1,1,3,Lost
12957.0,3,12,4056.04,5,5,5,15,Champions
12962.0,6,2,266.39,5,2,2,9,Potential
12963.0,7,9,1872.23,5,5,4,14,Champions
12965.0,88,1,771.91,2,1,3,6,At Risk
12966.0,9,1,160.18,5,1,1,7,At Risk
12967.0,2,4,2127.05,5,4,5,14,Champions
12968.0,111,1,135.95,2,1,1,4,Lost
12970.0,6,4,452.24,5,4,2,11,Loyal
12971.0,3,89,11449.56,5,5,5,15,Champions
12974.0,197,1,144.8,1,1,1,3,Lost
12976.0,211,1,738.6,1,1,3,5,Lost
12977.0,155,1,39.239999999999995,2,1,1,4,Lost
12980.0,155,12,7657.740000000001,2,5,5,12,Champions
12981.0,29,2,372.21999999999997,4,2,2,8,Potential
12982.0,239,2,403.88,1,2,2,5,Lost
12984.0,18,1,97.5,4,1,1,6,At Risk
12985.0,0,3,1263.14,5,3,4,12,Champions
12987.0,73,3,572.4,2,3,3,8,Potential
12988.0,291,1,535.32,1,1,3,5,Lost
12989.0,2,19,6993.71,5,5,5,15,Champions
12990.0,30,3,409.5,4,3,2,9,Potential
12991.0,22,2,503.76,4,2,3,9,Potential
12993.0,22,4,414.76,4,4,2,10,Loyal
12994.0,3,5,1046.6200000000001,5,4,4,13,Champions
12995.0,77,2,221.92,2,2,1,5,Lost
12997.0,21,7,1255.84,4,4,4,12,Champions
12999.0,195,3,455.88,1,3,2,6,At Risk
13000.0,106,3,534.85,2,3,3,8,Potential
13001.0,3,15,9839.720000000001,5,5,5,15,Champions
13002.0,317,1,120.94999999999999,1,1,1,3,Lost
13003.0,105,3,149.05,2,3,1,6,At Risk
13004.0,11,22,5698.39,4,5,5,14,Champions
13005.0,173,3,558.45,2,3,3,8,Potential
13006.0,55,1,81.57,3,1,1,5,Lost
13008.0,322,2,280.46999999999997,1,2,2,5,Lost
13011.0,371,1,50.550000000000004,1,1,1,3,Lost
13012.0,8,11,2012.06,5,5,4,14,Champions
13013.0,0,15,4834.89,5,5,5,15,Champions
13014.0,2,16,3584.13,5,5,5,15,Champions
13015.0,52,5,3346.28,3,4,5,12,Champions
13016.0,72,3,789.89,2,3,3,8,Potential
13017.0,6,1,204.0,5,1,1,7,At Risk
13018.0,15,29,7282.65,4,5,5,14,Champions
13021.0,3,12,2648.36,5,5,5,15,Champions
13023.0,63,2,689.9,3,2,3,8,Potential
13026.0,0,8,1014.5699999999999,5,5,4,14,Champions
13027.0,113,6,6912.0,2,4,5,11,Loyal
13028.0,22,3,662.96,4,3,3,10,Loyal
13029.0,30,3,1247.5,4,3,4,11,Loyal
13030.0,10,2,799.48,5,2,3,10,Loyal
13032.0,38,3,1023.84,3,3,4,10,Loyal
13033.0,356,1,190.55,1,1,1,3,Lost
13034.0,54,2,642.77,3,2,3,8,Potential
13035.0,57,3,957.13,3,3,3,9,Potential
13037.0,137,3,881.07,2,3,3,8,Potential
13038.0,79,3,908.46,2,3,3,8,Potential
13040.0,8,2,676.99,5,2,3,10,Loyal
13043.0,253,2,561.27,1,2,3,6,At Risk
13044.0,290,1,560.47,1,1,3,5,Lost
13045.0,98,1,305.28000000000003,2,1,2,5,Lost
13046.0,30,2,629.31,4,2,3,9,Potential
13047.0,31,18,3395.98,4,5,5,14,Champions
13048.0,13,5,1865.91,4,4,4,12,Champions
13049.0,63,2,656.6800000000001,3,2,3,8,Potential
13050.0,8,28,5989.11,5,5,5,15,Champions
13052.0,211,1,348.15000000000003,1,1,2,4,Lost
13055.0,63,4,1226.86,3,4,4,11,Loyal
13058.0,24,3,271.40000000000003,4,3,2,9,Potential
13059.0,249,1,183.4,1,1,1,3,Lost
13060.0,253,1,307.53,1,1,2,4,Lost
13061.0,71,1,248.61,2,1,2,5,Lost
13062.0,190,1,346.98,1,1,2,4,Lost
13064.0,12,4,1119.49,4,4,4,12,Champions
13065.0,372,1,205.86,1,1,1,3,Lost
13066.0,23,3,510.7,4,3,3,10,Loyal
13067.0,81,1,115.46000000000001,2,1,1,4,Lost
13068.0,9,2,344.0,5,2,2,9,Potential
13069.0,0,27,5154.42,5,5,5,15,Champions
13070.0,191,1,228.8,1,1,1,3,Lost
13072.0,266,1,177.15,1,1,1,3,Lost
13075.0,129,1,919.61,2,1,3,6,At Risk
13077.0,0,4,729.27,5,4,3,12,Champions
13078.0,0,43,12823.6,5,5,5,15,Champions
13079.0,3,5,220.10000000000002,5,4,1,10,Loyal
13080.0,178,1,58.08,2,1,1,4,Lost
13081.0,0,21,28908.48,5,5,5,15,Champions
13082.0,125,10,3631.7799999999997,2,5,5,12,Champions
13083.0,3,2,303.75,5,2,2,9,Potential
13085.0,157,3,559.78,2,3,3,8,Potential
13089.0,2,118,60265.78,5,5,5,15,Champions
13090.0,8,18,9132.25,5,5,5,15,Champions
13091.0,20,2,371.82,4,2,2,8,Potential
13092.0,70,6,495.83,3,4,2,9,Potential
13093.0,266,13,7923.47,1,5,5,11,Loyal
13094.0,20,16,2145.78,4,5,5,14,Champions
13095.0,70,1,74.39999999999999,3,1,1,5,Lost
13097.0,32,14,6127.52,3,5,5,13,Champions
13098.0,0,41,29106.0,5,5,5,15,Champions
13099.0,98,1,207.35999999999999,2,1,1,4,Lost
13101.0,233,1,101.19,1,1,1,3,Lost
13102.0,0,27,6511.889999999999,5,5,5,15,Champions
13103.0,39,1,243.94,3,1,1,5,Lost
13104.0,2,6,1098.48,5,4,4,13,Champions
13106.0,128,2,93.5,2,2,1,5,Lost
13107.0,43,5,1539.17,3,4,4,11,Loyal
13108.0,372,1,350.06,1,1,2,4,Lost
13109.0,2,5,806.24,5,4,3,12,Champions
13110.0,30,8,1524.47,4,5,4,13,Champions
13113.0,0,40,13990.17,5,5,5,15,Champions
13115.0,8,14,2383.93,5,5,5,15,Champions
13116.0,116,2,517.09,2,2,3,7,At Risk
13117.0,21,8,984.91,4,5,4,13,Champions
13118.0,19,7,1270.6200000000001,4,4,4,12,Champions
13120.0,238,1,30.599999999999998,1,1,1,3,Lost
13121.0,268,2,312.73,1,2,2,5,Lost
13122.0,93,2,922.39,2,2,3,7,At Risk
13124.0,89,3,3866.33,2,3,5,10,Loyal
13126.0,4,10,2142.99,5,5,5,15,Champions
13127.0,77,1,259.17,2,1,2,5,Lost
13130.0,93,1,64.0,2,1,1,4,Lost
13131.0,22,4,1107.3,4,4,4,12,Champions
13132.0,261,1,77.3,1,1,1,3,Lost
13133.0,273,2,109.8,1,2,1,4,Lost
13134.0,72,7,1846.53,2,5,4,11,Loyal
13135.0,196,1,3096.0,1,1,5,7,At Risk
13136.0,49,11,2669.84,3,5,5,13,Champions
13137.0,10,9,3695.7400000000002,5,5,5,15,Champions
13138.0,21,6,962.39,4,4,4,12,Champions
13139.0,15,8,5074.09,4,5,5,14,Champions
13140.0,107,3,423.72,2,3,2,7,At Risk
13141.0,84,6,2391.7,2,4,5,11,Loyal
13142.0,18,1,307.09,4,1,2,7,At Risk
13144.0,332,1,110.95,1,1,1,3,Lost
13145.0,39,5,622.27,3,4,3,10,Loyal
13146.0,25,1,228.91,4,1,1,6,At Risk
13147.0,9,4,712.8000000000001,5,4,3,12,Champions
13148.0,28,17,4065.76,4,5,5,14,Champions
13149.0,13,4,1676.06,4,4,4,12,Champions
13151.0,202,2,1265.3700000000001,1,2,4,7,At Risk
13153.0,5,1,486.22,5,1,2,8,Potential
13154.0,143,1,611.86,2,1,3,6,At Risk
13155.0,32,4,971.76,3,4,4,11,Loyal
13157.0,48,5,1760.87,3,4,4,11,Loyal
13158.0,94,4,1201.06,2,4,4,10,Loyal
13159.0,8,5,1495.95,5,4,4,13,Champions
13160.0,21,1,91.8,4,1,1,6,At Risk
13161.0,312,1,112.75,1,1,1,3,Lost
13162.0,121,5,1731.59,2,4,4,10,Loyal
13165.0,45,2,1021.48,3,2,4,9,Potential
13166.0,281,2,419.7,1,2,2,5,Lost
13167.0,18,4,791.33,4,4,3,11,Loyal
13168.0,35,5,1328.24,3,4,4,11,Loyal
13169.0,63,2,712.88,3,2,3,8,Potential
13170.0,26,1,116.00999999999999,4,1,1,6,At Risk
13171.0,7,5,510.01,5,4,3,12,Champions
13173.0,3,2,353.65,5,2,2,9,Potential
13174.0,15,3,2817.03,4,3,5,12,Champions
13176.0,45,1,492.84,3,1,2,6,At Risk
13177.0,64,1,282.45,3,1,2,6,At Risk
13178.0,25,11,5725.47,4,5,5,14,Champions
13182.0,44,1,121.18,3,1,1,5,Lost
13183.0,7,9,3957.78,5,5,5,15,Champions
13184.0,14,12,1753.79,4,5,4,13,Champions
13185.0,267,1,71.4,1,1,1,3,Lost
13186.0,39,5,1612.0900000000001,3,4,4,11,Loyal
13187.0,336,1,236.02,1,1,1,3,Lost
13188.0,10,1,114.60000000000001,5,1,1,7,At Risk
13189.0,18,2,260.68,4,2,2,8,Potential
13192.0,94,2,911.94,2,2,3,7,At Risk
13193.0,60,1,117.88,3,1,1,5,Lost
13194.0,135,1,60.7,2,1,1,4,Lost
13196.0,10,4,1797.78,5,4,4,13,Champions
13198.0,9,8,3418.39,5,5,5,15,Champions
13199.0,3,39,9830.28,5,5,5,15,Champions
13200.0,18,4,870.09,4,4,3,11,Loyal
13203.0,9,4,869.46,5,4,3,12,Champions
13207.0,14,2,250.26000000000002,4,2,2,8,Potential
13208.0,58,7,1241.9,3,5,4,12,Champions
13209.0,29,11,5963.06,4,5,5,14,Champions
13210.0,93,1,353.48,2,1,2,5,Lost
13211.0,9,3,1197.42,5,3,4,12,Champions
13212.0,8,4,795.58,5,4,3,12,Champions
13213.0,56,6,1522.73,3,4,4,11,Loyal
13216.0,267,1,333.74,1,1,2,4,Lost
13217.0,121,5,934.34,2,4,3,9,Potential
13218.0,126,1,62.63999999999999,2,1,1,4,Lost
13220.0,77,4,819.2900000000001,2,4,3,9,Potential
13221.0,239,2,847.41,1,2,3,6,At Risk
13223.0,199,2,163.20000000000002,1,2,1,4,Lost
13224.0,59,3,2161.05,3,3,5,11,Loyal
13225.0,2,8,6844.64,5,5,5,15,Champions
13226.0,272,1,108.21000000000001,1,1,1,3,Lost
13227.0,201,1,257.7,1,1,2,4,Lost
13228.0,80,1,358.0,2,1,2,5,Lost
13229.0,225,1,160.95,1,1,1,3,Lost
13230.0,3,15,2850.5299999999997,5,5,5,15,Champions
13232.0,12,7,1357.6,4,5,4,13,Champions
13233.0,73,2,605.12,2,2,3,7,At Risk
13235.0,211,2,1960.97,1,2,4,7,At Risk
13236.0,24,3,762.4300000000001,4,3,3,10,Loyal
13238.0,10,5,720.63,5,4,3,12,Champions
13239.0,261,1,359.44,1,1,2,4,Lost
13240.0,95,4,663.65,2,4,3,9,Potential
13242.0,111,3,270.40000000000003,2,3,2,7,At Risk
13243.0,202,1,600.07,1,1,3,5,Lost
13244.0,92,1,121.74000000000001,2,1,1,4,Lost
13245.0,50,1,430.5,3,1,2,6,At Risk
13246.0,17,7,2052.5,4,5,4,13,Champions
13247.0,17,4,501.12,4,4,3,11,Loyal
13248.0,124,2,465.68,2,2,2,6,At Risk
13249.0,91,3,711.41,2,3,3,8,Potential
13253.0,156,2,1030.4,2,2,4,8,Potential
13255.0,3,3,408.36,5,3,2,10,Loyal
13256.0,13,1,10659.0,4,1,5,10,Loyal
13258.0,11,3,698.58,4,3,3,10,Loyal
13259.0,61,1,292.32,3,1,2,6,At Risk
13260.0,60,1,557.62,3,1,3,7,At Risk
13261.0,268,2,944.1,1,2,3,6,At Risk
13262.0,262,1,200.29,1,1,1,3,Lost
13263.0,0,35,7454.07,5,5,5,15,Champions
13265.0,52,5,2107.66,3,4,5,12,Champions
13266.0,10,19,3950.85,5,5,5,15,Champions
13267.0,2,27,4638.54,5,5,5,15,Champions
13268.0,17,15,3261.74,4,5,5,14,Champions
13269.0,0,17,5376.54,5,5,5,15,Champions
13270.0,365,1,590.0,1,1,3,5,Lost
13271.0,36,2,256.5,3,2,2,7,At Risk
13272.0,30,2,276.56,4,2,2,8,Potential
13273.0,112,1,138.98,2,1,1,4,Lost
13276.0,63,2,590.9300000000001,3,2,3,8,Potential
13277.0,15,4,258.4,4,4,2,10,Loyal
13278.0,40,1,542.73,3,1,3,7,At Risk
13279.0,63,2,149.20000000000002,3,2,1,6,At Risk
13280.0,121,3,814.86,2,3,3,8,Potential
13282.0,17,6,1216.44,4,4,4,12,Champions
13283.0,59,2,93.66,3,2,1,6,At Risk
13284.0,322,2,206.23,1,2,1,4,Lost
13285.0,22,4,2709.12,4,4,5,13,Champions
13291.0,155,1,361.11,2,1,2,5,Lost
13292.0,38,2,578.9399999999999,3,2,3,8,Potential
13294.0,189,2,873.74,1,2,3,6,At Risk
13295.0,359,2,204.45000000000002,1,2,1,4,Lost
13296.0,136,1,87.4,2,1,1,4,Lost
13297.0,7,4,2089.85,5,4,4,13,Champions
13298.0,0,1,360.0,5,1,2,8,Potential
13299.0,267,1,142.5,1,1,1,3,Lost
13300.0,164,2,378.49,2,2,2,6,At Risk
13301.0,103,4,618.09,2,4,3,9,Potential
13302.0,154,1,63.75,2,1,1,4,Lost
13304.0,350,1,300.42,1,1,2,4,Lost
13305.0,3,10,2000.86,5,5,4,14,Champions
13307.0,119,1,15.0,2,1,1,4,Lost
13308.0,22,4,1403.41,4,4,4,12,Champions
13309.0,6,5,1456.79,5,4,4,13,Champions
13310.0,8,6,1180.43,5,4,4,13,Champions
13311.0,3,2,598.57,5,2,3,10,Loyal
13313.0,21,5,1555.32,4,4,4,12,Champions
13314.0,1,4,973.22,5,4,4,13,Champions
13316.0,36,5,6139.97,3,4,5,12,Champions
13317.0,63,9,2407.29,3,5,5,13,Champions
13318.0,0,3,640.76,5,3,3,11,Loyal
13319.0,4,36,11026.76,5,5,5,15,Champions
13320.0,69,6,1605.7,3,4,4,11,Loyal
13321.0,71,2,567.36,2,2,3,7,At Risk
13322.0,16,1,199.48000000000002,4,1,1,6,At Risk
13323.0,2,5,787.85,5,4,3,12,Champions
13324.0,31,12,7171.1,4,5,5,14,Champions
13325.0,81,1,675.3,2,1,3,6,At Risk
13327.0,38,9,3637.9700000000003,3,5,5,13,Champions
13328.0,315,1,1308.48,1,1,4,6,At Risk
13329.0,31,4,837.5999999999999,4,4,3,11,Loyal
13330.0,92,3,1140.93,2,3,4,9,Potential
13332.0,13,1,350.9,4,1,2,7,At Risk
13334.0,81,3,3536.82,2,3,5,10,Loyal
13336.0,76,1,795.12,2,1,3,6,At Risk
13338.0,153,3,542.22,2,3,3,8,Potential
13339.0,200,1,860.12,1,1,3,5,Lost
13340.0,44,7,10736.48,3,5,5,13,Champions
13341.0,260,1,775.85,1,1,3,5,Lost
13343.0,172,2,402.93,2,2,2,6,At Risk
13344.0,67,3,2543.72,3,3,5,11,Loyal
13345.0,276,2,401.40000000000003,1,2,2,5,Lost
13347.0,69,1,341.36,3,1,2,6,At Risk
13348.0,63,1,233.76,3,1,1,5,Lost
13349.0,10,1,247.32,5,1,1,7,At Risk
13350.0,15,3,1047.52,4,3,4,11,Loyal
13351.0,65,1,373.94,3,1,2,6,At Risk
13352.0,7,2,406.67999999999995,5,2,2,9,Potential
13354.0,70,1,743.53,3,1,3,7,At Risk
13355.0,121,1,674.7,2,1,3,6,At Risk
13356.0,79,1,768.24,2,1,3,6,At Risk
13357.0,256,1,609.95,1,1,3,5,Lost
13358.0,268,1,439.03,1,1,2,4,Lost
13359.0,58,2,447.86,3,2,2,7,At Risk
13362.0,2,5,3095.9900000000002,5,4,5,14,Champions
13363.0,17,2,992.5,4,2,4,10,Loyal
13364.0,66,2,269.91999999999996,3,2,2,7,At Risk
13365.0,8,3,2259.52,5,3,5,13,Champions
13366.0,49,1,56.160000000000004,3,1,1,5,Lost
13368.0,256,2,623.4,1,2,3,6,At Risk
13369.0,353,2,352.81,1,2,2,5,Lost
13370.0,365,2,788.4200000000001,1,2,3,6,At Risk
13372.0,89,1,378.64,2,1,2,5,Lost
13373.0,60,3,3312.25,3,3,5,11,Loyal
13375.0,80,2,784.4,2,2,3,7,At Risk
13376.0,98,3,1019.76,2,3,4,9,Potential
13379.0,25,3,572.56,4,3,3,10,Loyal
13381.0,20,7,3651.81,4,5,5,14,Champions
13382.0,280,1,222.99,1,1,1,3,Lost
13384.0,30,9,4181.58,4,5,5,14,Champions
13385.0,329,1,534.57,1,1,3,5,Lost
13388.0,120,3,727.05,2,3,3,8,Potential
13389.0,10,3,797.96,5,3,3,11,Loyal
13390.0,74,1,544.08,2,1,3,6,At Risk
13391.0,203,1,59.8,1,1,1,3,Lost
13394.0,1,10,2727.2400000000002,5,5,5,15,Champions
13395.0,184,1,307.72,1,1,2,4,Lost
13396.0,21,4,1396.69,4,4,4,12,Champions
13397.0,72,6,1549.08,2,4,4,10,Loyal
13398.0,191,1,457.34,1,1,2,4,Lost
13402.0,126,2,621.23,2,2,3,7,At Risk
13403.0,17,1,75.0,4,1,1,6,At Risk
13404.0,0,2,252.49,5,2,2,9,Potential
13405.0,73,3,572.451,2,3,3,8,Potential
13408.0,1,81,28746.670000000002,5,5,5,15,Champions
13410.0,8,7,1017.21,5,5,4,14,Champions
13411.0,106,1,213.55,2,1,1,4,Lost
13414.0,133,3,1390.5,2,3,4,9,Potential
13416.0,43,2,712.5,3,2,3,8,Potential
13417.0,4,2,640.83,5,2,3,10,Loyal
13418.0,11,23,6409.42,4,5,5,14,Champions
13419.0,63,1,221.06,3,1,1,5,Lost
13420.0,134,4,179.35,2,4,1,7,At Risk
13421.0,39,3,1853.18,3,3,4,10,Loyal
13422.0,50,2,2651.05,3,2,5,10,Loyal
13425.0,107,3,1624.21,2,3,4,9,Potential
13426.0,0,12,3731.94,5,5,5,15,Champions
13427.0,18,3,582.6,4,3,3,10,Loyal
13428.0,9,1,218.47,5,1,1,7,At Risk
13429.0,10,4,1006.8,5,4,4,13,Champions
13430.0,18,4,710.21,4,4,3,11,Loyal
13431.0,66,2,1269.1,3,2,4,9,Potential
13434.0,73,2,534.24,2,2,3,7,At Risk
13435.0,4,9,3825.29,5,5,5,15,Champions
13436.0,1,1,196.89,5,1,1,7,At Risk
13437.0,13,7,3408.06,4,5,5,14,Champions
13439.0,254,1,283.71,1,1,2,4,Lost
13441.0,91,1,296.64,2,1,2,5,Lost
13447.0,22,4,1154.05,4,4,4,12,Champions
13448.0,16,10,3613.07,4,5,5,14,Champions
13449.0,23,1,291.88,4,1,2,7,At Risk
13450.0,26,6,2043.7199999999998,4,4,4,12,Champions
13451.0,25,6,3035.85,4,4,5,13,Champions
13452.0,258,2,590.0,1,2,3,6,At Risk
13453.0,165,2,356.97999999999996,2,2,2,6,At Risk
13455.0,24,4,1109.33,4,4,4,12,Champions
13456.0,17,7,1795.6200000000001,4,5,4,13,Champions
13458.0,6,22,9755.22,5,5,5,15,Champions
13460.0,28,2,183.44,4,2,1,7,At Risk
13461.0,38,3,1445.0,3,3,4,10,Loyal
13462.0,182,2,159.75,1,2,1,4,Lost
13464.0,57,1,674.68,3,1,3,7,At Risk
13466.0,99,2,317.85,2,2,2,6,At Risk
13467.0,10,2,1083.71,5,2,4,11,Loyal
13468.0,1,41,5753.19,5,5,5,15,Champions
13470.0,98,2,165.0,2,2,1,5,Lost
13471.0,0,4,2531.58,5,4,5,14,Champions
13473.0,60,3,427.74,3,3,2,8,Potential
13474.0,235,1,229.59,1,1,1,3,Lost
13475.0,190,4,1431.78,1,4,4,9,Potential
13476.0,178,4,1384.17,1,4,4,9,Potential
13477.0,37,8,1467.6299999999999,3,5,4,12,Champions
13479.0,197,3,310.9,1,3,2,6,At Risk
13481.0,45,8,1832.31,3,5,4,12,Champions
13482.0,231,1,184.64,1,1,1,3,Lost
13483.0,65,1,140.34,3,1,1,5,Lost
13484.0,240,1,313.8,1,1,2,4,Lost
13485.0,232,1,454.24,1,1,2,4,Lost
13486.0,77,3,1122.41,2,3,4,9,Potential
13487.0,57,3,575.4,3,3,3,9,Potential
13488.0,16,17,9026.01,4,5,5,14,Champions
13489.0,104,4,449.52,2,4,2,8,Potential
13491.0,51,10,1215.82,3,5,4,12,Champions
13492.0,135,3,1269.84,2,3,4,9,Potential
13493.0,274,2,618.63,1,2,3,6,At Risk
13494.0,311,1,316.26000000000005,1,1,2,4,Lost
13495.0,7,6,2099.62,5,4,5,14,Champions
13496.0,10,3,688.73,5,3,3,11,Loyal
13497.0,282,3,375.05,1,3,2,6,At Risk
13499.0,17,7,1171.26,4,5,4,13,Champions
13500.0,22,4,1196.77,4,4,4,12,Champions
13501.0,242,2,1370.17,1,2,4,7,At Risk
13502.0,16,3,292.0,4,3,2,9,Potential
13503.0,70,1,216.85,3,1,1,5,Lost
13504.0,63,1,295.93,3,1,2,6,At Risk
13505.0,67,8,4504.38,3,5,5,13,Champions
13506.0,311,3,464.21999999999997,1,3,2,6,At Risk
13507.0,2,4,2479.16,5,4,5,14,Champions
13508.0,243,1,110.97,1,1,1,3,Lost
13509.0,8,7,979.72,5,5,4,14,Champions
13510.0,0,5,1797.96,5,4,4,13,Champions
13512.0,260,1,251.21,1,1,2,4,Lost
13513.0,126,1,205.1,2,1,1,4,Lost
13514.0,73,1,152.20000000000002,2,1,1,4,Lost
13515.0,72,4,891.12,2,4,3,9,Potential
13516.0,20,3,1389.41,4,3,4,11,Loyal
13517.0,59,5,2147.77,3,4,5,12,Champions
13518.0,85,1,659.4399999999999,2,1,3,6,At Risk
13519.0,49,2,134.7,3,2,1,6,At Risk
13520.0,58,8,3760.95,3,5,5,13,Champions
13521.0,0,3,1093.65,5,3,4,12,Champions
13522.0,29,1,125.80000000000001,4,1,1,6,At Risk
13523.0,32,6,4174.38,3,4,5,12,Champions
13524.0,40,5,680.1800000000001,3,4,3,10,Loyal
13525.0,14,2,628.78,4,2,3,9,Potential
13527.0,33,8,2311.26,3,5,5,13,Champions
13529.0,78,2,307.76,2,2,2,6,At Risk
13531.0,204,2,483.8,1,2,2,5,Lost
13532.0,33,1,210.31,3,1,1,5,Lost
13533.0,182,3,270.79,1,3,2,6,At Risk
13534.0,1,43,6127.08,5,5,5,15,Champions
13536.0,0,7,3448.29,5,5,5,15,Champions
13538.0,42,7,1280.85,3,5,4,12,Champions
13539.0,85,4,656.84,2,4,3,9,Potential
13544.0,39,2,291.41,3,2,2,7,At Risk
13546.0,11,3,626.99,4,3,3,10,Loyal
13548.0,95,2,682.41,2,2,3,7,At Risk
13549.0,25,8,920.28,4,5,3,12,Champions
13551.0,318,1,91.80000000000001,1,1,1,3,Lost
13552.0,65,16,3940.61,3,5,5,13,Champions
13555.0,73,4,4149.28,2,4,5,11,Loyal
13557.0,27,2,584.06,4,2,3,9,Potential
13558.0,5,4,605.06,5,4,3,12,Champions
13560.0,6,1,174.37,5,1,1,7,At Risk
13561.0,215,1,141.85999999999999,1,1,1,3,Lost
13562.0,81,3,1799.33,2,3,4,9,Potential
13563.0,83,2,777.53,2,2,3,7,At Risk
13564.0,143,5,2850.3,2,4,5,11,Loyal
13565.0,18,2,240.22,4,2,1,7,At Risk
13566.0,40,2,874.71,3,2,3,8,Potential
13568.0,172,1,192.85,2,1,1,4,Lost
13569.0,16,2,373.75,4,2,2,8,Potential
13570.0,242,1,239.49,1,1,1,3,Lost
13571.0,12,12,2092.32,4,5,4,13,Champions
13572.0,205,1,1384.25,1,1,4,6,At Risk
13573.0,49,2,294.4,3,2,2,7,At Risk
13575.0,22,5,732.0699999999999,4,4,3,11,Loyal
13576.0,9,20,6731.38,5,5,5,15,Champions
13577.0,24,5,1716.9,4,4,4,12,Champions
13579.0,14,2,467.04,4,2,2,8,Potential
13581.0,308,1,118.0,1,1,1,3,Lost
13583.0,155,1,781.03,2,1,3,6,At Risk
13584.0,306,1,142.4,1,1,1,3,Lost
13587.0,31,3,1077.8,3,3,4,10,Loyal
13588.0,15,13,2512.78,4,5,5,14,Champions
13589.0,14,2,379.65,4,2,2,8,Potential
13590.0,10,7,1987.72,5,5,4,14,Champions
13591.0,64,3,1117.13,3,3,4,10,Loyal
13592.0,35,4,247.95999999999998,3,4,1,8,Potential
13593.0,107,6,2083.88,2,4,4,10,Loyal
13594.0,52,1,396.97,3,1,2,6,At Risk
13596.0,5,2,697.04,5,2,3,10,Loyal
13598.0,46,2,192.92000000000002,3,2,1,6,At Risk
13599.0,0,33,5276.74,5,5,5,15,Champions
13600.0,311,1,219.52,1,1,1,3,Lost
13601.0,44,2,693.32,3,2,3,8,Potential
13602.0,64,1,428.89,3,1,2,6,At Risk
13603.0,25,1,164.34,4,1,1,6,At Risk
13606.0,28,3,280.53999999999996,4,3,2,9,Potential
13607.0,39,1,678.01,3,1,3,7,At Risk
13610.0,11,9,1148.33,4,5,4,13,Champions
13611.0,88,4,1185.4,2,4,4,10,Loyal
13614.0,23,4,1610.46,4,4,4,12,Champions
13615.0,312,2,435.39,1,2,2,5,Lost
13617.0,39,3,544.18,3,3,3,9,Potential
13618.0,173,1,177.34,2,1,1,4,Lost
13621.0,116,1,213.85,2,1,1,4,Lost
13623.0,30,7,823.12,4,5,3,12,Champions
13626.0,252,1,257.23,1,1,2,4,Lost
13627.0,58,7,1652.92,3,5,4,12,Champions
13629.0,22,11,7792.36,4,5,5,14,Champions
13630.0,4,11,2067.88,5,5,4,14,Champions
13631.0,99,12,3119.07,2,5,5,12,Champions
13632.0,24,6,2125.52,4,4,5,13,Champions
13634.0,32,5,1575.16,3,4,4,11,Loyal
13635.0,67,1,1071.03,3,1,4,8,Potential
13636.0,36,6,956.62,3,4,3,10,Loyal
13637.0,51,3,810.5,3,3,3,9,Potential
13638.0,15,1,122.64,4,1,1,6,At Risk
13639.0,73,1,1033.34,2,1,4,7,At Risk
13642.0,215,1,354.8,1,1,2,4,Lost
13643.0,30,3,519.44,4,3,3,10,Loyal
13644.0,8,5,2651.0,5,4,5,14,Champions
13645.0,119,1,252.1,2,1,2,5,Lost
13647.0,9,5,1686.02,5,4,4,13,Champions
13649.0,256,2,346.6,1,2,2,5,Lost
13650.0,16,7,1863.34,4,5,4,13,Champions
13651.0,34,2,94.2,3,2,1,6,At Risk
13652.0,45,3,1095.08,3,3,4,10,Loyal
13654.0,42,6,2707.33,3,4,5,12,Champions
13655.0,113,2,932.97,2,2,3,7,At Risk
13656.0,164,2,379.65,2,2,2,6,At Risk
13657.0,10,2,382.14,5,2,2,9,Potential
13658.0,9,7,2856.87,5,5,5,15,Champions
13659.0,196,3,1595.55,1,3,4,8,Potential
13662.0,85,7,916.44,2,5,3,10,Loyal
13663.0,178,1,189.47,1,1,1,3,Lost
13666.0,59,3,84.65,3,3,1,7,At Risk
13667.0,148,1,305.02,2,1,2,5,Lost
13668.0,2,29,6511.11,5,5,5,15,Champions
13669.0,50,2,218.55,3,2,1,6,At Risk
13670.0,74,1,349.7,2,1,2,5,Lost
13672.0,300,6,444.24,1,4,2,7,At Risk
13673.0,18,2,396.92,4,2,2,8,Potential
13675.0,150,2,486.82000000000005,2,2,2,6,At Risk
13678.0,151,1,232.6,2,1,1,4,Lost
13680.0,0,5,5242.53,5,4,5,14,Champions
13681.0,17,4,827.83,4,4,3,11,Loyal
13682.0,186,1,59.5,1,1,1,3,Lost
13684.0,285,2,70.23,1,2,1,4,Lost
13685.0,2,7,3119.44,5,5,5,15,Champions
13686.0,182,1,72.0,1,1,1,3,Lost
13689.0,62,1,910.0,3,1,3,7,At Risk
13690.0,58,1,172.25,3,1,1,5,Lost
13692.0,24,5,1509.77,4,4,4,12,Champions
13693.0,324,2,32.0,1,2,1,4,Lost
13694.0,3,60,67426.14,5,5,5,15,Champions
13695.0,30,15,2504.13,4,5,5,14,Champions
13697.0,38,1,151.29999999999998,3,1,1,5,Lost
13699.0,154,1,308.58000000000004,2,1,2,5,Lost
13700.0,25,10,2265.12,4,5,5,14,Champions
13703.0,317,1,99.5,1,1,1,3,Lost
13704.0,4,10,2320.81,5,5,5,15,Champions
13705.0,7,3,711.86,5,3,3,11,Loyal
13706.0,302,1,330.79,1,1,2,4,Lost
13707.0,266,2,806.41,1,2,3,6,At Risk
13708.0,270,1,296.88,1,1,2,4,Lost
13709.0,3,17,6406.99,5,5,5,15,Champions
13710.0,31,1,180.48,3,1,1,5,Lost
13711.0,218,2,252.06,1,2,2,5,Lost
13712.0,246,1,228.84,1,1,1,3,Lost
13715.0,280,8,1104.74,1,5,4,10,Loyal
13716.0,268,1,138.28,1,1,1,3,Lost
13717.0,31,7,1457.76,3,5,4,12,Champions
13718.0,245,2,306.55,1,2,2,5,Lost
13719.0,14,5,1041.68,4,4,4,12,Champions
13720.0,116,4,799.9,2,4,3,9,Potential
13721.0,35,1,524.14,3,1,3,7,At Risk
13722.0,119,4,2381.66,2,4,5,11,Loyal
13723.0,216,1,199.85000000000002,1,1,1,3,Lost
13725.0,49,11,2151.31,3,5,5,13,Champions
13726.0,38,2,1079.6599999999999,3,2,4,9,Potential
13727.0,28,2,333.48,4,2,2,8,Potential
13728.0,36,6,1016.14,3,4,4,11,Loyal
13730.0,135,2,752.6,2,2,3,7,At Risk
13731.0,218,2,610.59,1,2,3,6,At Risk
13732.0,27,1,491.86,4,1,2,7,At Risk
13735.0,24,8,3004.3,4,5,5,14,Champions
13736.0,4,3,739.8,5,3,3,11,Loyal
13737.0,199,1,339.59999999999997,1,1,2,4,Lost
13739.0,17,1,216.9,4,1,1,6,At Risk
13740.0,240,1,350.75,1,1,2,4,Lost
13741.0,71,4,670.53,2,4,3,9,Potential
13742.0,16,14,3159.62,4,5,5,14,Champions
13743.0,2,8,1343.05,5,5,4,14,Champions
13744.0,94,2,1156.36,2,2,4,8,Potential
13745.0,150,2,308.54,2,2,2,6,At Risk
13747.0,373,1,79.6,1,1,1,3,Lost
13748.0,95,5,948.25,2,4,3,9,Potential
13750.0,53,5,1647.26,3,4,4,11,Loyal
13751.0,287,1,296.25,1,1,2,4,Lost
13752.0,123,6,1186.28,2,4,4,10,Loyal
13753.0,287,1,741.26,1,1,3,5,Lost
13754.0,151,2,282.59999999999997,2,2,2,6,At Risk
13755.0,3,10,2168.02,5,5,5,15,Champions
13756.0,1,15,5233.92,5,5,5,15,Champions
13758.0,11,7,3190.55,4,5,5,14,Champions
13759.0,32,2,659.4100000000001,3,2,3,8,Potential
13760.0,53,2,286.79,3,2,2,7,At Risk
13761.0,49,2,1070.65,3,2,4,9,Potential
13762.0,203,2,613.4399999999999,1,2,3,6,At Risk
13763.0,62,3,1740.46,3,3,4,10,Loyal
13764.0,70,3,1521.76,3,3,4,10,Loyal
13767.0,1,52,17495.010000000002,5,5,5,15,Champions
13769.0,1,16,2821.15,5,5,5,15,Champions
13771.0,63,5,2637.2,3,4,5,12,Champions
13772.0,33,3,1132.13,3,3,4,10,Loyal
13774.0,81,1,345.0,2,1,2,5,Lost
13777.0,0,41,26205.97,5,5,5,15,Champions
13778.0,102,1,178.7,2,1,1,4,Lost
13780.0,6,2,360.01,5,2,2,9,Potential
13781.0,250,1,127.84,1,1,1,3,Lost
13782.0,12,6,912.0,4,4,3,11,Loyal
13784.0,9,11,2462.79,5,5,5,15,Champions
13786.0,366,1,230.39999999999998,1,1,1,3,Lost
13787.0,75,2,309.04,2,2,2,6,At Risk
13790.0,3,1,348.8,5,1,2,8,Potential
13791.0,42,3,1984.32,3,3,4,10,Loyal
13792.0,65,2,195.55,3,2,1,6,At Risk
13798.0,0,63,37956.28,5,5,5,15,Champions
13799.0,116,2,688.86,2,2,3,7,At Risk
13800.0,309,1,558.32,1,1,3,5,Lost
13801.0,66,1,324.8,3,1,2,6,At Risk
13802.0,137,6,5292.57,2,4,5,11,Loyal
13803.0,254,1,277.07,1,1,2,4,Lost
13804.0,30,7,2635.79,4,5,5,14,Champions
13805.0,51,2,924.6,3,2,3,8,Potential
13806.0,63,1,256.38,3,1,2,6,At Risk
13807.0,366,1,112.6,1,1,1,3,Lost
13808.0,5,5,1747.66,5,4,4,13,Champions
13809.0,304,1,155.05,1,1,1,3,Lost
13810.0,28,4,2098.51,4,4,5,13,Champions
13811.0,183,4,1037.25,1,4,4,9,Potential
13812.0,41,3,539.0,3,3,3,9,Potential
13813.0,39,5,1380.31,3,4,4,11,Loyal
13814.0,55,3,1596.12,3,3,4,10,Loyal
13815.0,21,5,4039.81,4,4,5,13,Champions
13816.0,23,4,588.3000000000001,4,4,3,11,Loyal
13817.0,28,2,382.98,4,2,2,8,Potential
13819.0,301,3,1140.35,1,3,4,8,Potential
13821.0,144,2,385.64,2,2,2,6,At Risk
13822.0,5,2,632.0,5,2,3,10,Loyal
13823.0,18,2,957.66,4,2,3,9,Potential
13824.0,32,5,1698.94,3,4,4,11,Loyal
13826.0,157,2,204.35,2,2,1,5,Lost
13827.0,57,3,412.05,3,3,2,8,Potential
13828.0,21,1,209.49,4,1,1,6,At Risk
13829.0,358,1,102.0,1,1,1,3,Lost
13831.0,15,6,2202.99,4,4,5,13,Champions
13832.0,17,2,63.449999999999996,4,2,1,7,At Risk
13833.0,158,1,384.8,2,1,2,5,Lost
13835.0,24,4,834.57,4,4,3,11,Loyal
13837.0,211,2,271.24,1,2,2,5,Lost
13838.0,5,4,691.73,5,4,3,12,Champions
13841.0,252,1,85.0,1,1,1,3,Lost
13842.0,58,9,3385.62,3,5,5,13,Champions
13844.0,10,1,361.62,5,1,2,8,Potential
13845.0,64,1,312.98,3,1,2,6,At Risk
13846.0,24,4,882.51,4,4,3,11,Loyal
13848.0,91,3,1255.0,2,3,4,9,Potential
13849.0,51,2,1537.95,3,2,4,9,Potential
13850.0,87,2,1604.15,2,2,4,8,Potential
13851.0,95,3,2651.46,2,3,5,10,Loyal
13853.0,8,2,1123.34,5,2,4,11,Loyal
13854.0,8,29,8194.02,5,5,5,15,Champions
13856.0,168,5,413.6,2,4,2,8,Potential
13858.0,56,1,216.17,3,1,1,5,Lost
13859.0,325,1,201.16,1,1,1,3,Lost
13860.0,0,6,1251.8,5,4,4,13,Champions
13862.0,17,10,2231.41,4,5,5,14,Champions
13863.0,244,2,312.0,1,2,2,5,Lost
13865.0,57,4,501.56,3,4,3,10,Loyal
13866.0,73,1,145.67000000000002,2,1,1,4,Lost
13867.0,30,3,1015.29,4,3,4,11,Loyal
13868.0,6,2,3192.54,5,2,5,12,Champions
13869.0,122,4,3104.95,2,4,5,11,Loyal
13870.0,1,10,2790.63,5,5,5,15,Champions
13871.0,22,14,6416.7,4,5,5,14,Champions
13873.0,119,4,397.5,2,4,2,8,Potential
13874.0,357,1,540.45,1,1,3,5,Lost
13875.0,53,5,1786.79,3,4,4,11,Loyal
13876.0,63,1,122.7,3,1,1,5,Lost
13877.0,85,1,117.24,2,1,1,4,Lost
13878.0,54,1,1281.53,3,1,4,8,Potential
13880.0,20,13,3219.77,4,5,5,14,Champions
13881.0,3,22,17329.52,5,5,5,15,Champions
13882.0,2,6,1250.98,5,4,4,13,Champions
13883.0,0,9,2810.21,5,5,5,15,Champions
13884.0,6,6,793.9,5,4,3,12,Champions
13885.0,188,2,506.8,1,2,3,6,At Risk
13886.0,70,1,243.56,3,1,1,5,Lost
13887.0,203,1,349.55,1,1,2,4,Lost
13888.0,119,2,605.63,2,2,3,7,At Risk
13889.0,92,1,416.90000000000003,2,1,2,5,Lost
13890.0,0,14,1906.76,5,5,4,14,Champions
13892.0,26,4,632.97,4,4,3,11,Loyal
13893.0,297,1,821.1,1,1,3,5,Lost
13894.0,21,5,593.27,4,4,3,11,Loyal
13895.0,20,5,2598.02,4,4,5,13,Champions
13897.0,49,1,311.16,3,1,2,6,At Risk
13898.0,325,1,155.93,1,1,1,3,Lost
13899.0,15,2,388.52,4,2,2,8,Potential
13900.0,182,3,740.95,1,3,3,7,At Risk
13901.0,71,5,2867.2,2,4,5,11,Loyal
13904.0,36,2,332.64,3,2,2,7,At Risk
13908.0,79,5,2392.05,2,4,5,11,Loyal
13911.0,56,9,2580.91,3,5,5,13,Champions
13914.0,3,3,638.95,5,3,3,11,Loyal
13917.0,49,2,272.04,3,2,2,7,At Risk
13918.0,49,2,1212.8400000000001,3,2,4,9,Potential
13919.0,52,3,419.46,3,3,2,8,Potential
13922.0,351,1,172.25,1,1,1,3,Lost
13923.0,53,1,351.13,3,1,2,6,At Risk
13924.0,1,11,1995.6200000000001,5,5,4,14,Champions
13925.0,35,6,739.85,3,4,3,10,Loyal
13926.0,22,1,223.85000000000002,4,1,1,6,At Risk
13927.0,74,1,348.99,2,1,2,5,Lost
13928.0,10,4,464.57,5,4,2,11,Loyal
13929.0,168,3,882.45,2,3,3,8,Potential
13930.0,57,2,337.34,3,2,2,7,At Risk
13931.0,85,3,1244.13,2,3,4,9,Potential
13932.0,294,1,307.4,1,1,2,4,Lost
13933.0,108,2,608.7900000000001,2,2,3,7,At Risk
13934.0,263,1,922.1,1,1,3,5,Lost
13936.0,170,2,391.88,2,2,2,6,At Risk
13937.0,168,1,158.85,2,1,1,4,Lost
13938.0,34,1,71.66,3,1,1,5,Lost
13939.0,22,4,580.35,4,4,3,11,Loyal
13940.0,16,4,839.14,4,4,3,11,Loyal
13941.0,21,7,5313.51,4,5,5,14,Champions
13946.0,78,3,561.5699999999999,2,3,3,8,Potential
13947.0,64,1,90.6,3,1,1,5,Lost
13948.0,360,1,102.0,1,1,1,3,Lost
13949.0,2,6,2427.32,5,4,5,14,Champions
13950.0,10,5,761.56,5,4,3,12,Champions
13951.0,175,3,674.45,2,3,3,8,Potential
13952.0,210,3,3256.051,1,3,5,9,Potential
13953.0,6,7,3515.68,5,5,5,15,Champions
13954.0,1,3,501.25,5,3,3,11,Loyal
13955.0,153,2,322.96,2,2,2,6,At Risk
13956.0,4,5,1026.42,5,4,4,13,Champions
13958.0,371,1,102.45,1,1,1,3,Lost
13959.0,78,3,598.2,2,3,3,8,Potential
13960.0,20,2,230.22,4,2,1,7,At Risk
13962.0,21,2,169.55,4,2,1,7,At Risk
13963.0,307,4,664.54,1,4,3,8,Potential
13967.0,145,1,80.7,2,1,1,4,Lost
13969.0,6,20,9121.19,5,5,5,15,Champions
13971.0,8,11,2814.3,5,5,5,15,Champions
13972.0,70,2,190.25,2,2,1,5,Lost
13973.0,286,1,264.7,1,1,2,4,Lost
13974.0,48,1,413.59000000000003,3,1,2,6,At Risk
13975.0,30,7,2549.33,4,5,5,14,Champions
13976.0,206,1,357.98,1,1,2,4,Lost
13978.0,14,2,196.79000000000002,4,2,1,7,At Risk
13979.0,72,1,869.87,2,1,3,6,At Risk
13980.0,59,1,200.14,3,1,1,5,Lost
13982.0,38,5,1882.51,3,4,4,11,Loyal
13983.0,29,13,2616.4,4,5,5,14,Champions
13984.0,26,6,1352.99,4,4,4,12,Champions
13985.0,3,16,7101.58,5,5,5,15,Champions
13986.0,16,1,320.46,4,1,2,7,At Risk
13988.0,19,9,4197.12,4,5,5,14,Champions
13989.0,65,2,1266.08,3,2,4,9,Potential
13990.0,212,1,311.3,1,1,2,4,Lost
13991.0,11,7,861.31,4,5,3,12,Champions
13992.0,29,1,76.8,4,1,1,6,At Risk
13993.0,31,12,3523.06,3,5,5,13,Champions
13994.0,3,6,2313.14,5,4,5,14,Champions
13995.0,14,6,1403.89,4,4,4,12,Champions
13999.0,9,15,3938.36,5,5,5,15,Champions
14000.0,205,2,637.61,1,2,3,6,At Risk
14001.0,45,4,2055.83,3,4,4,11,Loyal
14002.0,133,2,529.73,2,2,3,7,At Risk
14004.0,42,7,4582.64,3,5,5,13,Champions
14005.0,9,5,2874.72,5,4,5,14,Champions
14006.0,115,3,962.19,2,3,4,9,Potential
14009.0,197,3,705.29,1,3,3,7,At Risk
14012.0,277,1,328.8,1,1,2,4,Lost
14013.0,109,3,473.02,2,3,2,7,At Risk
14014.0,76,1,505.18,2,1,3,6,At Risk
14015.0,52,1,917.34,3,1,3,7,At Risk
14016.0,153,5,4353.96,2,4,5,11,Loyal
14019.0,46,4,1444.26,3,4,4,11,Loyal
14020.0,16,2,642.8,4,2,3,9,Potential
14021.0,154,3,631.9,2,3,3,8,Potential
14022.0,224,1,440.0,1,1,2,4,Lost
14023.0,6,2,584.07,5,2,3,10,Loyal
14024.0,121,2,327.7,2,2,2,6,At Risk
14027.0,60,1,104.82,3,1,1,5,Lost
14029.0,62,2,467.66,3,2,2,7,At Risk
14030.0,17,8,2360.09,4,5,5,14,Champions
14031.0,6,23,19939.08,5,5,5,15,Champions
14032.0,1,18,3021.34,5,5,5,15,Champions
14034.0,21,4,791.62,4,4,3,11,Loyal
14035.0,28,5,1428.02,4,4,4,12,Champions
14036.0,284,1,626.65,1,1,3,5,Lost
14037.0,175,2,147.20000000000002,2,2,1,5,Lost
14038.0,77,4,1566.28,2,4,4,10,Loyal
14039.0,32,1,152.2,3,1,1,5,Lost
14040.0,40,15,3687.65,3,5,5,13,Champions
14041.0,265,1,141.41,1,1,1,3,Lost
14044.0,26,4,652.82,4,4,3,11,Loyal
14045.0,108,4,1659.75,2,4,4,10,Loyal
14046.0,283,1,154.99,1,1,1,3,Lost
14047.0,8,7,1327.21,5,5,4,14,Champions
14048.0,276,2,444.73,1,2,2,5,Lost
14049.0,16,6,5724.29,4,4,5,13,Champions
14050.0,31,2,746.36,3,2,3,8,Potential
14051.0,0,26,15743.44,5,5,5,15,Champions
14052.0,19,1,225.36,4,1,1,6,At Risk
14053.0,123,2,260.25,2,2,2,6,At Risk
14054.0,64,1,92.46,3,1,1,5,Lost
14055.0,105,1,725.6400000000001,2,1,3,6,At Risk
14056.0,0,29,8304.9,5,5,5,15,Champions
14057.0,23,18,6288.5199999999995,4,5,5,14,Champions
14059.0,266,1,183.6,1,1,1,3,Lost
14060.0,4,20,6145.46,5,5,5,15,Champions
14062.0,9,12,10464.85,5,5,5,15,Champions
14064.0,28,7,1519.1599999999999,4,5,4,13,Champions
14066.0,266,1,152.55,1,1,1,3,Lost
14067.0,63,2,374.7,3,2,2,7,At Risk
14068.0,319,1,265.85,1,1,2,4,Lost
14071.0,3,9,1570.23,5,5,4,14,Champions
14073.0,20,2,162.54,4,2,1,7,At Risk
14075.0,4,3,942.26,5,3,3,11,Loyal
14076.0,128,1,122.47,2,1,1,4,Lost
14077.0,40,5,499.41999999999996,3,4,3,10,Loyal
14078.0,101,6,1049.37,2,4,4,10,Loyal
14079.0,124,1,375.1,2,1,2,5,Lost
14080.0,32,1,45.599999999999994,3,1,1,5,Lost
14081.0,266,4,964.37,1,4,4,9,Potential
14082.0,364,1,182.25,1,1,1,3,Lost
14083.0,3,9,1018.43,5,5,4,14,Champions
14085.0,1,19,4461.29,5,5,5,15,Champions
14087.0,2,2,207.17,5,2,1,8,Potential
14088.0,9,14,50568.13,5,5,5,15,Champions
14089.0,56,1,161.0,3,1,1,5,Lost
14090.0,324,1,76.32000000000001,1,1,1,3,Lost
14092.0,7,17,4090.7200000000003,5,5,5,15,Champions
14093.0,11,1,442.85,4,1,2,7,At Risk
14096.0,3,34,73208.67,5,5,5,15,Champions
14098.0,36,1,147.35,3,1,1,5,Lost
14099.0,15,12,3115.37,4,5,5,14,Champions
14100.0,137,1,194.9,2,1,1,4,Lost
14101.0,73,6,5976.79,2,4,5,11,Loyal
14102.0,4,8,1405.83,5,5,4,14,Champions
14104.0,154,2,216.20999999999998,2,2,1,5,Lost
14105.0,84,2,1272.13,2,2,4,8,Potential
14107.0,51,8,2717.98,3,5,5,13,Champions
14108.0,30,3,601.66,4,3,3,10,Loyal
14109.0,22,2,208.2,4,2,1,7,At Risk
14110.0,3,13,5701.33,5,5,5,15,Champions
14111.0,13,5,697.1,4,4,3,11,Loyal
14112.0,22,12,3056.13,4,5,5,14,Champions
14113.0,3,8,2302.92,5,5,5,15,Champions
14114.0,273,2,386.53,1,2,2,5,Lost
14116.0,19,5,1382.74,4,4,4,12,Champions
14117.0,143,1,90.0,2,1,1,4,Lost
14119.0,353,1,19.9,1,1,1,3,Lost
14121.0,3,6,2820.0,5,4,5,14,Champions
14124.0,83,1,419.58000000000004,2,1,2,5,Lost
14125.0,10,3,2740.43,5,3,5,13,Champions
14126.0,7,4,768.6300000000001,5,4,3,12,Champions
14127.0,122,3,709.71,2,3,3,8,Potential
14128.0,60,2,637.5,3,2,3,8,Potential
14129.0,1,5,1123.8600000000001,5,4,4,13,Champions
14130.0,318,1,483.86,1,1,2,4,Lost
14132.0,1,12,3591.93,5,5,5,15,Champions
14133.0,129,5,620.9399999999999,2,4,3,9,Potential
14135.0,1,15,4690.31,5,5,5,15,Champions
14138.0,1,2,982.3800000000001,5,2,4,11,Loyal
14139.0,45,1,415.82,3,1,2,6,At Risk
14140.0,3,3,950.05,5,3,3,11,Loyal
14141.0,2,6,951.23,5,4,3,12,Champions
14142.0,372,1,311.81,1,1,2,4,Lost
14143.0,133,1,115.8,2,1,1,4,Lost
14145.0,46,5,4336.2,3,4,5,12,Champions
14146.0,8,6,5432.43,5,4,5,14,Champions
14147.0,48,3,498.4,3,3,3,9,Potential
14148.0,233,1,157.2,1,1,1,3,Lost
14149.0,212,3,633.81,1,3,3,7,At Risk
14150.0,35,2,658.64,3,2,3,8,Potential
14152.0,74,3,631.49,2,3,3,8,Potential
14154.0,238,2,1345.62,1,2,4,7,At Risk
14155.0,265,1,118.75,1,1,1,3,Lost
14156.0,9,66,121375.12,5,5,5,15,Champions
14157.0,19,3,465.33000000000004,4,3,2,9,Potential
14158.0,39,1,507.66,3,1,3,7,At Risk
14159.0,19,14,4707.72,4,5,5,14,Champions
14161.0,215,3,1110.52,1,3,4,8,Potential
14162.0,173,2,289.36,2,2,2,6,At Risk
14163.0,86,4,2445.91,2,4,5,11,Loyal
14164.0,70,2,1631.77,2,2,4,8,Potential
14165.0,275,1,122.53999999999999,1,1,1,3,Lost
14167.0,38,4,574.84,3,4,3,10,Loyal
14171.0,97,1,363.79,2,1,2,5,Lost
14173.0,10,4,450.84,5,4,2,11,Loyal
14174.0,32,1,134.46,3,1,1,5,Lost
14175.0,50,7,3336.54,3,5,5,13,Champions
14176.0,296,5,579.8000000000001,1,4,3,8,Potential
14177.0,84,5,564.36,2,4,3,9,Potential
14178.0,8,7,1620.93,5,5,4,14,Champions
14179.0,40,2,719.78,3,2,3,8,Potential
14180.0,10,31,4856.27,5,5,5,15,Champions
14184.0,66,1,452.89,3,1,2,6,At Risk
14185.0,330,1,197.65,1,1,1,3,Lost
14188.0,8,10,2089.81,5,5,4,14,Champions
14189.0,1,24,4703.85,5,5,5,15,Champions
14191.0,1,14,4709.51,5,5,5,15,Champions
14193.0,67,2,853.39,3,2,3,8,Potential
14194.0,4,32,11482.29,5,5,5,15,Champions
14195.0,201,3,1061.3,1,3,4,8,Potential
14196.0,106,1,335.52,2,1,2,5,Lost
14198.0,3,7,739.3,5,5,3,13,Champions
14199.0,217,1,185.39999999999998,1,1,1,3,Lost
14201.0,59,9,806.84,3,5,3,11,Loyal
14204.0,1,1,161.03,5,1,1,7,At Risk
14205.0,10,4,714.62,5,4,3,12,Champions
14206.0,238,2,348.06,1,2,2,5,Lost
14208.0,94,1,151.74,2,1,1,4,Lost
14209.0,10,7,2079.73,5,5,4,14,Champions
14210.0,90,7,1910.7900000000002,2,5,4,11,Loyal
14211.0,52,13,2273.9,3,5,5,13,Champions
14212.0,89,1,1070.48,2,1,4,7,At Risk
14213.0,371,1,1192.2,1,1,4,6,At Risk
14214.0,30,7,1008.53,4,5,4,13,Champions
14215.0,11,7,1801.52,4,5,4,13,Champions
14216.0,2,4,1839.3,5,4,4,13,Champions
14217.0,1,24,2084.6,5,5,4,14,Champions
14218.0,42,1,169.48000000000002,3,1,1,5,Lost
14219.0,3,1,89.94,5,1,1,7,At Risk
14220.0,246,2,632.4,1,2,3,6,At Risk
14221.0,41,10,3437.75,3,5,5,13,Champions
14222.0,176,1,683.17,2,1,3,6,At Risk
14223.0,91,4,1007.03,2,4,4,10,Loyal
14224.0,109,4,1050.12,2,4,4,10,Loyal
14226.0,28,7,2262.7400000000002,4,5,5,14,Champions
14227.0,25,15,3386.21,4,5,5,14,Champions
14229.0,51,5,1643.8,3,4,4,11,Loyal
14231.0,178,5,1029.3600000000001,1,4,4,9,Potential
14232.0,31,8,2052.21,3,5,4,12,Champions
14233.0,43,5,1477.93,3,4,4,11,Loyal
14234.0,21,4,775.46,4,4,3,11,Loyal
14235.0,9,6,3195.86,5,4,5,14,Champions
14236.0,80,2,490.86,2,2,2,6,At Risk
14237.0,372,1,161.0,1,1,1,3,Lost
14238.0,325,1,146.85,1,1,1,3,Lost
14239.0,42,13,2438.2000000000003,3,5,5,13,Champions
14240.0,29,2,890.34,4,2,3,9,Potential
14241.0,183,1,213.70000000000002,1,1,1,3,Lost
14242.0,234,2,280.55,1,2,2,5,Lost
14243.0,8,14,2641.66,5,5,5,15,Champions
14245.0,175,5,1709.42,2,4,4,10,Loyal
14246.0,110,3,1474.06,2,3,4,9,Potential
14247.0,277,1,136.76999999999998,1,1,1,3,Lost
14248.0,317,1,302.58,1,1,2,4,Lost
14250.0,6,3,1904.05,5,3,4,12,Champions
14251.0,1,5,2879.7000000000003,5,4,5,14,Champions
14256.0,253,3,1003.0600000000001,1,3,4,8,Potential
14257.0,50,6,3112.17,3,4,5,12,Champions
14258.0,8,10,12689.88,5,5,5,15,Champions
14259.0,141,1,120.0,2,1,1,4,Lost
14261.0,50,2,1163.45,3,2,4,9,Potential
14262.0,7,8,2618.23,5,5,5,15,Champions
14264.0,154,3,348.47,2,3,2,7,At Risk
14267.0,150,7,1753.39,2,5,4,11,Loyal
14270.0,331,1,492.65000000000003,1,1,2,4,Lost
14271.0,225,1,112.32,1,1,1,3,Lost
14272.0,73,2,437.96,2,2,2,6,At Risk
14273.0,50,4,559.97,3,4,3,10,Loyal
14276.0,87,5,1220.09,2,4,4,10,Loyal
14277.0,14,4,4475.4,4,4,5,13,Champions
14280.0,196,1,134.04,1,1,1,3,Lost
14282.0,2,15,3729.34,5,5,5,15,Champions
14284.0,30,3,612.05,4,3,3,10,Loyal
14285.0,20,4,1910.01,4,4,4,12,Champions
14286.0,23,5,4661.69,4,4,5,13,Champions
14287.0,7,4,202.03,5,4,1,10,Loyal
14288.0,211,2,439.35,1,2,2,5,Lost
14289.0,8,6,911.26,5,4,3,12,Champions
14290.0,10,6,2321.85,5,4,5,14,Champions
14291.0,1,12,3893.2,5,5,5,15,Champions
14292.0,7,14,4924.53,5,5,5,15,Champions
14293.0,2,4,1046.56,5,4,4,13,Champions
14295.0,39,2,177.70000000000002,3,2,1,6,At Risk
14297.0,17,6,1326.6,4,4,4,12,Champions
14298.0,2,45,52192.16,5,5,5,15,Champions
14299.0,7,18,5075.89,5,5,5,15,Champions
14300.0,18,1,43.2,4,1,1,6,At Risk
14301.0,107,2,648.24,2,2,3,7,At Risk
14304.0,222,2,569.8000000000001,1,2,3,6,At Risk
14305.0,70,5,1914.16,2,4,4,10,Loyal
14306.0,50,3,2103.22,3,3,5,11,Loyal
14307.0,88,6,2995.72,2,4,5,11,Loyal
14309.0,7,10,2385.38,5,5,5,15,Champions
14311.0,224,2,390.81,1,2,2,5,Lost
14312.0,46,6,1611.59,3,4,4,11,Loyal
14314.0,106,1,120.0,2,1,1,4,Lost
14315.0,20,7,2505.28,4,5,5,14,Champions
14317.0,64,1,508.58000000000004,3,1,3,7,At Risk
14320.0,206,3,612.47,1,3,3,7,At Risk
14321.0,10,5,1530.75,5,4,4,13,Champions
14323.0,114,4,635.86,2,4,3,9,Potential
14326.0,234,2,200.85,1,2,1,4,Lost
14327.0,162,1,311.65,2,1,2,5,Lost
14329.0,8,14,5100.94,5,5,5,15,Champions
14331.0,123,2,462.65999999999997,2,2,2,6,At Risk
14332.0,22,3,866.31,4,3,3,10,Loyal
14333.0,63,2,478.95,3,2,2,7,At Risk
14334.0,16,9,2564.96,4,5,5,14,Champions
14335.0,15,2,468.26,4,2,2,8,Potential
14336.0,16,4,1614.91,4,4,4,12,Champions
14338.0,157,4,622.22,2,4,3,9,Potential
14339.0,234,4,329.13,1,4,2,7,At Risk
14340.0,218,1,134.7,1,1,1,3,Lost
14341.0,44,9,2198.18,3,5,5,13,Champions
14342.0,20,6,729.41,4,4,3,11,Loyal
14344.0,126,8,889.9300000000001,2,5,3,10,Loyal
14345.0,38,1,108.97999999999999,3,1,1,5,Lost
14346.0,120,2,1021.58,2,2,4,8,Potential
14348.0,259,1,409.57,1,1,2,4,Lost
14349.0,9,1,133.5,5,1,1,7,At Risk
14350.0,270,2,307.15999999999997,1,2,2,5,Lost
14351.0,164,1,51.0,2,1,1,4,Lost
14352.0,156,4,1078.96,2,4,4,10,Loyal
14353.0,214,1,90.6,1,1,1,3,Lost
14354.0,5,2,163.62,5,2,1,8,Potential
14355.0,365,1,174.4,1,1,1,3,Lost
14356.0,59,4,735.52,3,4,3,10,Loyal
14357.0,42,1,225.77,3,1,1,5,Lost
14359.0,18,6,941.78,4,4,3,11,Loyal
14360.0,31,4,2128.23,3,4,5,12,Champions
14362.0,21,1,161.2,4,1,1,6,At Risk
14364.0,108,8,3717.35,2,5,5,12,Champions
14367.0,7,19,9355.22,5,5,5,15,Champions
14368.0,319,1,155.0,1,1,1,3,Lost
14371.0,294,1,100.5,1,1,1,3,Lost
14373.0,357,1,76.55,1,1,1,3,Lost
14375.0,184,1,257.68,1,1,2,4,Lost
14377.0,190,2,617.05,1,2,3,6,At Risk
14379.0,43,2,348.1,3,2,2,7,At Risk
14381.0,51,1,202.68,3,1,1,5,Lost
14382.0,25,1,626.0699999999999,4,1,3,8,Potential
14383.0,37,3,1247.69,3,3,4,10,Loyal
14385.0,8,3,202.11,5,3,1,9,Potential
14386.0,296,1,142.4,1,1,1,3,Lost
14387.0,32,3,1770.56,3,3,4,10,Loyal
14388.0,8,10,3253.64,5,5,5,15,Champions
14389.0,8,5,1087.2,5,4,4,13,Champions
14390.0,9,13,4713.17,5,5,5,15,Champions
14393.0,217,1,67.95,1,1,1,3,Lost
14395.0,1,12,3543.51,5,5,5,15,Champions
14396.0,64,2,487.99,3,2,2,7,At Risk
14397.0,0,23,2669.24,5,5,5,15,Champions
14400.0,140,2,589.7,2,2,3,7,At Risk
14401.0,3,14,4062.98,5,5,5,15,Champions
14403.0,129,5,1525.31,2,4,4,10,Loyal
14404.0,33,7,1513.92,3,5,4,12,Champions
14406.0,118,1,156.75,2,1,1,4,Lost
14407.0,106,9,2204.38,2,5,5,12,Champions
14408.0,10,7,2606.53,5,5,5,15,Champions
14409.0,70,7,2210.65,2,5,5,12,Champions
14410.0,15,15,1639.74,4,5,4,13,Champions
14411.0,310,1,1063.0,1,1,4,6,At Risk
14412.0,34,3,778.73,3,3,3,9,Potential
14413.0,361,1,122.7,1,1,1,3,Lost
14414.0,91,8,1508.83,2,5,4,11,Loyal
14415.0,0,18,5989.0,5,5,5,15,Champions
14416.0,21,2,490.22,4,2,2,8,Potential
14418.0,3,3,1937.25,5,3,4,12,Champions
14419.0,10,6,1058.06,5,4,4,13,Champions
14420.0,84,2,389.17,2,2,2,6,At Risk
14421.0,56,2,813.11,3,2,3,8,Potential
14422.0,0,6,4263.64,5,4,5,14,Champions
14423.0,217,1,265.2,1,1,2,4,Lost
14424.0,17,1,322.08,4,1,2,7,At Risk
14426.0,18,16,5044.44,4,5,5,14,Champions
14427.0,49,2,363.34000000000003,3,2,2,7,At Risk
14428.0,6,7,1259.52,5,5,4,14,Champions
14431.0,298,2,542.96,1,2,3,6,At Risk
14432.0,9,6,2255.51,5,4,5,14,Champions
14434.0,21,6,1372.8,4,4,4,12,Champions
14436.0,98,1,89.06,2,1,1,4,Lost
14437.0,142,2,169.4,2,2,1,5,Lost
14438.0,305,1,131.9,1,1,1,3,Lost
14439.0,319,1,2661.24,1,1,5,7,At Risk
14440.0,7,5,2357.6800000000003,5,4,5,14,Champions
14441.0,0,10,1880.64,5,5,4,14,Champions
14442.0,1,5,1635.02,5,4,4,13,Champions
14443.0,53,7,1439.52,3,5,4,12,Champions
14446.0,0,4,1039.58,5,4,4,13,Champions
14447.0,18,5,1163.23,4,4,4,12,Champions
14448.0,8,2,375.35,5,2,2,9,Potential
14449.0,18,4,907.1,4,4,3,11,Loyal
14450.0,180,3,483.25,1,3,2,6,At Risk
14451.0,59,2,662.59,3,2,3,8,Potential
14452.0,10,2,264.44,5,2,2,9,Potential
14453.0,189,1,119.93,1,1,1,3,Lost
14456.0,4,14,3077.17,5,5,5,15,Champions
14457.0,310,1,113.64,1,1,1,3,Lost
14459.0,154,1,1837.92,2,1,4,7,At Risk
14460.0,109,4,485.34,2,4,2,8,Potential
14461.0,147,3,2103.06,2,3,5,10,Loyal
14462.0,63,15,2042.14,3,5,4,12,Champions
14463.0,97,3,529.62,2,3,3,8,Potential
14465.0,246,3,1058.6200000000001,1,3,4,8,Potential
14466.0,28,7,2272.4,4,5,5,14,Champions
14467.0,17,4,598.76,4,4,3,11,Loyal
14470.0,11,2,461.19,4,2,2,8,Potential
14472.0,103,8,1936.84,2,5,4,11,Loyal
14473.0,73,2,234.34000000000003,2,2,1,5,Lost
14474.0,42,2,557.61,3,2,3,8,Potential
14475.0,71,6,1051.88,2,4,4,10,Loyal
14476.0,256,1,215.7,1,1,1,3,Lost
14477.0,19,5,1311.39,4,4,4,12,Champions
14479.0,253,2,316.25,1,2,2,5,Lost
14480.0,10,1,279.05,5,1,2,8,Potential
14481.0,164,2,636.51,2,2,3,7,At Risk
14482.0,17,6,2068.15,4,4,4,12,Champions
14483.0,149,2,145.0,2,2,1,5,Lost
14484.0,49,1,321.92,3,1,2,6,At Risk
14485.0,38,1,165.75,3,1,1,5,Lost
14487.0,26,7,1209.08,4,5,4,13,Champions
14488.0,50,2,1081.1299999999999,3,2,4,9,Potential
14489.0,206,1,463.38,1,1,2,4,Lost
14491.0,174,2,340.93,2,2,2,6,At Risk
14493.0,6,7,2403.64,5,5,5,15,Champions
14494.0,25,1,139.56,4,1,1,6,At Risk
14495.0,50,2,123.8,3,2,1,6,At Risk
14496.0,311,2,538.8100000000001,1,2,3,6,At Risk
14497.0,300,2,493.27,1,2,2,5,Lost
14498.0,42,5,1957.32,3,4,4,11,Loyal
14499.0,25,3,815.32,4,3,3,10,Loyal
14500.0,87,3,356.85,2,3,2,7,At Risk
14501.0,63,3,312.11,3,3,2,8,Potential
14502.0,19,14,2590.32,4,5,5,14,Champions
14503.0,2,6,3543.26,5,4,5,14,Champions
14504.0,46,4,673.26,3,4,3,10,Loyal
14505.0,16,11,5992.58,4,5,5,14,Champions
14506.0,16,5,2012.17,4,4,4,12,Champions
14507.0,23,7,1398.18,4,5,4,13,Champions
14508.0,21,2,276.42,4,2,2,8,Potential
14511.0,10,6,1362.21,5,4,4,13,Champions
14512.0,187,2,275.28,1,2,2,5,Lost
14513.0,100,4,472.69,2,4,2,8,Potential
14514.0,60,3,1055.35,3,3,4,10,Loyal
14515.0,17,6,2102.09,4,4,5,13,Champions
14517.0,32,2,330.45,3,2,2,7,At Risk
14518.0,63,1,174.37,3,1,1,5,Lost
14520.0,1,2,270.6,5,2,2,9,Potential
14522.0,23,4,974.54,4,4,4,12,Champions
14523.0,107,1,241.09,2,1,1,4,Lost
14524.0,31,9,1867.68,3,5,4,12,Champions
14525.0,8,13,4443.03,5,5,5,15,Champions
14527.0,2,86,9306.26,5,5,5,15,Champions
14528.0,36,1,364.21999999999997,3,1,2,6,At Risk
14529.0,59,3,620.04,3,3,3,9,Potential
14530.0,25,6,2925.91,4,4,5,13,Champions
14532.0,235,4,932.85,1,4,3,8,Potential
14533.0,24,9,2086.82,4,5,4,13,Champions
14534.0,2,25,4818.75,5,5,5,15,Champions
14535.0,58,4,2887.29,3,4,5,12,Champions
14536.0,259,1,171.8,1,1,1,3,Lost
14537.0,57,1,355.56,3,1,2,6,At Risk
14538.0,64,2,388.25,3,2,2,7,At Risk
14539.0,15,2,537.48,4,2,3,9,Potential
14540.0,9,3,996.26,5,3,4,12,Champions
14541.0,58,8,1461.65,3,5,4,12,Champions
14542.0,185,1,103.25,1,1,1,3,Lost
14543.0,3,21,4344.49,5,5,5,15,Champions
14544.0,23,2,2024.45,4,2,4,10,Loyal
14546.0,3,9,2669.16,5,5,5,15,Champions
14547.0,3,9,4028.34,5,5,5,15,Champions
14548.0,150,2,652.8,2,2,3,7,At Risk
14549.0,310,1,289.24,1,1,2,4,Lost
14550.0,10,2,765.62,5,2,3,10,Loyal
14551.0,17,2,186.23,4,2,1,7,At Risk
14552.0,151,1,165.07,2,1,1,4,Lost
14553.0,18,5,859.27,4,4,3,11,Loyal
14554.0,9,4,2381.04,5,4,5,14,Champions
14555.0,56,2,324.14,3,2,2,7,At Risk
14557.0,63,2,1576.76,3,2,4,9,Potential
14560.0,6,24,2301.36,5,5,5,15,Champions
14561.0,75,3,1080.76,2,3,4,9,Potential
14562.0,3,22,5440.32,5,5,5,15,Champions
14565.0,95,6,3124.4700000000003,2,4,5,11,Loyal
14566.0,110,1,1432.0,2,1,4,7,At Risk
14567.0,34,3,1536.26,3,3,4,10,Loyal
14569.0,0,1,227.39,5,1,1,7,At Risk
14570.0,280,2,218.06,1,2,1,4,Lost
14572.0,2,10,2861.9900000000002,5,5,5,15,Champions
14573.0,179,13,1703.12,1,5,4,10,Loyal
14576.0,371,1,35.400000000000006,1,1,1,3,Lost
14577.0,12,4,859.71,4,4,3,11,Loyal
14578.0,2,1,168.63,5,1,1,7,At Risk
14581.0,16,1,138.6,4,1,1,6,At Risk
14582.0,40,1,114.11,3,1,1,5,Lost
14583.0,5,5,1052.55,5,4,4,13,Champions
14584.0,168,5,1055.26,2,4,4,10,Loyal
14585.0,49,1,157.05,3,1,1,5,Lost
14586.0,226,3,340.56,1,3,2,6,At Risk
14587.0,18,10,1604.04,4,5,4,13,Champions
14589.0,371,1,39.75,1,1,1,3,Lost
14591.0,14,4,1447.14,4,4,4,12,Champions
14592.0,34,3,570.46,3,3,3,9,Potential
14593.0,21,3,617.99,4,3,3,10,Loyal
14594.0,6,2,379.83,5,2,2,9,Potential
14595.0,19,6,1740.6,4,4,4,12,Champions
14597.0,10,2,883.15,5,2,3,10,Loyal
14598.0,43,1,221.97,3,1,1,5,Lost
14600.0,305,1,393.33000000000004,1,1,2,4,Lost
14601.0,10,1,213.96,5,1,1,7,At Risk
14603.0,274,1,660.0,1,1,3,5,Lost
14606.0,0,128,12599.45,5,5,5,15,Champions
14607.0,15,17,21797.9,4,5,5,14,Champions
14608.0,3,4,1785.15,5,4,4,13,Champions
14609.0,71,4,601.56,2,4,3,9,Potential
14616.0,242,3,406.08000000000004,1,3,2,6,At Risk
14618.0,8,4,568.29,5,4,3,12,Champions
14619.0,238,2,409.37,1,2,2,5,Lost
14620.0,203,3,432.28000000000003,1,3,2,6,At Risk
14621.0,0,6,1810.96,5,4,4,13,Champions
14622.0,184,1,320.58000000000004,1,1,2,4,Lost
14623.0,31,6,909.15,3,4,3,10,Loyal
14624.0,56,2,225.85,3,2,1,6,At Risk
14625.0,184,5,950.78,1,4,3,8,Potential
14626.0,8,7,2825.4700000000003,5,5,5,15,Champions
14627.0,311,1,21.85,1,1,1,3,Lost
14628.0,90,2,671.96,2,2,3,7,At Risk
14629.0,3,3,978.8100000000001,5,3,4,12,Champions
14631.0,50,3,1006.98,3,3,4,10,Loyal
14632.0,262,1,114.56,1,1,1,3,Lost
14633.0,265,1,344.90000000000003,1,1,2,4,Lost
14636.0,35,2,609.85,3,2,3,8,Potential
14638.0,50,1,443.6,3,1,2,6,At Risk
14639.0,51,8,3016.64,3,5,5,13,Champions
14640.0,15,8,2208.01,4,5,5,14,Champions
14641.0,21,1,110.46,4,1,1,6,At Risk
14642.0,58,1,96.12,3,1,1,5,Lost
14643.0,169,3,719.01,2,3,3,8,Potential
14644.0,8,4,881.0600000000001,5,4,3,12,Champions
14645.0,156,2,597.09,2,2,3,7,At Risk
14646.0,1,77,281609.9,5,5,5,15,Champions
14647.0,200,1,243.22,1,1,1,3,Lost
14649.0,4,4,1417.29,5,4,4,13,Champions
14651.0,66,2,654.6,3,2,3,8,Potential
14652.0,76,1,114.18,2,1,1,4,Lost
14653.0,0,7,1947.55,5,5,4,14,Champions
14655.0,3,5,1934.31,5,4,4,13,Champions
14656.0,168,2,291.05,2,2,2,6,At Risk
14657.0,17,5,858.17,4,4,3,11,Loyal
14658.0,4,2,247.15,5,2,1,8,Potential
14659.0,8,12,2603.33,5,5,5,15,Champions
14660.0,86,2,285.74,2,2,2,6,At Risk
14661.0,26,1,107.95,4,1,1,6,At Risk
14662.0,28,4,771.17,4,4,3,11,Loyal
14664.0,19,2,637.89,4,2,3,9,Potential
14665.0,60,7,2413.02,3,5,5,13,Champions
14666.0,23,1,195.25,4,1,1,6,At Risk
14667.0,10,27,9251.2,5,5,5,15,Champions
14669.0,241,3,1269.99,1,3,4,8,Potential
14670.0,279,2,411.53,1,2,2,5,Lost
14672.0,234,2,765.55,1,2,3,6,At Risk
14673.0,2,5,1736.4,5,4,4,13,Champions
14675.0,15,1,604.75,4,1,3,8,Potential
14676.0,30,8,2553.2400000000002,4,5,5,14,Champions
14679.0,371,1,2.55,1,1,1,3,Lost
14680.0,24,23,30575.88,4,5,5,14,Champions
14681.0,70,3,498.95,2,3,3,8,Potential
14682.0,187,2,52.0,1,2,1,4,Lost
14684.0,25,5,1236.28,4,4,4,12,Champions
14687.0,106,1,628.38,2,1,3,6,At Risk
14688.0,7,27,6154.36,5,5,5,15,Champions
14689.0,208,1,112.8,1,1,1,3,Lost
14690.0,43,3,384.79,3,3,2,8,Potential
14691.0,30,5,2114.33,4,4,5,13,Champions
14692.0,136,5,601.05,2,4,3,9,Potential
14693.0,264,1,172.9,1,1,1,3,Lost
14696.0,3,9,2086.93,5,5,4,14,Champions
14697.0,217,2,188.60999999999999,1,2,1,4,Lost
14698.0,1,5,1250.76,5,4,4,13,Champions
14699.0,213,1,109.13000000000001,1,1,1,3,Lost
14700.0,31,3,2235.3,3,3,5,11,Loyal
14701.0,10,12,2612.52,5,5,5,15,Champions
14702.0,0,18,3333.64,5,5,5,15,Champions
14703.0,14,1,318.17,4,1,2,7,At Risk
14704.0,10,9,1546.91,5,5,4,14,Champions
14705.0,198,1,179.0,1,1,1,3,Lost
14708.0,2,4,1156.07,5,4,4,13,Champions
14709.0,14,14,4930.9400000000005,4,5,5,14,Champions
14710.0,13,4,606.13,4,4,3,11,Loyal
14711.0,9,12,2899.4,5,5,5,15,Champions
14712.0,28,3,917.07,4,3,3,10,Loyal
14713.0,8,12,2668.46,5,5,5,15,Champions
14714.0,23,1,160.19,4,1,1,6,At Risk
14715.0,24,4,867.38,4,4,3,11,Loyal
14716.0,42,2,329.68,3,2,2,7,At Risk
14719.0,1,6,1612.08,5,4,4,13,Champions
14720.0,5,3,663.81,5,3,3,11,Loyal
14722.0,146,1,187.92000000000002,2,1,1,4,Lost
14723.0,9,6,1158.3,5,4,4,13,Champions
14725.0,24,1,718.08,4,1,3,8,Potential
14727.0,273,1,268.58,1,1,2,4,Lost
14729.0,373,1,313.49,1,1,2,4,Lost
14730.0,0,8,2005.06,5,5,4,14,Champions
14731.0,46,3,380.02,3,3,2,8,Potential
14732.0,7,10,2718.64,5,5,5,15,Champions
14733.0,8,15,9720.28,5,5,5,15,Champions
14735.0,3,34,6323.69,5,5,5,15,Champions
14737.0,3,3,1164.55,5,3,4,12,Champions
14738.0,38,9,1338.96,3,5,4,12,Champions
14739.0,1,8,3905.46,5,5,5,15,Champions
14740.0,190,4,1473.21,1,4,4,9,Potential
14741.0,11,6,1400.34,4,4,4,12,Champions
14744.0,15,9,1111.43,4,5,4,13,Champions
14745.0,112,6,1273.36,2,4,4,10,Loyal
14747.0,247,2,362.1,1,2,2,5,Lost
14748.0,28,6,1519.71,4,4,4,12,Champions
14752.0,43,1,389.64,3,1,2,6,At Risk
14753.0,86,1,563.15,2,1,3,6,At Risk
14754.0,44,2,638.05,3,2,3,8,Potential
14755.0,9,12,5055.18,5,5,5,15,Champions
14756.0,14,1,738.96,4,1,3,8,Potential
14757.0,74,1,420.5,2,1,2,5,Lost
14758.0,144,4,1484.06,2,4,4,10,Loyal
14759.0,4,3,1625.97,5,3,4,12,Champions
14760.0,293,2,124.60000000000001,1,2,1,4,Lost
14761.0,58,2,255.9,3,2,2,7,At Risk
14762.0,263,1,300.52,1,1,2,4,Lost
14764.0,43,2,306.05,3,2,2,7,At Risk
14765.0,28,3,254.11,4,3,2,9,Potential
14766.0,7,8,2523.67,5,5,5,15,Champions
14768.0,16,3,245.70000000000002,4,3,1,8,Potential
14769.0,2,10,10707.9,5,5,5,15,Champions
14770.0,231,2,876.42,1,2,3,6,At Risk
14772.0,111,1,139.26,2,1,1,4,Lost
14775.0,57,3,1011.9,3,3,4,10,Loyal
14776.0,50,13,2881.02,3,5,5,13,Champions
14777.0,3,2,17.45,5,2,1,8,Potential
14778.0,126,2,730.86,2,2,3,7,At Risk
14779.0,280,3,386.15,1,3,2,6,At Risk
14780.0,54,2,447.68,3,2,2,7,At Risk
14782.0,319,1,200.10000000000002,1,1,1,3,Lost
14784.0,25,2,289.99,4,2,2,8,Potential
14785.0,9,2,77.4,5,2,1,8,Potential
14788.0,6,2,679.4399999999999,5,2,3,10,Loyal
14789.0,28,1,197.64,4,1,1,6,At Risk
14790.0,16,4,745.06,4,4,3,11,Loyal
14792.0,63,2,12.4,3,2,1,6,At Risk
14793.0,3,2,243.84,5,2,1,8,Potential
14794.0,2,9,1367.71,5,5,4,14,Champions
14795.0,165,1,131.45000000000002,2,1,1,4,Lost
14796.0,0,27,8205.47,5,5,5,15,Champions
14798.0,52,3,173.74,3,3,1,7,At Risk
14799.0,50,1,157.7,3,1,1,5,Lost
14800.0,47,16,4443.14,3,5,5,13,Champions
14801.0,60,1,193.14,3,1,1,5,Lost
14803.0,161,3,845.55,2,3,3,8,Potential
14804.0,8,1,353.27,5,1,2,8,Potential
14805.0,14,4,554.65,4,4,3,11,Loyal
14806.0,74,1,193.39000000000001,2,1,1,4,Lost
14808.0,39,15,3306.97,3,5,5,13,Champions
14810.0,40,11,2087.88,3,5,4,12,Champions
14813.0,369,2,155.43,1,2,1,4,Lost
14815.0,36,2,778.5,3,2,3,8,Potential
14816.0,196,1,271.85,1,1,2,4,Lost
14817.0,199,2,1110.34,1,2,4,7,At Risk
14818.0,73,3,657.8,2,3,3,8,Potential
14819.0,63,2,272.07,3,2,2,7,At Risk
14820.0,20,4,507.29,4,4,3,11,Loyal
14821.0,366,1,48.800000000000004,1,1,1,3,Lost
14823.0,179,3,321.43,1,3,2,6,At Risk
14824.0,9,4,1127.71,5,4,4,13,Champions
14825.0,3,12,2226.91,5,5,5,15,Champions
14828.0,196,3,2139.76,1,3,5,9,Potential
14829.0,28,6,750.45,4,4,3,11,Loyal
14830.0,52,1,197.13,3,1,1,5,Lost
14834.0,17,8,1742.25,4,5,4,13,Champions
14836.0,9,3,102.44999999999999,5,3,1,9,Potential
14837.0,89,5,1657.8,2,4,4,10,Loyal
14840.0,267,1,62.85,1,1,1,3,Lost
14841.0,52,6,3295.76,3,4,5,12,Champions
14842.0,34,8,3192.58,3,5,5,13,Champions
14844.0,63,4,3189.81,3,4,5,12,Champions
14847.0,148,1,309.4,2,1,2,5,Lost
14849.0,21,28,7956.8,4,5,5,14,Champions
14850.0,311,2,373.35,1,2,2,5,Lost
14851.0,22,2,511.35,4,2,3,9,Potential
14852.0,57,6,2836.69,3,4,5,12,Champions
14853.0,8,3,488.55,5,3,2,10,Loyal
14854.0,77,8,2769.77,2,5,5,12,Champions
14855.0,118,2,645.65,2,2,3,7,At Risk
14856.0,35,3,1311.3799999999999,3,3,4,10,Loyal
14857.0,59,3,1180.59,3,3,4,10,Loyal
14859.0,12,5,1355.44,4,4,4,12,Champions
14860.0,8,2,172.02,5,2,1,8,Potential
14861.0,51,1,125.79,3,1,1,5,Lost
14862.0,25,2,841.1999999999999,4,2,3,9,Potential
14863.0,28,1,266.76,4,1,2,7,At Risk
14865.0,6,2,52.2,5,2,1,8,Potential
14866.0,10,13,14582.35,5,5,5,15,Champions
14867.0,185,4,719.23,1,4,3,8,Potential
14868.0,2,9,2967.54,5,5,5,15,Champions
14869.0,3,3,729.45,5,3,3,11,Loyal
14870.0,261,1,327.25,1,1,2,4,Lost
14871.0,2,4,522.38,5,4,3,12,Champions
14873.0,209,1,519.68,1,1,3,5,Lost
14875.0,8,5,1481.92,5,4,4,13,Champions
14878.0,12,9,1485.54,4,5,4,13,Champions
14880.0,76,3,706.19,2,3,3,8,Potential
14881.0,19,1,255.4,4,1,2,7,At Risk
14882.0,26,2,589.7,4,2,3,9,Potential
14883.0,18,7,766.54,4,5,3,12,Champions
14885.0,131,1,765.3199999999999,2,1,3,6,At Risk
14886.0,252,1,364.8,1,1,2,4,Lost
14887.0,78,1,1862.0,2,1,4,7,At Risk
14888.0,206,1,369.2,1,1,2,4,Lost
14889.0,335,1,135.9,1,1,1,3,Lost
14890.0,253,1,125.65,1,1,1,3,Lost
14891.0,147,2,554.38,2,2,3,7,At Risk
14893.0,9,2,1237.8500000000001,5,2,4,11,Loyal
14894.0,84,1,655.75,2,1,3,6,At Risk
14895.0,7,24,11257.16,5,5,5,15,Champions
14896.0,204,2,468.77000000000004,1,2,2,5,Lost
14897.0,7,4,1366.38,5,4,4,13,Champions
14898.0,22,8,1378.72,4,5,4,13,Champions
14901.0,10,10,1427.59,5,5,4,14,Champions
14902.0,20,2,351.21,4,2,2,8,Potential
14903.0,20,10,2876.78,4,5,5,14,Champions
14904.0,1,2,1025.44,5,2,4,11,Loyal
14905.0,153,3,632.4,2,3,3,8,Potential
14907.0,2,10,3523.35,5,5,5,15,Champions
14908.0,73,1,277.8,2,1,2,5,Lost
14910.0,2,7,478.84,5,5,2,12,Champions
14911.0,0,248,155704.2,5,5,5,15,Champions
14912.0,16,3,894.18,4,3,3,10,Loyal
14913.0,35,4,1227.43,3,4,4,11,Loyal
14915.0,85,3,356.13,2,3,2,7,At Risk
14916.0,70,5,1273.12,2,4,4,10,Loyal
14918.0,115,2,1610.15,2,2,4,8,Potential
14920.0,212,2,977.77,1,2,4,7,At Risk
14921.0,29,2,1316.07,4,2,4,10,Loyal
14923.0,50,1,749.1,3,1,3,7,At Risk
14924.0,245,1,310.05,1,1,2,4,Lost
14929.0,31,1,223.88,3,1,1,5,Lost
14930.0,108,3,2372.86,2,3,5,10,Loyal
14931.0,4,6,1550.68,5,4,4,13,Champions
14932.0,365,1,363.53,1,1,2,4,Lost
14934.0,72,3,1893.04,2,3,4,9,Potential
14935.0,296,1,1784.71,1,1,4,6,At Risk
14936.0,8,9,8156.62,5,5,5,15,Champions
14937.0,56,4,1626.13,3,4,4,11,Loyal
14944.0,29,14,5957.55,4,5,5,14,Champions
14946.0,13,1,100.9,4,1,1,6,At Risk
14947.0,71,2,290.82,2,2,2,6,At Risk
14948.0,22,7,1137.3700000000001,4,5,4,13,Champions
14950.0,8,2,381.15000000000003,5,2,2,9,Potential
14951.0,78,1,311.69,2,1,2,5,Lost
14952.0,45,15,8286.19,3,5,5,13,Champions
14953.0,24,1,289.82,4,1,2,7,At Risk
14954.0,11,1,336.17,4,1,2,7,At Risk
14957.0,252,1,58.49,1,1,1,3,Lost
14958.0,146,3,499.68,2,3,3,8,Potential
14959.0,58,5,705.87,3,4,3,10,Loyal
14960.0,7,2,221.27,5,2,1,8,Potential
14961.0,10,12,7082.78,5,5,5,15,Champions
14962.0,270,1,126.7,1,1,1,3,Lost
14963.0,9,5,1487.8,5,4,4,13,Champions
14964.0,246,1,206.21,1,1,1,3,Lost
14965.0,95,2,599.0,2,2,3,7,At Risk
14966.0,14,1,191.32,4,1,1,6,At Risk
14967.0,49,1,463.8,3,1,2,6,At Risk
14968.0,29,1,147.59,4,1,1,6,At Risk
14970.0,67,4,1592.06,3,4,4,11,Loyal
14971.0,34,3,1116.57,3,3,4,10,Loyal
14972.0,127,1,114.77,2,1,1,4,Lost
14973.0,106,3,1314.45,2,3,4,9,Potential
14974.0,36,1,114.39,3,1,1,5,Lost
14975.0,56,1,279.94,3,1,2,6,At Risk
14976.0,56,8,815.86,3,5,3,11,Loyal
14978.0,71,5,1931.42,2,4,4,10,Loyal
14981.0,245,1,102.12,1,1,1,3,Lost
14984.0,18,2,213.27,4,2,1,7,At Risk
14985.0,197,2,296.75,1,2,2,5,Lost
14987.0,15,2,326.4,4,2,2,8,Potential
14988.0,211,1,334.54,1,1,2,4,Lost
14995.0,38,2,233.23000000000002,3,2,1,6,At Risk
14997.0,45,4,551.42,3,4,3,10,Loyal
14998.0,169,2,429.87,2,2,2,6,At Risk
15000.0,47,1,490.52,3,1,2,6,At Risk
15002.0,115,4,1641.76,2,4,4,10,Loyal
15004.0,146,1,1246.32,2,1,4,7,At Risk
15005.0,15,35,6452.65,4,5,5,14,Champions
15006.0,50,1,502.09,3,1,3,7,At Risk
15007.0,158,1,156.91,2,1,1,4,Lost
15009.0,11,3,1261.78,4,3,4,11,Loyal
15010.0,35,1,308.94,3,1,2,6,At Risk
15012.0,53,2,423.04,3,2,2,7,At Risk
15014.0,42,2,260.17,3,2,2,7,At Risk
15016.0,172,1,170.04,2,1,1,4,Lost
15017.0,33,1,125.58,3,1,1,5,Lost
15018.0,38,4,536.16,3,4,3,10,Loyal
15019.0,266,1,266.0,1,1,2,4,Lost
15021.0,8,13,1957.3600000000001,5,5,4,14,Champions
15022.0,11,4,905.04,4,4,3,11,Loyal
15023.0,2,12,6842.36,5,5,5,15,Champions
15024.0,9,10,1661.33,5,5,4,14,Champions
15025.0,32,1,377.01,3,1,2,6,At Risk
15026.0,79,3,469.0,2,3,2,7,At Risk
15027.0,30,6,1080.35,4,4,4,12,Champions
15028.0,7,4,627.13,5,4,3,12,Champions
15030.0,71,2,518.28,2,2,3,7,At Risk
15031.0,3,4,668.14,5,4,3,12,Champions
15032.0,255,5,5454.1,1,4,5,10,Loyal
15033.0,4,11,2602.32,5,5,5,15,Champions
15034.0,15,11,4339.56,4,5,5,14,Champions
15035.0,89,1,252.73000000000002,2,1,2,5,Lost
15036.0,71,3,465.55,2,3,2,7,At Risk
15038.0,42,7,745.39,3,5,3,11,Loyal
15039.0,9,52,20042.44,5,5,5,15,Champions
15041.0,169,1,180.35,2,1,1,4,Lost
15042.0,198,1,135.93,1,1,1,3,Lost
15043.0,30,1,537.0,4,1,3,8,Potential
15044.0,18,22,7771.08,4,5,5,14,Champions
15045.0,151,3,837.66,2,3,3,8,Potential
15046.0,8,16,5363.53,5,5,5,15,Champions
15047.0,269,1,343.62,1,1,2,4,Lost
15048.0,64,5,387.53,3,4,2,9,Potential
15049.0,273,1,121.17000000000002,1,1,1,3,Lost
15050.0,24,5,1837.01,4,4,4,12,Champions
15051.0,22,3,1391.61,4,3,4,11,Loyal
15052.0,318,1,215.78,1,1,1,3,Lost
15053.0,4,3,697.79,5,3,3,11,Loyal
15054.0,11,2,302.1,4,2,2,8,Potential
15057.0,274,2,1489.5,1,2,4,7,At Risk
15058.0,24,11,2124.9900000000002,4,5,5,14,Champions
15059.0,40,11,1349.62,3,5,4,12,Champions
15060.0,7,4,303.09,5,4,2,11,Loyal
15061.0,3,55,54839.54,5,5,5,15,Champions
15062.0,70,4,987.86,2,4,4,10,Loyal
15063.0,212,1,370.79999999999995,1,1,2,4,Lost
15065.0,37,6,3180.28,3,4,5,12,Champions
15066.0,31,2,1026.59,3,2,4,9,Potential
15067.0,77,3,1744.76,2,3,4,9,Potential
15068.0,45,2,553.36,3,2,3,8,Potential
15069.0,178,1,1109.53,1,1,4,6,At Risk
15070.0,372,1,106.2,1,1,1,3,Lost
15071.0,93,2,982.07,2,2,4,8,Potential
15073.0,9,4,1474.39,5,4,4,13,Champions
15074.0,104,1,748.87,2,1,3,6,At Risk
15075.0,77,1,773.03,2,1,3,6,At Risk
15076.0,172,1,880.85,2,1,3,6,At Risk
15078.0,6,38,9862.87,5,5,5,15,Champions
15079.0,212,5,897.56,1,4,3,8,Potential
15081.0,21,6,522.25,4,4,3,11,Loyal
15083.0,256,1,88.2,1,1,1,3,Lost
15087.0,281,1,306.94,1,1,2,4,Lost
15088.0,20,3,1179.8700000000001,4,3,4,11,Loyal
15089.0,9,6,2420.84,5,4,5,14,Champions
15090.0,307,1,381.32,1,1,2,4,Lost
15091.0,53,2,484.46,3,2,2,7,At Risk
15092.0,214,2,457.81,1,2,2,5,Lost
15093.0,17,9,4783.9,4,5,5,14,Champions
15095.0,103,5,1376.5,2,4,4,10,Loyal
15096.0,42,1,219.39000000000001,3,1,1,5,Lost
15097.0,3,1,248.08,5,1,1,7,At Risk
15098.0,181,5,79183.5,1,4,5,10,Loyal
15099.0,83,1,410.48,2,1,2,5,Lost
15100.0,329,6,1116.8999999999999,1,4,4,9,Potential
15101.0,8,3,325.03,5,3,2,10,Loyal
15103.0,30,2,703.36,4,2,3,9,Potential
15104.0,166,3,1052.34,2,3,4,9,Potential
15105.0,17,7,2298.93,4,5,5,14,Champions
15106.0,17,7,1437.31,4,5,4,13,Champions
15107.0,310,8,399.84,1,5,2,8,Potential
15108.0,141,5,1308.75,2,4,4,10,Loyal
15109.0,240,2,506.15000000000003,1,2,3,6,At Risk
15110.0,23,7,1021.95,4,5,4,13,Champions
15111.0,28,3,1567.48,4,3,4,11,Loyal
15113.0,9,4,3779.25,5,4,5,14,Champions
15114.0,29,10,2760.56,4,5,5,14,Champions
15115.0,17,1,340.11,4,1,2,7,At Risk
15116.0,17,4,1352.75,4,4,4,12,Champions
15117.0,14,6,1553.43,4,4,4,12,Champions
15118.0,133,1,244.8,2,1,1,4,Lost
15119.0,245,1,266.4,1,1,2,4,Lost
15120.0,129,2,373.82,2,2,2,6,At Risk
15121.0,49,2,457.72,3,2,2,7,At Risk
15122.0,84,6,1655.43,2,4,4,10,Loyal
15123.0,6,2,2199.31,5,2,5,12,Champions
15124.0,22,2,184.19,4,2,1,7,At Risk
15125.0,24,23,11939.91,4,5,5,14,Champions
15127.0,65,1,406.53,3,1,2,6,At Risk
15128.0,59,8,1522.46,3,5,4,12,Champions
15129.0,49,11,3447.4,3,5,5,13,Champions
15130.0,169,1,330.11,2,1,2,5,Lost
15132.0,17,5,977.9300000000001,4,4,4,12,Champions
15133.0,127,3,982.42,2,3,4,9,Potential
15134.0,14,8,1387.99,4,5,4,13,Champions
15135.0,232,2,150.95,1,2,1,4,Lost
15136.0,2,5,1290.95,5,4,4,13,Champions
15139.0,239,2,178.96,1,2,1,4,Lost
15140.0,51,8,2358.5,3,5,5,13,Champions
15142.0,45,1,498.74,3,1,3,7,At Risk
15143.0,225,1,259.45,1,1,2,4,Lost
15144.0,7,18,6630.84,5,5,5,15,Champions
15145.0,3,4,1194.73,5,4,4,13,Champions
15146.0,164,3,1340.66,2,3,4,9,Potential
15147.0,218,2,638.35,1,2,3,6,At Risk
15148.0,10,1,301.29,5,1,2,8,Potential
15149.0,133,1,520.8000000000001,2,1,3,6,At Risk
15150.0,16,11,5324.97,4,5,5,14,Champions
15152.0,9,16,4807.14,5,5,5,15,Champions
15153.0,30,1,329.25,4,1,2,7,At Risk
15154.0,73,2,352.57,2,2,2,6,At Risk
15156.0,0,3,961.49,5,3,3,11,Loyal
15157.0,3,5,2002.6399999999999,5,4,4,13,Champions
15158.0,44,1,401.40000000000003,3,1,2,6,At Risk
15159.0,1,34,18708.34,5,5,5,15,Champions
15160.0,356,1,158.16,1,1,1,3,Lost
15163.0,17,2,304.47,4,2,2,8,Potential
15164.0,68,3,843.05,3,3,3,9,Potential
15165.0,372,1,487.75,1,1,2,4,Lost
15167.0,320,1,163.0,1,1,1,3,Lost
15168.0,25,1,106.56,4,1,1,6,At Risk
15171.0,324,2,1544.5,1,2,4,7,At Risk
15172.0,8,5,1624.05,5,4,4,13,Champions
15174.0,322,1,135.75,1,1,1,3,Lost
15175.0,71,1,224.14,2,1,1,4,Lost
15178.0,259,1,40.5,1,1,1,3,Lost
15179.0,17,7,2227.7,4,5,5,14,Champions
15180.0,366,1,87.5,1,1,1,3,Lost
15181.0,65,5,698.68,3,4,3,10,Loyal
15182.0,153,2,622.85,2,2,3,7,At Risk
15184.0,28,2,406.76,4,2,2,8,Potential
15185.0,69,1,310.62,3,1,2,6,At Risk
15186.0,13,2,411.41,4,2,2,8,Potential
15187.0,1,18,4884.28,5,5,5,15,Champions
15189.0,0,53,16648.64,5,5,5,15,Champions
15192.0,119,3,1044.32,2,3,4,9,Potential
15193.0,60,1,499.32,3,1,3,7,At Risk
15194.0,2,22,7711.89,5,5,5,15,Champions
15195.0,2,1,3861.0,5,1,5,11,Loyal
15197.0,8,5,1502.7800000000002,5,4,4,13,Champions
15198.0,91,2,193.64,2,2,1,5,Lost
15199.0,58,4,1268.7,3,4,4,11,Loyal
15201.0,78,11,1545.24,2,5,4,11,Loyal
15203.0,25,6,1827.8,4,4,4,12,Champions
15204.0,356,1,316.58,1,1,2,4,Lost
15205.0,84,3,657.65,2,3,3,8,Potential
15206.0,9,4,420.29999999999995,5,4,2,11,Loyal
15208.0,0,6,872.62,5,4,3,12,Champions
15210.0,224,1,331.18,1,1,2,4,Lost
15211.0,59,2,894.4100000000001,3,2,3,8,Potential
15212.0,238,2,114.64999999999999,1,2,1,4,Lost
15213.0,318,3,331.65,1,3,2,6,At Risk
15214.0,1,8,1661.44,5,5,4,14,Champions
15215.0,44,6,853.89,3,4,3,10,Loyal
15216.0,87,1,96.6,2,1,1,4,Lost
15218.0,10,11,5756.89,5,5,5,15,Champions
15219.0,175,1,305.75,2,1,2,5,Lost
15220.0,51,7,1799.0,3,5,4,12,Champions
15221.0,365,2,692.4,1,2,3,6,At Risk
15222.0,318,1,585.0,1,1,3,5,Lost
15223.0,225,3,1056.6,1,3,4,8,Potential
15224.0,357,3,333.68,1,3,2,6,At Risk
15225.0,233,1,409.40000000000003,1,1,2,4,Lost
15226.0,310,1,154.41,1,1,1,3,Lost
15227.0,36,5,1219.4,3,4,4,11,Loyal
15228.0,65,5,3396.46,3,4,5,12,Champions
15230.0,238,2,429.6,1,2,2,5,Lost
15232.0,112,2,612.06,2,2,3,7,At Risk
15234.0,276,1,197.0,1,1,1,3,Lost
15235.0,217,12,2247.51,1,5,5,11,Loyal
15236.0,298,1,321.05,1,1,2,4,Lost
15237.0,1,4,1412.32,5,4,4,13,Champions
15238.0,28,5,1087.44,4,4,4,12,Champions
15239.0,9,3,796.84,5,3,3,11,Loyal
15240.0,44,7,1727.57,3,5,4,12,Champions
15241.0,66,9,1774.29,3,5,4,12,Champions
15243.0,73,1,316.68,2,1,2,5,Lost
15244.0,64,2,631.57,3,2,3,8,Potential
15245.0,133,3,2515.84,2,3,5,10,Loyal
15246.0,237,2,514.15,1,2,3,6,At Risk
15247.0,121,1,356.0,2,1,2,5,Lost
15249.0,31,15,6719.56,3,5,5,13,Champions
15251.0,8,15,10642.87,5,5,5,15,Champions
15252.0,35,2,740.78,3,2,3,8,Potential
15253.0,15,6,921.1,4,4,3,11,Loyal
15254.0,126,1,300.36,2,1,2,5,Lost
15255.0,66,1,890.85,3,1,3,7,At Risk
15256.0,148,1,98.45,2,1,1,4,Lost
15257.0,280,2,402.15,1,2,2,5,Lost
15258.0,168,2,623.16,2,2,3,7,At Risk
15260.0,99,8,1840.77,2,5,4,11,Loyal
15261.0,134,1,254.82,2,1,2,5,Lost
15262.0,323,1,178.95000000000002,1,1,1,3,Lost
15263.0,106,1,156.51,2,1,1,4,Lost
15264.0,63,1,393.74,3,1,2,6,At Risk
15265.0,150,2,1506.1200000000001,2,2,4,8,Potential
15266.0,337,1,119.3,1,1,1,3,Lost
15267.0,21,5,1717.36,4,4,4,12,Champions
15269.0,23,1,408.8,4,1,2,7,At Risk
15270.0,15,9,2460.7799999999997,4,5,5,14,Champions
15271.0,6,16,2528.32,5,5,5,15,Champions
15272.0,56,2,721.94,3,2,3,8,Potential
15274.0,3,2,716.57,5,2,3,10,Loyal
15275.0,30,2,621.09,4,2,3,9,Potential
15276.0,65,1,135.31,3,1,1,5,Lost
15277.0,46,1,255.89999999999998,3,1,2,6,At Risk
15279.0,354,2,303.61,1,2,2,5,Lost
15280.0,171,1,113.12,2,1,1,4,Lost
15281.0,58,12,2424.35,3,5,5,13,Champions
15286.0,49,1,240.55,3,1,1,5,Lost
15287.0,21,3,488.14,4,3,2,9,Potential
15288.0,42,5,2306.52,3,4,5,12,Champions
15289.0,28,4,944.46,4,4,3,11,Loyal
15290.0,4,21,8082.67,5,5,5,15,Champions
15291.0,25,20,4740.09,4,5,5,14,Champions
15292.0,200,1,180.94,1,1,1,3,Lost
15296.0,43,10,3735.41,3,5,5,13,Champions
15297.0,9,4,648.84,5,4,3,12,Champions
15298.0,1,14,5825.7,5,5,5,15,Champions
15299.0,66,11,5226.93,3,5,5,13,Champions
15300.0,63,1,496.44,3,1,2,6,At Risk
15301.0,50,14,5112.58,3,5,5,13,Champions
15303.0,289,1,574.02,1,1,3,5,Lost
15304.0,60,10,708.5,3,5,3,11,Loyal
15306.0,63,3,1174.35,3,3,4,10,Loyal
15307.0,95,1,205.3,2,1,1,4,Lost
15308.0,270,2,318.67,1,2,2,5,Lost
15311.0,0,118,62116.46,5,5,5,15,Champions
15312.0,74,5,928.6,2,4,3,9,Potential
15313.0,109,1,52.0,2,1,1,4,Lost
15314.0,198,1,327.97,1,1,2,4,Lost
15315.0,63,3,589.46,3,3,3,9,Potential
15316.0,326,1,165.0,1,1,1,3,Lost
15318.0,3,1,312.62,5,1,2,8,Potential
15319.0,283,1,204.5,1,1,1,3,Lost
15320.0,43,1,267.13,3,1,2,6,At Risk
15321.0,48,4,2845.89,3,4,5,12,Champions
15322.0,63,2,756.39,3,2,3,8,Potential
15325.0,103,1,162.29,2,1,1,4,Lost
15326.0,333,1,311.71,1,1,2,4,Lost
15327.0,52,1,208.75,3,1,1,5,Lost
15329.0,34,5,1093.9,3,4,4,11,Loyal
15330.0,31,2,714.96,3,2,3,8,Potential
15332.0,365,4,1661.06,1,4,4,9,Potential
15333.0,207,1,1028.56,1,1,4,6,At Risk
15334.0,156,3,351.67,2,3,2,7,At Risk
15335.0,53,1,173.97,3,1,1,5,Lost
15339.0,65,3,590.57,3,3,3,9,Potential
15341.0,80,1,2020.52,2,1,4,7,At Risk
15342.0,115,2,420.41999999999996,2,2,2,6,At Risk
15343.0,86,1,364.5,2,1,2,5,Lost
15344.0,0,5,651.3,5,4,3,12,Champions
15345.0,34,2,419.39,3,2,2,7,At Risk
15346.0,332,1,252.42000000000002,1,1,2,4,Lost
15347.0,365,1,201.60000000000002,1,1,1,3,Lost
15348.0,71,1,158.04,2,1,1,4,Lost
15349.0,157,2,473.81,2,2,2,6,At Risk
15350.0,372,1,115.65,1,1,1,3,Lost
15351.0,11,10,2058.08,4,5,4,13,Champions
15353.0,254,2,777.02,1,2,3,6,At Risk
15355.0,28,2,277.05,4,2,2,8,Potential
15356.0,30,10,2766.5,4,5,5,14,Champions
15358.0,4,29,8459.6,5,5,5,15,Champions
15360.0,39,1,427.93,3,1,2,6,At Risk
15361.0,361,1,418.92,1,1,2,4,Lost
15363.0,240,2,333.95,1,2,2,5,Lost
15364.0,95,2,913.19,2,2,3,7,At Risk
15365.0,25,9,3298.19,4,5,5,14,Champions
15366.0,74,2,602.51,2,2,3,7,At Risk
15367.0,56,5,1887.49,3,4,4,11,Loyal
15368.0,20,1,446.94000000000005,4,1,2,7,At Risk
15369.0,143,1,1592.49,2,1,4,7,At Risk
15370.0,40,8,2411.55,3,5,5,13,Champions
15372.0,136,1,2007.3999999999999,2,1,4,7,At Risk
15373.0,7,13,2618.71,5,5,5,15,Champions
15374.0,128,1,168.0,2,1,1,4,Lost
15376.0,39,3,1233.3600000000001,3,3,4,10,Loyal
15379.0,168,8,3774.69,2,5,5,12,Champions
15380.0,8,6,1698.16,5,4,4,13,Champions
15381.0,213,2,596.85,1,2,3,6,At Risk
15382.0,14,8,5983.56,4,5,5,14,Champions
15384.0,169,3,649.06,2,3,3,8,Potential
15385.0,39,1,316.88,3,1,2,6,At Risk
15386.0,185,1,394.14,1,1,2,4,Lost
15388.0,269,1,140.54,1,1,1,3,Lost
15389.0,171,1,500.0,2,1,3,6,At Risk
15392.0,4,5,1555.33,5,4,4,13,Champions
15393.0,15,2,231.86,4,2,1,7,At Risk
15394.0,9,4,2183.54,5,4,5,14,Champions
15395.0,325,1,107.45,1,1,1,3,Lost
15396.0,112,1,288.18,2,1,2,5,Lost
15397.0,289,1,94.0,1,1,1,3,Lost
15398.0,15,3,1351.43,4,3,4,11,Loyal
15399.0,0,3,815.77,5,3,3,11,Loyal
15400.0,91,6,765.7,2,4,3,9,Potential
15402.0,148,2,626.77,2,2,3,7,At Risk
15405.0,188,1,349.1,1,1,2,4,Lost
15406.0,17,4,594.8100000000001,4,4,3,11,Loyal
15407.0,33,4,1056.44,3,4,4,11,Loyal
15408.0,263,1,267.18,1,1,2,4,Lost
15410.0,83,8,3450.84,2,5,5,12,Champions
15411.0,25,5,1371.38,4,4,4,12,Champions
15412.0,170,1,190.53,2,1,1,4,Lost
15414.0,9,3,774.9000000000001,5,3,3,11,Loyal
15415.0,312,1,572.8100000000001,1,1,3,5,Lost
15416.0,64,5,3994.27,3,4,5,12,Champions
15417.0,84,1,508.8,2,1,3,6,At Risk
15419.0,24,1,135.86,4,1,1,6,At Risk
15421.0,58,4,950.36,3,4,3,10,Loyal
15422.0,322,2,97.7,1,2,1,4,Lost
15423.0,37,1,43.5,3,1,1,5,Lost
15424.0,253,2,383.34,1,2,2,5,Lost
15426.0,18,7,1464.88,4,5,4,13,Champions
15427.0,32,3,1483.14,3,3,4,10,Loyal
15428.0,14,1,93.78,4,1,1,6,At Risk
15429.0,26,3,429.8,4,3,2,9,Potential
15432.0,22,1,171.19,4,1,1,6,At Risk
15433.0,78,3,648.73,2,3,3,8,Potential
15434.0,7,6,1085.48,5,4,4,13,Champions
15435.0,21,1,149.29,4,1,1,6,At Risk
15436.0,11,3,1122.53,4,3,4,11,Loyal
15437.0,261,1,200.16,1,1,1,3,Lost
15438.0,130,1,156.57999999999998,2,1,1,4,Lost
15440.0,54,3,383.68,3,3,2,8,Potential
15442.0,248,1,594.0,1,1,3,5,Lost
15443.0,1,8,3261.66,5,5,5,15,Champions
15444.0,8,2,1418.26,5,2,4,11,Loyal
15445.0,263,1,113.5,1,1,1,3,Lost
15447.0,330,1,155.17,1,1,1,3,Lost
15448.0,312,1,494.64,1,1,2,4,Lost
15449.0,25,5,977.82,4,4,4,12,Champions
15450.0,29,1,429.84,4,1,2,7,At Risk
15452.0,29,3,538.73,4,3,3,10,Loyal
15453.0,1,7,1388.37,5,5,4,14,Champions
15454.0,361,1,179.1,1,1,1,3,Lost
15456.0,282,3,447.22,1,3,2,6,At Risk
15457.0,261,1,237.07,1,1,1,3,Lost
15458.0,24,1,161.64,4,1,1,6,At Risk
15460.0,353,1,216.76,1,1,1,3,Lost
15462.0,93,3,234.6,2,3,1,6,At Risk
15463.0,28,1,126.14,4,1,1,6,At Risk
15464.0,337,1,1048.85,1,1,4,6,At Risk
15465.0,19,24,7764.219999999999,4,5,5,14,Champions
15466.0,84,1,334.53,2,1,2,5,Lost
15467.0,8,4,537.88,5,4,3,12,Champions
15468.0,34,5,496.56,3,4,3,10,Loyal
15469.0,42,4,572.6,3,4,3,10,Loyal
15471.0,1,1,469.48,5,1,2,8,Potential
15472.0,112,1,371.56,2,1,2,5,Lost
15473.0,13,10,2077.2,4,5,4,13,Champions
15475.0,76,1,454.10999999999996,2,1,2,5,Lost
15478.0,39,2,1441.42,3,2,4,9,Potential
15480.0,115,1,905.5,2,1,3,6,At Risk
15482.0,15,16,15541.199999999999,4,5,5,14,Champions
15483.0,160,4,233.81,2,4,1,7,At Risk
15484.0,0,5,3625.51,5,4,5,14,Champions
15485.0,29,3,2575.0,4,3,5,12,Champions
15488.0,92,1,91.32000000000001,2,1,1,4,Lost
15489.0,22,4,1178.53,4,4,4,12,Champions
15491.0,94,7,3109.33,2,5,5,12,Champions
15492.0,27,2,659.4599999999999,4,3,3,10,Loyal
15493.0,32,7,2036.35,3,5,4,12,Champions
15494.0,20,2,1299.23,4,3,4,11,Loyal
15497.0,17,3,1264.7,4,3,4,11,Loyal
15498.0,0,35,14236.34,5,5,5,15,Champions
15500.0,7,4,1131.56,5,4,4,13,Champions
15502.0,15,23,15228.4,4,5,5,14,Champions
15503.0,362,1,147.09,1,1,1,3,Lost
15504.0,80,1,52.83,2,1,1,4,Lost
15505.0,52,7,3724.78,3,5,5,13,Champions
15506.0,22,3,979.26,4,3,4,11,Loyal
15507.0,171,1,492.36,2,1,2,5,Lost
15508.0,188,6,1000.27,1,4,4,9,Potential
15510.0,330,1,250.0,1,1,2,4,Lost
15511.0,11,5,909.23,4,4,3,11,Loyal
15512.0,155,2,121.0,2,3,1,6,At Risk
15513.0,30,22,14996.36,4,5,5,14,Champions
15514.0,11,13,5315.7300000000005,4,5,5,14,Champions
15516.0,44,3,62.43,3,3,1,7,At Risk
15517.0,232,1,267.03,1,1,2,4,Lost
15518.0,63,13,1973.01,3,5,4,12,Champions
15520.0,1,1,343.5,5,1,2,8,Potential
15521.0,35,13,3425.75,3,5,5,13,Champions
15522.0,32,2,398.84,3,3,2,8,Potential
15523.0,83,1,412.01000000000005,2,1,2,5,Lost
15524.0,24,1,440.0,4,1,2,7,At Risk
15525.0,1,4,840.8199999999999,5,4,3,12,Champions
15526.0,32,2,148.44,3,3,1,7,At Risk
15527.0,18,10,2510.7400000000002,4,5,5,14,Champions
15528.0,253,1,229.33,1,1,1,3,Lost
15529.0,22,12,4022.68,4,5,5,14,Champions
15530.0,21,4,1502.35,4,4,4,12,Champions
15531.0,7,2,2007.44,5,3,4,12,Champions
15532.0,24,6,1644.78,4,4,4,12,Champions
15533.0,18,5,868.22,4,4,3,11,Loyal
15535.0,172,7,612.9,2,5,3,10,Loyal
15537.0,162,1,110.92,2,1,1,4,Lost
15539.0,6,1,538.46,5,1,3,9,Potential
15540.0,10,1,213.3,5,1,1,7,At Risk
15541.0,113,1,85.13000000000001,2,1,1,4,Lost
15543.0,287,1,127.86,1,1,1,3,Lost
15544.0,8,11,3550.91,5,5,5,15,Champions
15545.0,53,2,292.71999999999997,3,3,2,8,Potential
15547.0,6,14,4954.84,5,5,5,15,Champions
15549.0,76,4,1730.76,2,4,4,10,Loyal
15550.0,3,4,575.63,5,4,3,12,Champions
15551.0,36,1,436.06,3,1,2,6,At Risk
15552.0,216,1,90.12,1,1,1,3,Lost
15553.0,59,1,437.23,3,1,2,6,At Risk
15554.0,277,1,217.2,1,1,1,3,Lost
15555.0,11,20,4852.14,4,5,5,14,Champions
15556.0,23,1,279.77,4,1,2,7,At Risk
15557.0,28,1,473.65000000000003,4,1,2,7,At Risk
15561.0,11,5,878.4399999999999,4,4,3,11,Loyal
15562.0,351,1,134.55,1,1,1,3,Lost
15563.0,8,7,1481.19,5,5,4,14,Champions
15565.0,49,2,173.16,3,3,1,7,At Risk
15567.0,18,1,186.01,4,1,1,6,At Risk
15568.0,2,3,758.29,5,3,3,11,Loyal
15569.0,103,5,1375.71,2,4,4,10,Loyal
15570.0,6,13,4221.07,5,5,5,15,Champions
15571.0,11,4,650.4300000000001,4,4,3,11,Loyal
15572.0,4,7,2552.86,5,5,5,15,Champions
15573.0,31,2,607.45,3,3,3,9,Potential
15574.0,177,4,702.25,2,4,3,9,Potential
15576.0,37,1,940.6700000000001,3,1,3,7,At Risk
15577.0,150,3,258.88,2,3,2,7,At Risk
15578.0,161,1,127.1,2,1,1,4,Lost
15579.0,68,2,348.6,3,3,2,8,Potential
15581.0,120,14,3931.2200000000003,2,5,5,12,Champions
15582.0,24,3,682.9100000000001,4,3,3,10,Loyal
15584.0,23,5,727.61,4,4,3,11,Loyal
15585.0,176,1,455.3,2,1,2,5,Lost
15587.0,49,4,913.6800000000001,3,4,3,10,Loyal
15589.0,252,4,500.48,1,4,3,8,Potential
15590.0,288,1,30.19,1,1,1,3,Lost
15592.0,46,1,388.58,3,1,2,6,At Risk
15593.0,70,1,199.8,2,1,1,4,Lost
15594.0,15,6,1776.03,4,4,4,12,Champions
15596.0,100,9,1469.84,2,5,4,11,Loyal
15597.0,29,2,333.42,4,3,2,9,Potential
15598.0,34,3,245.68,3,3,1,7,At Risk
15599.0,26,2,761.74,4,3,3,10,Loyal
15601.0,10,17,6807.76,5,5,5,15,Champions
15602.0,7,15,1518.71,5,5,4,14,Champions
15603.0,78,1,48.480000000000004,2,1,1,4,Lost
15604.0,51,1,216.39,3,1,1,5,Lost
15605.0,35,5,1198.23,3,4,4,11,Loyal
15606.0,56,11,3417.68,3,5,5,13,Champions
15607.0,336,1,104.76,1,1,1,3,Lost
15608.0,27,4,1093.68,4,4,4,12,Champions
15609.0,182,2,326.93,1,3,2,6,At Risk
15610.0,51,1,112.46000000000001,3,1,1,5,Lost
15611.0,9,15,1614.51,5,5,4,14,Champions
15612.0,35,2,195.15,3,3,1,7,At Risk
15615.0,9,27,10439.44,5,5,5,15,Champions
15618.0,32,5,806.6709999999999,3,4,3,10,Loyal
15619.0,10,1,336.40000000000003,5,1,2,8,Potential
15620.0,49,6,1581.96,3,4,4,11,Loyal
15621.0,3,6,1427.29,5,4,4,13,Champions
15622.0,2,16,4194.59,5,5,5,15,Champions
15623.0,140,1,301.03,2,1,2,5,Lost
15624.0,116,4,588.13,2,4,3,9,Potential
15625.0,99,8,1563.96,2,5,4,11,Loyal
15626.0,74,2,675.8,2,3,3,8,Potential
15628.0,4,10,2874.84,5,5,5,15,Champions
15630.0,44,3,1192.3,3,3,4,10,Loyal
15632.0,15,10,3423.31,4,5,5,14,Champions
15634.0,16,1,243.55,4,1,1,6,At Risk
15636.0,89,2,724.76,2,3,3,8,Potential
15637.0,52,1,223.36,3,1,1,5,Lost
15638.0,300,1,94.0,1,1,1,3,Lost
15639.0,133,1,425.32,2,1,2,5,Lost
15640.0,3,17,12597.98,5,5,5,15,Champions
15641.0,104,4,1887.2,2,4,4,10,Loyal
15643.0,178,6,680.6,1,4,3,8,Potential
15644.0,165,4,813.0,2,4,3,9,Potential
15645.0,18,1,612.01,4,1,3,8,Potential
15646.0,157,4,470.14000000000004,2,4,2,8,Potential
15648.0,203,4,714.8000000000001,1,4,3,8,Potential
15649.0,335,2,816.0,1,3,3,7,At Risk
15651.0,36,3,646.3,3,3,3,9,Potential
15652.0,90,1,337.74,2,1,2,5,Lost
15653.0,92,2,877.4399999999999,2,3,3,8,Potential
15654.0,8,2,922.53,5,3,3,11,Loyal
15655.0,232,2,610.02,1,3,3,7,At Risk
15656.0,44,4,748.5,3,4,3,10,Loyal
15657.0,22,1,30.0,4,1,1,6,At Risk
15658.0,189,8,1089.3,1,5,4,10,Loyal
15659.0,43,1,306.45,3,1,2,6,At Risk
15660.0,24,12,1649.71,4,5,4,13,Champions
15661.0,316,2,309.8,1,3,2,6,At Risk
15663.0,105,1,138.14,2,1,1,4,Lost
15664.0,50,2,414.23,3,3,2,8,Potential
15665.0,167,2,2242.01,2,3,5,10,Loyal
15667.0,39,1,301.32,3,1,2,6,At Risk
15668.0,217,1,76.32000000000001,1,1,1,3,Lost
15669.0,39,5,690.99,3,4,3,10,Loyal
15670.0,296,1,173.05,1,1,1,3,Lost
15671.0,18,10,2678.77,4,5,5,14,Champions
15673.0,87,4,2881.02,2,4,5,11,Loyal
15674.0,72,8,3149.18,2,5,5,12,Champions
15675.0,80,3,323.69,2,3,2,7,At Risk
15676.0,8,5,3547.43,5,4,5,14,Champions
15677.0,48,1,657.23,3,1,3,7,At Risk
15678.0,52,1,352.7,3,1,2,6,At Risk
15679.0,23,4,781.28,4,4,3,11,Loyal
15680.0,8,3,1333.68,5,3,4,12,Champions
15681.0,17,6,1905.96,4,4,4,12,Champions
15683.0,116,1,193.75,2,1,1,4,Lost
15687.0,8,11,3004.7,5,5,5,15,Champions
15689.0,119,2,254.1,2,3,2,7,At Risk
15690.0,3,2,239.76,5,3,1,9,Potential
15691.0,251,1,136.8,1,1,1,3,Lost
15692.0,27,1,191.04,4,1,1,6,At Risk
15694.0,0,15,6535.2,5,5,5,15,Champions
15695.0,266,2,409.98,1,3,2,6,At Risk
15696.0,32,12,2828.46,3,5,5,13,Champions
15699.0,17,1,309.65,4,1,2,7,At Risk
15700.0,171,3,729.33,2,3,3,8,Potential
15701.0,1,4,1542.14,5,4,4,13,Champions
15703.0,264,1,211.5,1,1,1,3,Lost
15704.0,139,4,2293.62,2,4,5,11,Loyal
15705.0,200,1,143.1,1,1,1,3,Lost
15706.0,59,7,1119.31,3,5,4,12,Champions
15707.0,34,4,945.58,3,4,3,10,Loyal
15708.0,40,11,3398.76,3,5,5,13,Champions
15709.0,283,1,133.25,1,1,1,3,Lost
15712.0,8,5,1072.3600000000001,5,4,4,13,Champions
15713.0,142,3,366.65,2,3,2,7,At Risk
15714.0,11,2,330.88,4,3,2,9,Potential
15716.0,145,4,1118.81,2,4,4,10,Loyal
15717.0,233,1,150.3,1,1,1,3,Lost
15719.0,32,14,5047.26,3,5,5,13,Champions
15720.0,23,1,598.73,4,1,3,8,Potential
15721.0,11,1,507.08,4,1,3,8,Potential
15722.0,35,6,2263.9100000000003,3,4,5,12,Champions
15723.0,364,1,203.1,1,1,1,3,Lost
15724.0,200,3,224.20000000000002,1,3,1,5,Lost
15725.0,14,1,415.25,4,1,2,7,At Risk
15727.0,16,7,5178.96,4,5,5,14,Champions
15728.0,48,1,134.8,3,1,1,5,Lost
15729.0,197,2,108.0,1,3,1,5,Lost
15730.0,65,4,1133.38,3,4,4,11,Loyal
15732.0,211,2,294.12,1,3,2,6,At Risk
15733.0,282,1,162.3,1,1,1,3,Lost
15734.0,114,2,1339.45,2,3,4,9,Potential
15737.0,14,12,1289.03,4,5,4,13,Champions
15738.0,18,19,4836.07,4,5,5,14,Champions
15739.0,65,1,449.12,3,1,2,6,At Risk
15740.0,48,1,154.88,3,1,1,5,Lost
15743.0,15,4,784.46,4,4,3,11,Loyal
15744.0,77,1,34.8,2,1,1,4,Lost
15745.0,8,6,1117.94,5,4,4,13,Champions
15746.0,133,2,210.79999999999998,2,3,1,6,At Risk
15747.0,12,3,974.04,4,3,4,11,Loyal
15748.0,39,1,149.31,3,1,1,5,Lost
15749.0,234,4,67532.7,1,4,5,10,Loyal
15750.0,2,9,2479.73,5,5,5,15,Champions
15752.0,39,8,2645.83,3,5,5,13,Champions
15753.0,304,1,79.2,1,1,1,3,Lost
15754.0,50,4,461.47,3,4,2,9,Potential
15755.0,0,8,2409.62,5,5,5,15,Champions
15756.0,60,4,532.96,3,4,3,10,Loyal
15757.0,65,2,714.42,3,3,3,9,Potential
15758.0,24,1,205.25,4,1,1,6,At Risk
15759.0,217,3,253.04,1,3,2,6,At Risk
15762.0,64,2,583.75,3,3,3,9,Potential
15763.0,31,3,1125.17,3,3,4,10,Loyal
15764.0,80,10,3314.47,2,5,5,12,Champions
15766.0,63,1,315.06,3,1,2,6,At Risk
15768.0,115,4,661.8299999999999,2,4,3,9,Potential
15769.0,6,29,60681.72,5,5,5,15,Champions
15773.0,5,1,635.6800000000001,5,1,3,9,Potential
15774.0,68,1,270.8,3,1,2,6,At Risk
15775.0,244,1,104.9,1,1,1,3,Lost
15776.0,132,1,241.62,2,1,1,4,Lost
15777.0,240,5,1072.61,1,4,4,9,Potential
15780.0,183,3,475.28000000000003,1,3,2,6,At Risk
15781.0,24,4,357.36,4,4,2,10,Loyal
15782.0,9,4,2635.54,5,4,5,14,Champions
15783.0,10,1,246.3,5,1,1,7,At Risk
15785.0,29,8,2354.19,4,5,5,14,Champions
15786.0,43,5,5030.2,3,4,5,12,Champions
15787.0,25,3,948.05,4,3,3,10,Loyal
15789.0,357,1,351.3,1,1,2,4,Lost
15790.0,9,1,220.85,5,1,1,7,At Risk
15791.0,43,3,1620.94,3,3,4,10,Loyal
15793.0,8,4,982.26,5,4,4,13,Champions
15795.0,149,1,610.01,2,1,3,6,At Risk
15796.0,0,10,2756.51,5,5,5,15,Champions
15797.0,112,4,2207.4,2,4,5,11,Loyal
15799.0,75,3,884.14,2,3,3,8,Potential
15800.0,106,2,699.08,2,3,3,8,Potential
15801.0,45,4,1085.71,3,4,4,11,Loyal
15802.0,142,3,1354.26,2,3,4,9,Potential
15803.0,50,1,415.82000000000005,3,1,2,6,At Risk
15804.0,0,19,4572.13,5,5,5,15,Champions
15805.0,22,20,5604.79,4,5,5,14,Champions
15806.0,45,3,784.58,3,3,3,9,Potential
15807.0,49,3,903.9,3,3,3,9,Potential
15808.0,305,5,3745.17,1,4,5,10,Loyal
15809.0,35,6,632.33,3,4,3,10,Loyal
15810.0,78,7,1638.53,2,5,4,11,Loyal
15811.0,16,9,2265.92,4,5,5,14,Champions
15812.0,106,5,1801.14,2,4,4,10,Loyal
15813.0,207,2,1303.9099999999999,1,3,4,8,Potential
15814.0,2,6,2047.93,5,4,4,13,Champions
15815.0,63,5,2100.6,3,4,5,12,Champions
15819.0,48,4,1905.45,3,4,4,11,Loyal
15820.0,319,1,206.98,1,1,1,3,Lost
15821.0,43,2,570.96,3,3,3,9,Potential
15822.0,2,2,885.47,5,3,3,11,Loyal
15823.0,336,2,870.76,1,3,3,7,At Risk
15825.0,171,1,532.94,2,1,3,6,At Risk
15826.0,50,4,1659.26,3,4,4,11,Loyal
15827.0,72,20,2030.7,2,5,4,11,Loyal
15829.0,98,2,636.14,2,3,3,8,Potential
15830.0,28,2,604.3,4,3,3,10,Loyal
15831.0,57,4,855.76,3,4,3,10,Loyal
15832.0,253,1,836.79,1,1,3,5,Lost
15834.0,69,6,2382.6,3,4,5,12,Champions
15835.0,43,4,954.09,3,4,3,10,Loyal
15836.0,44,2,157.27,3,3,1,7,At Risk
15837.0,64,1,391.98,3,1,2,6,At Risk
15838.0,10,21,33935.4,5,5,5,15,Champions
15839.0,24,5,1076.24,4,4,4,12,Champions
15840.0,58,3,365.46,3,3,2,8,Potential
15841.0,63,6,1239.02,3,4,4,11,Loyal
15843.0,303,1,118.95000000000002,1,1,1,3,Lost
15844.0,45,1,130.73999999999998,3,1,1,5,Lost
15845.0,17,10,3772.67,4,5,5,14,Champions
15847.0,37,2,389.27,3,3,2,8,Potential
15850.0,18,2,238.85,4,3,1,8,Potential
15852.0,186,2,160.71,1,3,1,5,Lost
15853.0,51,1,110.8,3,1,1,5,Lost
15854.0,3,12,2974.65,5,5,5,15,Champions
15855.0,136,5,712.24,2,4,3,9,Potential
15856.0,3,31,16601.47,5,5,5,15,Champions
15857.0,18,1,297.0,4,1,2,7,At Risk
15858.0,15,5,1438.85,4,4,4,12,Champions
15860.0,40,8,977.21,3,5,4,12,Champions
15861.0,11,9,3330.36,4,5,5,14,Champions
15862.0,7,4,832.88,5,4,3,12,Champions
15863.0,25,2,68.84,4,3,1,8,Potential
15864.0,21,8,2102.86,4,5,5,14,Champions
15865.0,40,3,895.13,3,3,3,9,Potential
15866.0,100,1,230.53,2,1,1,4,Lost
15867.0,4,16,3827.4900000000002,5,5,5,15,Champions
15869.0,276,2,149.64,1,3,1,5,Lost
15870.0,32,1,354.09000000000003,3,1,2,6,At Risk
15872.0,14,2,360.93,4,3,2,9,Potential
15874.0,62,9,4481.09,3,5,5,13,Champions
15877.0,1,3,545.78,5,3,3,11,Loyal
15880.0,368,2,373.28000000000003,1,3,2,6,At Risk
15881.0,311,8,564.54,1,5,3,9,Potential
15882.0,198,5,537.36,1,4,3,8,Potential
15883.0,1,2,396.48,5,3,2,10,Loyal
15885.0,92,3,379.35,2,3,2,7,At Risk
15886.0,59,1,181.09,3,1,1,5,Lost
15888.0,79,2,195.35000000000002,2,3,1,6,At Risk
15889.0,156,2,446.87,2,3,2,7,At Risk
15891.0,226,1,524.52,1,1,3,5,Lost
15894.0,252,2,263.55,1,3,2,6,At Risk
15895.0,149,1,179.17,2,1,1,4,Lost
15897.0,193,2,222.05,1,3,1,5,Lost
15898.0,0,6,1393.08,5,4,4,13,Champions
15899.0,368,1,56.25,1,1,1,3,Lost
15900.0,23,1,351.11,4,1,2,7,At Risk
15901.0,16,3,363.88,4,3,2,9,Potential
15903.0,9,8,5127.18,5,5,5,15,Champions
15904.0,7,1,164.68,5,1,1,7,At Risk
15906.0,19,8,1613.59,4,5,4,13,Champions
15907.0,3,3,967.45,5,3,4,12,Champions
15909.0,173,1,191.94,2,1,1,4,Lost
15910.0,0,8,1232.18,5,5,4,14,Champions
15912.0,177,2,264.62,2,3,2,7,At Risk
15916.0,15,10,1564.94,4,5,4,13,Champions
15917.0,247,1,123.1,1,1,1,3,Lost
15918.0,190,2,334.23,1,3,2,6,At Risk
15919.0,19,2,639.89,4,3,3,10,Loyal
15920.0,153,4,167.5,2,4,1,7,At Risk
15921.0,172,1,336.03000000000003,2,1,2,5,Lost
15922.0,371,2,375.40000000000003,1,3,2,6,At Risk
15923.0,372,1,127.08,1,1,1,3,Lost
15925.0,193,1,207.15,1,1,1,3,Lost
15930.0,66,1,426.63,3,1,2,6,At Risk
15932.0,3,11,2529.89,5,5,5,15,Champions
15933.0,20,3,1107.46,4,3,4,11,Loyal
15935.0,238,2,416.86,1,3,2,6,At Risk
15937.0,63,1,145.35,3,1,1,5,Lost
15938.0,111,5,404.58,2,4,2,8,Potential
15939.0,89,16,6127.76,2,5,5,12,Champions
15940.0,310,2,39.8,1,3,1,5,Lost
15942.0,133,1,337.44,2,1,2,5,Lost
15944.0,276,1,325.1,1,1,2,4,Lost
15945.0,364,1,181.0,1,1,1,3,Lost
15947.0,82,1,1708.24,2,1,4,7,At Risk
15948.0,7,2,955.24,5,3,3,11,Loyal
15949.0,16,2,364.72,4,3,2,9,Potential
15950.0,1,5,1825.76,5,4,4,13,Champions
15951.0,0,3,746.87,5,3,3,11,Loyal
15952.0,33,4,806.57,3,4,3,10,Loyal
15953.0,14,10,1684.23,4,5,4,13,Champions
15955.0,23,16,4442.71,4,5,5,14,Champions
15957.0,31,1,428.89,3,1,2,6,At Risk
15958.0,73,1,104.35,2,1,1,4,Lost
15963.0,19,2,470.76,4,3,2,9,Potential
15965.0,16,4,845.64,4,4,3,11,Loyal
15967.0,22,2,418.83,4,3,2,9,Potential
15969.0,2,4,749.3,5,4,3,12,Champions
15970.0,303,1,314.1,1,1,2,4,Lost
15971.0,17,12,4199.85,4,5,5,14,Champions
15973.0,235,3,515.87,1,3,3,7,At Risk
15974.0,38,8,3454.75,3,5,5,13,Champions
15975.0,83,1,371.01,2,1,2,5,Lost
15976.0,164,2,430.94,2,3,2,7,At Risk
15977.0,16,2,1054.73,4,3,4,11,Loyal
15978.0,76,1,1098.78,2,1,4,7,At Risk
15980.0,88,3,2398.86,2,3,5,10,Loyal
15981.0,24,8,3408.48,4,5,5,14,Champions
15983.0,21,4,1475.02,4,4,4,12,Champions
15984.0,2,11,2858.37,5,5,5,15,Champions
15985.0,122,3,1247.42,2,3,4,9,Potential
15986.0,29,1,168.12,4,1,1,6,At Risk
15987.0,11,7,1451.28,4,5,4,13,Champions
15988.0,18,1,158.03,4,1,1,6,At Risk
15990.0,43,2,792.11,3,3,3,9,Potential
15992.0,3,1,41.989999999999995,5,1,1,7,At Risk
15993.0,8,10,2838.32,5,5,5,15,Champions
15994.0,54,1,427.07,3,1,2,6,At Risk
15996.0,87,7,1076.58,2,5,4,11,Loyal
15998.0,36,6,3095.77,3,4,5,12,Champions
16000.0,2,3,12393.7,5,3,5,13,Champions
16003.0,29,5,2735.37,4,4,5,13,Champions
16005.0,11,4,615.39,4,4,3,11,Loyal
16006.0,210,1,101.4,1,1,1,3,Lost
16007.0,47,4,1701.94,3,4,4,11,Loyal
16008.0,23,3,478.78,4,3,2,9,Potential
16009.0,21,4,992.71,4,4,4,12,Champions
16010.0,245,3,407.5,1,3,2,6,At Risk
16011.0,7,16,3362.71,5,5,5,15,Champions
16012.0,34,3,1415.29,3,3,4,10,Loyal
16013.0,3,54,40894.95,5,5,5,15,Champions
16014.0,35,4,671.63,3,4,3,10,Loyal
16015.0,3,4,720.24,5,4,3,12,Champions
16016.0,2,10,1534.21,5,5,4,14,Champions
16017.0,46,1,211.88,3,1,1,5,Lost
16018.0,38,2,408.90000000000003,3,3,2,8,Potential
16019.0,1,10,4122.24,5,5,5,15,Champions
16020.0,16,3,851.01,4,3,3,10,Loyal
16022.0,259,1,628.28,1,1,3,5,Lost
16023.0,45,3,719.81,3,3,3,9,Potential
16024.0,11,1,251.24,4,1,2,7,At Risk
16025.0,29,1,439.65999999999997,4,1,2,7,At Risk
16026.0,42,1,236.09,3,1,1,5,Lost
16027.0,91,7,1017.12,2,5,4,11,Loyal
16029.0,38,76,111057.07,3,5,5,13,Champions
16030.0,309,1,331.24,1,1,2,4,Lost
16031.0,91,2,548.94,2,3,3,8,Potential
16033.0,5,27,8905.19,5,5,5,15,Champions
16034.0,195,3,437.7,1,3,2,6,At Risk
16036.0,86,2,758.92,2,3,3,8,Potential
16037.0,269,3,855.02,1,3,3,7,At Risk
16038.0,7,4,489.23,5,4,2,11,Loyal
16040.0,64,3,1313.55,3,3,4,10,Loyal
16041.0,30,3,3166.4,4,3,5,12,Champions
16042.0,21,7,1247.17,4,5,4,13,Champions
16043.0,37,4,773.99,3,4,3,10,Loyal
16045.0,119,4,1340.7,2,4,4,10,Loyal
16048.0,85,3,269.19,2,3,2,7,At Risk
16049.0,39,3,1111.79,3,3,4,10,Loyal
16050.0,173,1,137.9,2,1,1,4,Lost
16052.0,53,1,362.06,3,1,2,6,At Risk
16053.0,32,2,1511.95,3,3,4,10,Loyal
16054.0,144,1,783.9,2,1,3,6,At Risk
16055.0,220,1,134.8,1,1,1,3,Lost
16056.0,44,1,664.85,3,1,3,7,At Risk
16057.0,3,10,2386.02,5,5,5,15,Champions
16059.0,65,6,1459.8600000000001,3,4,4,11,Loyal
16061.0,268,1,29.95,1,1,1,3,Lost
16062.0,9,4,1153.62,5,4,4,13,Champions
16063.0,259,1,335.32,1,1,2,4,Lost
16065.0,364,1,372.09,1,1,2,4,Lost
16066.0,16,5,1521.87,4,4,4,12,Champions
16070.0,21,2,852.15,4,3,3,10,Loyal
16071.0,44,1,326.24,3,1,2,6,At Risk
16072.0,287,1,584.3199999999999,1,1,3,5,Lost
16073.0,291,2,150.45,1,3,1,5,Lost
16076.0,2,11,2295.93,5,5,5,15,Champions
16078.0,283,1,79.2,1,1,1,3,Lost
16079.0,16,3,1352.0,4,3,4,11,Loyal
16080.0,81,3,257.72,2,3,2,7,At Risk
16081.0,55,5,2806.9,3,4,5,12,Champions
16083.0,100,2,1317.62,2,3,4,9,Potential
16084.0,298,1,436.18,1,1,2,4,Lost
16085.0,22,5,981.51,4,4,4,12,Champions
16086.0,58,6,1123.47,3,4,4,11,Loyal
16091.0,154,2,315.06,2,3,2,7,At Risk
16092.0,98,5,856.36,2,4,3,9,Potential
16093.0,106,1,17.0,2,1,1,4,Lost
16094.0,11,6,1114.63,4,4,4,12,Champions
16096.0,263,1,320.62,1,1,2,4,Lost
16097.0,239,1,185.04999999999998,1,1,1,3,Lost
16098.0,87,7,2005.63,2,5,4,11,Loyal
16099.0,49,3,731.9,3,3,3,9,Potential
16101.0,8,3,1335.44,5,3,4,12,Champions
16102.0,41,3,1842.14,3,3,4,10,Loyal
16103.0,6,6,1429.64,5,4,4,13,Champions
16104.0,61,1,302.36,3,1,2,6,At Risk
16105.0,248,1,336.96,1,1,2,4,Lost
16106.0,65,1,108.38,3,1,1,5,Lost
16107.0,17,7,3204.1600000000003,4,5,5,14,Champions
16108.0,84,2,868.9,2,3,3,8,Potential
16109.0,218,2,611.88,1,3,3,7,At Risk
16110.0,44,3,1337.48,3,3,4,10,Loyal
16112.0,142,4,195.73999999999998,2,4,1,7,At Risk
16113.0,182,1,161.38,1,1,1,3,Lost
16114.0,170,1,135.75000000000003,2,1,1,4,Lost
16115.0,9,8,1667.97,5,5,4,14,Champions
16116.0,205,2,632.68,1,3,3,7,At Risk
16117.0,189,1,232.21,1,1,1,3,Lost
16119.0,7,2,423.36,5,3,2,10,Loyal
16120.0,58,5,1324.14,3,4,4,11,Loyal
16121.0,56,2,867.11,3,3,3,9,Potential
16122.0,72,4,684.4200000000001,2,4,3,9,Potential
16123.0,51,1,307.78,3,1,2,6,At Risk
16124.0,315,2,310.85,1,3,2,6,At Risk
16125.0,366,1,289.35,1,1,2,4,Lost
16126.0,28,4,6287.77,4,4,5,13,Champions
16127.0,38,1,656.25,3,1,3,7,At Risk
16128.0,17,5,1880.22,4,4,4,12,Champions
16131.0,51,6,3506.54,3,4,5,12,Champions
16133.0,3,46,14872.421,5,5,5,15,Champions
16134.0,21,3,632.49,4,3,3,10,Loyal
16135.0,262,1,517.55,1,1,3,5,Lost
16136.0,59,3,709.38,3,3,3,9,Potential
16138.0,367,1,7.95,1,1,1,3,Lost
16139.0,18,3,635.41,4,3,3,10,Loyal
16140.0,52,4,746.59,3,4,3,10,Loyal
16141.0,87,1,620.4,2,1,3,6,At Risk
16142.0,249,1,535.34,1,1,3,5,Lost
16143.0,2,7,2430.04,5,5,5,15,Champions
16144.0,246,1,175.2,1,1,1,3,Lost
16145.0,8,18,3857.0,5,5,5,15,Champions
16146.0,156,3,734.13,2,3,3,8,Potential
16147.0,133,1,375.0,2,1,2,5,Lost
16148.0,295,1,76.32000000000001,1,1,1,3,Lost
16149.0,4,2,280.52,5,3,2,10,Loyal
16150.0,38,10,2199.97,3,5,5,13,Champions
16152.0,268,1,1829.04,1,1,4,6,At Risk
16153.0,49,5,1824.23,3,4,4,11,Loyal
16156.0,8,13,3219.46,5,5,5,15,Champions
16157.0,15,4,669.14,4,4,3,11,Loyal
16159.0,281,1,348.2,1,1,2,4,Lost
16160.0,63,4,1041.43,3,4,4,11,Loyal
16161.0,1,26,5798.15,5,5,5,15,Champions
16162.0,251,1,37.4,1,1,1,3,Lost
16163.0,224,3,1271.6000000000001,1,3,4,8,Potential
16164.0,16,4,842.4300000000001,4,4,3,11,Loyal
16168.0,10,28,3804.6,5,5,5,15,Champions
16169.0,7,4,1822.97,5,4,4,13,Champions
16170.0,50,7,1889.6799999999998,3,5,4,12,Champions
16171.0,58,1,73.2,3,1,1,5,Lost
16172.0,94,5,1140.21,2,4,4,10,Loyal
16173.0,15,7,1430.07,4,5,4,13,Champions
16174.0,125,3,1009.5500000000001,2,3,4,9,Potential
16175.0,93,4,1037.59,2,4,4,10,Loyal
16177.0,49,1,331.95,3,1,2,6,At Risk
16178.0,137,1,197.9,2,1,1,4,Lost
16179.0,60,1,215.83,3,1,1,5,Lost
16180.0,99,10,10290.88,2,5,5,12,Champions
16181.0,72,1,305.54,2,1,2,5,Lost
16182.0,71,4,6617.65,2,4,5,11,Loyal
16183.0,66,1,338.71000000000004,3,1,2,6,At Risk
16184.0,63,7,1162.04,3,5,4,12,Champions
16185.0,16,2,529.41,4,3,3,10,Loyal
16186.0,22,13,4021.94,4,5,5,14,Champions
16187.0,31,17,6981.64,3,5,5,13,Champions
16188.0,44,4,981.86,3,4,4,11,Loyal
16189.0,15,2,215.48,4,3,1,8,Potential
16190.0,39,1,215.08,3,1,1,5,Lost
16191.0,2,25,5447.72,5,5,5,15,Champions
16193.0,236,1,314.45,1,1,2,4,Lost
16198.0,74,1,400.68100000000004,2,1,2,5,Lost
16200.0,3,2,1080.6200000000001,5,3,4,12,Champions
16201.0,2,5,1905.42,5,4,4,13,Champions
16202.0,360,1,365.27,1,1,2,4,Lost
16203.0,58,5,596.65,3,4,3,10,Loyal
16204.0,22,1,405.71,4,1,2,7,At Risk
16205.0,30,4,761.38,4,4,3,11,Loyal
16206.0,54,4,537.0600000000001,3,4,3,10,Loyal
16207.0,24,1,394.38,4,1,2,7,At Risk
16208.0,44,2,664.26,3,3,3,9,Potential
16209.0,88,5,2262.62,2,4,5,11,Loyal
16210.0,1,18,21086.3,5,5,5,15,Champions
16211.0,80,2,551.27,2,3,3,8,Potential
16212.0,18,3,699.49,4,3,3,10,Loyal
16213.0,78,1,159.0,2,1,1,4,Lost
16214.0,170,3,1062.75,2,3,4,9,Potential
16215.0,80,1,242.35,2,1,1,4,Lost
16216.0,266,1,914.9300000000001,1,1,3,5,Lost
16217.0,234,4,349.11,1,4,2,7,At Risk
16218.0,29,8,3114.49,4,5,5,14,Champions
16221.0,36,3,864.86,3,3,3,9,Potential
16222.0,317,1,846.72,1,1,3,5,Lost
16224.0,56,4,1295.3,3,4,4,11,Loyal
16225.0,44,5,1096.32,3,4,4,11,Loyal
16226.0,202,3,255.12,1,3,2,6,At Risk
16227.0,218,2,320.12,1,3,2,6,At Risk
16229.0,86,2,1010.6,2,3,4,9,Potential
16230.0,189,2,542.03,1,3,3,7,At Risk
16232.0,32,5,998.53,3,4,4,11,Loyal
16233.0,70,5,651.23,2,4,3,9,Potential
16235.0,40,6,876.21,3,4,3,10,Loyal
16236.0,77,1,432.2,2,1,2,5,Lost
16239.0,56,3,455.5,3,3,2,8,Potential
16240.0,7,5,3743.79,5,4,5,14,Champions
16241.0,9,13,2607.87,5,5,5,15,Champions
16242.0,7,8,3608.16,5,5,5,15,Champions
16243.0,33,2,409.1,3,3,2,8,Potential
16244.0,211,2,1522.75,1,3,4,8,Potential
16245.0,23,5,1474.96,4,4,4,12,Champions
16247.0,169,1,114.56,2,1,1,4,Lost
16248.0,61,1,152.94,3,1,1,5,Lost
16249.0,52,5,1800.07,3,4,4,11,Loyal
16250.0,260,2,389.44,1,3,2,6,At Risk
16252.0,365,1,295.09,1,1,2,4,Lost
16253.0,31,3,3702.1,3,3,5,11,Loyal
16255.0,16,10,2630.52,4,5,5,14,Champions
16256.0,257,2,772.23,1,3,3,7,At Risk
16257.0,176,1,46.95,2,1,1,4,Lost
16258.0,44,5,5203.51,3,4,5,12,Champions
16260.0,50,1,1035.45,3,1,4,8,Potential
16261.0,16,4,746.83,4,4,3,11,Loyal
16262.0,360,1,31.65,1,1,1,3,Lost
16265.0,8,11,5470.85,5,5,5,15,Champions
16266.0,73,7,861.89,2,5,3,10,Loyal
16268.0,70,2,667.65,2,3,3,8,Potential
16270.0,352,1,1141.24,1,1,4,6,At Risk
16271.0,2,6,1435.19,5,4,4,13,Champions
16272.0,116,1,411.7,2,1,2,5,Lost
16274.0,372,1,357.95,1,1,2,4,Lost
16275.0,196,1,559.87,1,1,3,5,Lost
16276.0,176,1,810.6000000000001,2,1,3,6,At Risk
16278.0,22,3,594.93,4,3,3,10,Loyal
16279.0,20,4,1522.48,4,4,4,12,Champions
16281.0,71,1,2062.06,2,1,4,7,At Risk
16282.0,339,1,168.3,1,1,1,3,Lost
16283.0,5,7,1610.11,5,5,4,14,Champions
16284.0,30,2,823.97,4,3,3,10,Loyal
16287.0,169,1,142.5,2,2,1,5,Lost
16292.0,116,2,323.59999999999997,2,3,2,7,At Risk
16293.0,8,12,2261.2400000000002,5,5,5,15,Champions
16295.0,9,4,1328.55,5,4,4,13,Champions
16297.0,212,4,328.4,1,4,2,7,At Risk
16298.0,22,3,598.2,4,3,3,10,Loyal
16302.0,107,2,253.62,2,3,2,7,At Risk
16303.0,25,4,5415.43,4,4,5,13,Champions
16305.0,138,1,361.21999999999997,2,2,2,6,At Risk
16306.0,213,9,662.27,1,5,3,9,Potential
16308.0,37,4,2560.0,3,4,5,12,Champions
16309.0,91,3,726.47,2,3,3,8,Potential
16311.0,17,2,616.26,4,3,3,10,Loyal
16313.0,2,2,274.15000000000003,5,3,2,10,Loyal
16315.0,330,1,226.37,1,2,1,4,Lost
16316.0,63,12,3122.26,3,5,5,13,Champions
16317.0,119,3,1341.65,2,3,4,9,Potential
16318.0,34,1,328.15,3,2,2,7,At Risk
16319.0,217,1,404.40000000000003,1,2,2,5,Lost
16321.0,71,7,516.6,2,5,3,10,Loyal
16322.0,0,2,326.75,5,3,2,10,Loyal
16323.0,195,1,207.50000000000003,1,2,1,4,Lost
16324.0,127,3,428.68,2,3,2,7,At Risk
16325.0,43,5,677.94,3,4,3,10,Loyal
16326.0,5,15,3135.96,5,5,5,15,Champions
16327.0,13,6,3844.22,4,4,5,13,Champions
16330.0,17,4,261.61,4,4,2,10,Loyal
16332.0,27,8,1603.2,4,5,4,13,Champions
16333.0,7,22,26626.8,5,5,5,15,Champions
16337.0,36,1,151.05,3,2,1,6,At Risk
16338.0,156,1,214.79999999999998,2,2,1,5,Lost
16339.0,283,1,109.95,1,2,1,4,Lost
16340.0,106,1,549.07,2,2,3,7,At Risk
16341.0,24,6,1984.3600000000001,4,4,4,12,Champions
16342.0,74,4,322.41,2,4,2,8,Potential
16343.0,15,2,370.47999999999996,4,3,2,9,Potential
16344.0,157,1,101.10000000000001,2,2,1,5,Lost
16345.0,43,1,575.41,3,2,3,8,Potential
16347.0,10,2,887.65,5,3,3,11,Loyal
16348.0,31,7,1469.45,3,5,4,12,Champions
16349.0,290,1,53.5,1,2,1,4,Lost
16350.0,20,5,1132.47,4,4,4,12,Champions
16351.0,332,1,153.9,1,2,1,4,Lost
16352.0,17,2,494.44,4,3,2,9,Potential
16353.0,3,23,6675.71,5,5,5,15,Champions
16354.0,62,2,395.8,3,3,2,8,Potential
16356.0,197,4,213.22,1,4,1,6,At Risk
16357.0,32,3,658.88,3,3,3,9,Potential
16358.0,0,5,2030.05,5,4,4,13,Champions
16359.0,6,12,2041.47,5,5,4,14,Champions
16360.0,4,8,3613.37,5,5,5,15,Champions
16361.0,9,4,896.66,5,4,3,12,Champions
16362.0,31,9,817.47,3,5,3,11,Loyal
16363.0,52,1,109.36000000000001,3,2,1,6,At Risk
16364.0,11,2,707.04,4,3,3,10,Loyal
16365.0,17,9,1540.42,4,5,4,13,Champions
16366.0,18,1,327.3,4,2,2,8,Potential
16367.0,36,2,804.49,3,3,3,9,Potential
16368.0,1,2,497.43,5,3,3,11,Loyal
16369.0,17,3,1553.66,4,3,4,11,Loyal
16370.0,81,4,1320.56,2,4,4,10,Loyal
16372.0,32,2,367.93,3,3,2,8,Potential
16374.0,65,2,473.03000000000003,3,3,2,8,Potential
16376.0,8,3,996.5,5,3,4,12,Champions
16377.0,266,1,676.2,1,2,3,6,At Risk
16378.0,246,3,362.95,1,3,2,6,At Risk
16379.0,3,5,2182.9,5,4,5,14,Champions
16380.0,60,1,1780.59,3,2,4,9,Potential
16383.0,74,2,668.36,2,3,3,8,Potential
16384.0,89,2,584.5,2,3,3,8,Potential
16385.0,59,3,555.89,3,3,3,9,Potential
16386.0,28,2,317.2,4,3,2,9,Potential
16387.0,322,1,94.36,1,2,1,4,Lost
16389.0,52,5,1401.87,3,4,4,11,Loyal
16392.0,269,1,221.19,1,2,1,4,Lost
16393.0,1,20,3151.37,5,5,5,15,Champions
16394.0,49,9,1698.62,3,5,4,12,Champions
16395.0,60,5,1486.9,3,4,4,11,Loyal
16398.0,144,4,1780.45,2,4,4,10,Loyal
16399.0,18,2,408.57,4,3,2,9,Potential
16400.0,94,1,303.93,2,2,2,6,At Risk
16401.0,0,20,4135.4,5,5,5,15,Champions
16402.0,264,2,299.6,1,3,2,6,At Risk
16403.0,301,2,193.95,1,3,1,5,Lost
16404.0,69,1,443.05,3,2,2,7,At Risk
16405.0,301,2,167.25,1,3,1,5,Lost
16406.0,18,1,164.32,4,2,1,7,At Risk
16407.0,12,10,2126.93,4,5,5,14,Champions
16409.0,35,5,2028.88,3,4,4,11,Loyal
16411.0,18,2,214.65,4,3,1,8,Potential
16412.0,53,1,151.83,3,2,1,6,At Risk
16413.0,56,1,262.2,3,2,2,7,At Risk
16414.0,21,2,126.25,4,3,1,8,Potential
16415.0,43,1,210.35,3,2,1,6,At Risk
16416.0,26,4,1075.81,4,4,4,12,Champions
16418.0,44,3,675.27,3,3,3,9,Potential
16419.0,112,7,984.98,2,5,4,11,Loyal
16422.0,16,75,35563.11,4,5,5,14,Champions
16423.0,24,1,346.12,4,2,2,8,Potential
16424.0,190,2,184.56,1,3,1,5,Lost
16425.0,301,1,302.7,1,2,2,5,Lost
16426.0,1,10,1908.25,5,5,4,14,Champions
16427.0,262,2,241.06,1,3,1,5,Lost
16428.0,80,1,2.95,2,2,1,5,Lost
16429.0,105,1,284.55,2,2,2,6,At Risk
16430.0,56,1,300.85,3,2,2,7,At Risk
16431.0,212,3,642.81,1,3,3,7,At Risk
16432.0,63,1,287.4,3,2,2,7,At Risk
16433.0,27,1,184.26,4,2,1,7,At Risk
16434.0,28,7,1522.25,4,5,4,13,Champions
16438.0,5,5,798.35,5,4,3,12,Champions
16440.0,7,5,3640.67,5,4,5,14,Champions
16441.0,66,2,381.2,3,3,2,8,Potential
16442.0,1,3,616.79,5,3,3,11,Loyal
16444.0,45,5,670.57,3,4,3,10,Loyal
16445.0,33,1,230.51,3,2,1,6,At Risk
16446.0,0,3,336942.1,5,3,5,13,Champions
16447.0,135,1,259.01,2,2,2,6,At Risk
16448.0,197,1,188.89000000000001,1,2,1,4,Lost
16449.0,190,3,740.69,1,3,3,7,At Risk
16450.0,149,1,311.92,2,2,2,6,At Risk
16451.0,87,1,266.97,2,2,2,6,At Risk
16454.0,44,3,21.950000000000003,3,3,1,7,At Risk
16455.0,63,7,1841.18,3,5,4,12,Champions
16456.0,98,5,2158.37,2,4,5,11,Loyal
16457.0,217,1,208.36,1,2,1,4,Lost
16458.0,2,18,3482.7400000000002,5,5,5,15,Champions
16460.0,27,3,814.72,4,3,3,10,Loyal
16461.0,177,1,151.42,2,2,1,5,Lost
16462.0,63,4,170.0,3,4,1,8,Potential
16463.0,20,7,1461.1,4,5,4,13,Champions
16464.0,19,3,1314.68,4,3,4,11,Loyal
16466.0,33,7,1603.46,3,5,4,12,Champions
16468.0,73,1,74.9,2,2,1,5,Lost
16469.0,23,4,650.43,4,4,3,11,Loyal
16470.0,51,5,767.34,3,4,3,10,Loyal
16471.0,274,1,223.95000000000002,1,2,1,4,Lost
16473.0,164,4,317.36,2,4,2,8,Potential
16474.0,6,11,1931.53,5,5,4,14,Champions
16475.0,87,4,544.3,2,4,3,9,Potential
16477.0,63,7,2494.46,3,5,5,13,Champions
16478.0,24,3,331.0,4,3,2,9,Potential
16479.0,9,2,300.83,5,3,2,10,Loyal
16480.0,75,1,769.29,2,2,3,7,At Risk
16482.0,15,1,220.62,4,2,1,7,At Risk
16483.0,191,1,139.35,1,2,1,4,Lost
16484.0,173,3,429.2,2,3,2,7,At Risk
16485.0,76,1,363.65,2,2,2,6,At Risk
16488.0,32,4,505.4,3,4,3,10,Loyal
16491.0,46,1,731.5,3,2,3,8,Potential
16493.0,72,6,1373.6,2,4,4,10,Loyal
16494.0,296,1,826.53,1,2,3,6,At Risk
16495.0,2,3,684.41,5,3,3,11,Loyal
16496.0,8,4,1636.82,5,4,4,13,Champions
16497.0,49,6,2965.69,3,4,5,12,Champions
16498.0,160,3,115.82000000000001,2,3,1,6,At Risk
16499.0,359,5,411.8,1,4,2,7,At Risk
16500.0,4,6,400.86,5,4,2,11,Loyal
16503.0,106,5,1442.43,2,4,4,10,Loyal
16504.0,24,1,484.38,4,2,2,8,Potential
16505.0,31,1,777.6,3,2,3,8,Potential
16506.0,19,2,90.30000000000001,4,3,1,8,Potential
16509.0,296,1,363.7,1,2,2,5,Lost
16510.0,371,1,248.1,1,2,1,4,Lost
16511.0,21,3,950.26,4,3,3,10,Loyal
16513.0,4,4,874.59,5,4,3,12,Champions
16515.0,51,5,1627.13,3,4,4,11,Loyal
16516.0,29,1,101.69999999999999,4,2,1,7,At Risk
16517.0,276,1,162.7,1,2,1,4,Lost
16518.0,60,3,487.72,3,3,2,8,Potential
16519.0,24,2,215.07999999999998,4,3,1,8,Potential
16520.0,185,4,1056.52,1,4,4,9,Potential
16523.0,1,28,9541.27,5,5,5,15,Champions
16525.0,1,29,14159.33,5,5,5,15,Champions
16526.0,171,1,290.36,2,2,2,6,At Risk
16527.0,80,1,228.06,2,2,1,5,Lost
16528.0,3,1,244.41,5,2,1,8,Potential
16529.0,189,1,455.25,1,2,2,5,Lost
16531.0,21,7,1244.59,4,5,4,13,Champions
16532.0,17,3,6748.8,4,3,5,12,Champions
16533.0,18,5,1164.18,4,4,4,12,Champions
16535.0,4,1,593.75,5,2,3,10,Loyal
16536.0,106,2,558.92,2,3,3,8,Potential
16539.0,2,4,1388.81,5,4,4,13,Champions
16542.0,53,1,119.62,3,2,1,6,At Risk
16545.0,164,1,339.3,2,2,2,6,At Risk
16546.0,290,3,1670.23,1,3,4,8,Potential
16549.0,9,10,4154.64,5,5,5,15,Champions
16550.0,108,9,2331.69,2,5,5,12,Champions
16551.0,95,3,922.12,2,3,3,8,Potential
16552.0,242,2,379.73,1,3,2,6,At Risk
16553.0,162,14,5775.07,2,5,5,12,Champions
16554.0,2,7,1032.6499999999999,5,5,4,14,Champions
16555.0,34,2,285.89,3,3,2,8,Potential
16556.0,66,7,3313.79,3,5,5,13,Champions
16557.0,23,2,281.85,4,3,2,9,Potential
16558.0,0,24,8419.94,5,5,5,15,Champions
16560.0,20,3,890.11,4,3,3,10,Loyal
16561.0,5,2,511.12,5,3,3,11,Loyal
16563.0,53,1,1077.74,3,2,4,9,Potential
16565.0,363,1,173.7,1,2,1,4,Lost
16566.0,14,6,615.3100000000001,4,4,3,11,Loyal
16567.0,193,2,865.6,1,3,3,7,At Risk
16569.0,2,1,124.2,5,2,1,8,Potential
16570.0,8,15,3853.85,5,5,5,15,Champions
16571.0,2,5,1558.16,5,4,4,13,Champions
16572.0,126,4,1019.5,2,4,4,10,Loyal
16573.0,73,4,678.8100000000001,2,4,3,9,Potential
16574.0,70,1,451.44,2,2,2,6,At Risk
16579.0,364,1,30.599999999999998,1,2,1,4,Lost
16581.0,154,2,141.24,2,3,1,6,At Risk
16582.0,112,1,313.62,2,2,2,6,At Risk
16583.0,373,1,233.45,1,2,1,4,Lost
16584.0,79,3,964.13,2,3,4,9,Potential
16586.0,248,1,463.95,1,2,2,5,Lost
16587.0,231,1,225.15,1,2,1,4,Lost
16589.0,70,3,459.24,2,3,2,7,At Risk
16591.0,68,1,213.5,3,2,1,6,At Risk
16592.0,3,19,4154.08,5,5,5,15,Champions
16593.0,50,3,330.03,3,3,2,8,Potential
16594.0,74,1,181.09,2,2,1,5,Lost
16595.0,60,1,360.16,3,2,2,7,At Risk
16596.0,15,2,250.15,4,3,2,9,Potential
16597.0,3,1,90.04,5,2,1,8,Potential
16598.0,276,2,149.4,1,3,1,5,Lost
16600.0,3,6,813.52,5,4,3,12,Champions
16601.0,40,1,244.79999999999998,3,2,1,6,At Risk
16602.0,30,2,561.43,4,3,3,10,Loyal
16603.0,74,2,482.47,2,3,2,7,At Risk
16607.0,17,16,3656.75,4,5,5,14,Champions
16609.0,14,9,5535.96,4,5,5,14,Champions
16610.0,218,1,75.66,1,2,1,4,Lost
16611.0,185,2,137.99,1,3,1,5,Lost
16612.0,32,4,1187.66,3,4,4,11,Loyal
16613.0,69,1,618.59,3,2,3,8,Potential
16614.0,182,1,506.19,1,2,3,6,At Risk
16616.0,14,2,500.42,4,3,3,10,Loyal
16617.0,235,1,151.85,1,2,1,4,Lost
16618.0,30,6,2664.54,4,4,5,13,Champions
16619.0,253,2,248.01,1,3,1,5,Lost
16620.0,3,2,178.96,5,3,1,9,Potential
16621.0,51,4,813.48,3,4,3,10,Loyal
16623.0,245,1,129.45,1,2,1,4,Lost
16624.0,80,2,810.5699999999999,2,3,3,8,Potential
16625.0,274,1,333.08,1,2,2,5,Lost
16626.0,0,20,4446.55,5,5,5,15,Champions
16627.0,78,1,322.8,2,2,2,6,At Risk
16628.0,29,6,2193.06,4,4,5,13,Champions
16629.0,73,2,417.73,2,3,2,7,At Risk
16633.0,16,7,2888.05,4,5,5,14,Champions
16634.0,222,2,217.9,1,3,1,5,Lost
16637.0,31,5,1184.35,3,4,4,11,Loyal
16638.0,22,11,1684.97,4,5,4,13,Champions
16639.0,24,4,1345.64,4,4,4,12,Champions
16641.0,105,1,231.10000000000002,2,2,1,5,Lost
16642.0,4,3,696.83,5,3,3,11,Loyal
16643.0,245,1,487.51,1,2,2,5,Lost
16644.0,177,2,833.78,2,3,3,8,Potential
16647.0,169,2,214.06,2,3,1,6,At Risk
16648.0,38,2,310.46,3,3,2,8,Potential
16650.0,71,1,518.42,2,2,3,7,At Risk
16652.0,53,11,6893.68,3,5,5,13,Champions
16653.0,15,3,1258.4,4,3,4,11,Loyal
16654.0,140,5,607.57,2,4,3,9,Potential
16655.0,17,6,3794.52,4,4,5,13,Champions
16656.0,21,21,8683.36,4,5,5,14,Champions
16657.0,9,4,933.62,5,4,3,12,Champions
16658.0,367,1,123.24,1,2,1,4,Lost
16659.0,188,1,39.12,1,2,1,4,Lost
16660.0,15,5,1724.85,4,4,4,12,Champions
16665.0,361,1,135.39999999999998,1,2,1,4,Lost
16666.0,18,1,118.98,4,2,1,7,At Risk
16667.0,67,2,570.13,3,3,3,9,Potential
16668.0,14,6,306.71999999999997,4,4,2,10,Loyal
16669.0,23,4,1378.8700000000001,4,4,4,12,Champions
16670.0,16,17,4169.34,4,5,5,14,Champions
16671.0,27,3,1692.27,4,3,4,11,Loyal
16672.0,1,23,8176.29,5,5,5,15,Champions
16674.0,54,2,319.61,3,3,2,8,Potential
16676.0,33,5,1625.52,3,4,4,11,Loyal
16678.0,2,17,3206.15,5,5,5,15,Champions
16679.0,365,1,129.75,1,2,1,4,Lost
16680.0,42,1,183.7,3,2,1,6,At Risk
16681.0,72,6,1770.34,2,4,4,10,Loyal
16682.0,4,5,1028.0,5,4,4,13,Champions
16684.0,3,31,67415.04,5,5,5,15,Champions
16685.0,60,2,324.24,3,3,2,8,Potential
16686.0,46,9,3082.18,3,5,5,13,Champions
16688.0,0,4,1260.86,5,4,4,13,Champions
16689.0,75,3,541.9399999999999,2,3,3,8,Potential
16690.0,43,3,242.53,3,3,1,7,At Risk
16692.0,255,2,1276.0,1,3,4,8,Potential
16693.0,68,2,482.01,3,3,2,8,Potential
16696.0,134,4,657.9000000000001,2,4,3,9,Potential
16697.0,240,1,112.75,1,2,1,4,Lost
16698.0,226,2,1998.0,1,3,4,8,Potential
16700.0,8,17,5113.1,5,5,5,15,Champions
16701.0,8,18,5646.33,5,5,5,15,Champions
16705.0,0,29,14123.85,5,5,5,15,Champions
16706.0,36,3,531.35,3,3,3,9,Potential
16708.0,45,1,656.63,3,2,3,8,Potential
16709.0,84,5,3029.87,2,4,5,11,Loyal
16710.0,18,10,2483.04,4,5,5,14,Champions
16711.0,2,5,1651.03,5,4,4,13,Champions
16712.0,8,11,3645.43,5,5,5,15,Champions
16713.0,18,21,7006.03,4,5,5,14,Champions
16714.0,218,4,1411.53,1,4,4,9,Potential
16715.0,77,1,301.71999999999997,2,2,2,6,At Risk
16716.0,266,3,1482.6000000000001,1,3,4,8,Potential
16717.0,8,9,4438.4,5,5,5,15,Champions
16718.0,368,1,623.75,1,2,3,6,At Risk
16719.0,14,8,1806.92,4,5,4,13,Champions
16720.0,25,1,155.24,4,2,1,7,At Risk
16721.0,261,1,292.47,1,2,2,5,Lost
16722.0,16,16,4750.41,4,5,5,14,Champions
16723.0,90,2,589.15,2,3,3,8,Potential
16725.0,301,8,786.97,1,5,3,9,Potential
16726.0,25,5,1382.02,4,4,4,12,Champions
16727.0,363,1,272.82,1,2,2,5,Lost
16728.0,45,4,1054.67,3,4,4,11,Loyal
16729.0,35,26,7403.56,3,5,5,13,Champions
16730.0,51,4,783.43,3,4,3,10,Loyal
16732.0,31,1,603.75,3,2,3,8,Potential
16734.0,51,3,650.51,3,3,3,9,Potential
16735.0,78,7,2331.91,2,5,5,12,Champions
16737.0,52,1,417.59999999999997,3,2,2,7,At Risk
16738.0,297,1,3.75,1,2,1,4,Lost
16739.0,171,2,333.45,2,3,2,7,At Risk
16742.0,46,2,929.8,3,3,3,9,Potential
16743.0,28,8,2284.34,4,5,5,14,Champions
16744.0,10,7,1304.76,5,5,4,14,Champions
16745.0,86,18,7217.900000000001,2,5,5,12,Champions
16746.0,4,19,6701.01,5,5,5,15,Champions
16747.0,24,4,845.16,4,4,3,11,Loyal
16748.0,17,5,1515.9,4,4,4,12,Champions
16750.0,44,5,623.93,3,4,3,10,Loyal
16751.0,30,1,1764.72,4,2,4,10,Loyal
16752.0,372,1,207.5,1,2,1,4,Lost
16753.0,57,1,223.92000000000002,3,2,1,6,At Risk
16754.0,371,1,2002.4,1,2,4,7,At Risk
16755.0,113,5,1509.03,2,4,4,10,Loyal
16756.0,214,1,239.4,1,2,1,4,Lost
16757.0,318,1,106.83000000000001,1,2,1,4,Lost
16758.0,64,1,369.34000000000003,3,2,2,7,At Risk
16759.0,7,4,806.74,5,4,3,12,Champions
16761.0,96,1,316.62,2,2,2,6,At Risk
16762.0,19,3,1501.38,4,3,4,11,Loyal
16763.0,184,2,628.8,1,3,3,7,At Risk
16764.0,3,18,2840.25,5,5,5,15,Champions
16765.0,293,1,34.0,1,2,1,4,Lost
16766.0,272,2,1145.6,1,3,4,8,Potential
16767.0,30,11,5580.6,4,5,5,14,Champions
16768.0,47,5,498.14,3,4,3,10,Loyal
16769.0,259,1,380.39,1,2,2,5,Lost
16770.0,57,6,795.3000000000001,3,4,3,10,Loyal
16771.0,32,5,2246.81,3,4,5,12,Champions
16773.0,56,1,171.59,3,2,1,6,At Risk
16774.0,67,5,668.12,3,4,3,10,Loyal
16775.0,9,11,1695.66,5,5,4,14,Champions
16776.0,59,1,388.28,3,2,2,7,At Risk
16777.0,79,2,226.35,2,3,1,6,At Risk
16778.0,73,2,245.94,2,3,1,6,At Risk
16779.0,1,28,10805.39,5,5,5,15,Champions
16780.0,99,2,425.19,2,3,2,7,At Risk
16781.0,364,2,327.85,1,3,2,6,At Risk
16782.0,9,19,2317.55,5,5,5,15,Champions
16784.0,19,1,107.6,4,2,1,7,At Risk
16788.0,122,2,597.48,2,3,3,8,Potential
16789.0,7,1,80.8,5,2,1,8,Potential
16790.0,3,8,1571.1200000000001,5,5,4,14,Champions
16791.0,28,8,1737.28,4,5,4,13,Champions
16792.0,281,2,110.38000000000001,1,3,1,5,Lost
16793.0,56,1,243.84,3,2,1,6,At Risk
16794.0,0,12,1243.91,5,5,4,14,Champions
16795.0,364,1,414.88,1,2,2,5,Lost
16796.0,88,1,305.62,2,2,2,6,At Risk
16800.0,10,1,1201.49,5,2,4,11,Loyal
16801.0,162,5,2371.63,2,4,5,11,Loyal
16803.0,64,1,332.3,3,2,2,7,At Risk
16804.0,22,3,536.99,4,3,3,10,Loyal
16805.0,173,2,460.59,2,3,2,7,At Risk
16806.0,102,4,801.49,2,4,3,9,Potential
16807.0,142,3,1121.59,2,3,4,9,Potential
16808.0,98,2,288.42,2,3,2,7,At Risk
16809.0,22,6,916.64,4,4,3,11,Loyal
16810.0,191,2,343.44,1,3,2,6,At Risk
16811.0,4,2,547.07,5,3,3,11,Loyal
16812.0,360,1,479.35,1,2,2,5,Lost
16813.0,7,10,1692.98,5,5,4,14,Champions
16814.0,13,22,6517.6,4,5,5,14,Champions
16816.0,102,4,417.06,2,4,2,8,Potential
16817.0,2,13,1762.55,5,5,4,14,Champions
16818.0,10,13,3389.46,5,5,5,15,Champions
16820.0,95,1,497.61,2,2,3,7,At Risk
16823.0,226,1,358.38,1,2,2,5,Lost
16824.0,15,2,460.64,4,3,2,9,Potential
16825.0,38,2,775.1800000000001,3,3,3,9,Potential
16826.0,50,1,341.7,3,2,2,7,At Risk
16828.0,92,2,128.5,2,3,1,6,At Risk
16829.0,156,1,197.22,2,2,1,5,Lost
16830.0,38,1,325.91,3,2,2,7,At Risk
16832.0,183,3,199.15,1,3,1,5,Lost
16833.0,0,4,1106.53,5,4,4,13,Champions
16834.0,227,1,413.46,1,2,2,5,Lost
16835.0,127,2,180.85,2,3,1,6,At Risk
16836.0,39,2,251.87,3,3,2,8,Potential
16837.0,30,12,3174.23,4,5,5,14,Champions
16838.0,196,3,594.8000000000001,1,3,3,7,At Risk
16839.0,8,39,17830.92,5,5,5,15,Champions
16841.0,36,7,1965.02,3,5,4,12,Champions
16842.0,63,4,1267.94,3,4,4,11,Loyal
16843.0,42,17,10209.32,3,5,5,13,Champions
16846.0,49,1,214.32,3,2,1,6,At Risk
16847.0,42,1,193.44,3,2,1,6,At Risk
16848.0,52,1,281.42,3,2,2,7,At Risk
16849.0,186,1,124.57,1,2,1,4,Lost
16850.0,333,1,332.41,1,2,2,5,Lost
16851.0,3,3,342.45,5,3,2,10,Loyal
16852.0,9,2,144.91000000000003,5,3,1,9,Potential
16855.0,23,2,328.4,4,3,2,9,Potential
16856.0,14,1,35.400000000000006,4,2,1,7,At Risk
16858.0,365,2,405.49,1,3,2,6,At Risk
16859.0,105,5,1022.48,2,4,4,10,Loyal
16861.0,59,3,195.87,3,3,1,7,At Risk
16863.0,28,4,524.25,4,4,3,11,Loyal
16866.0,140,3,207.73999999999998,2,3,1,6,At Risk
16869.0,22,5,845.22,4,4,3,11,Loyal
16871.0,21,7,2863.19,4,5,5,14,Champions
16872.0,76,3,680.02,2,3,3,8,Potential
16873.0,4,10,7180.93,5,5,5,15,Champions
16875.0,63,9,2167.59,3,5,5,13,Champions
16877.0,11,6,853.72,4,4,3,11,Loyal
16878.0,24,2,26.6,4,3,1,8,Potential
16880.0,30,7,1519.08,4,5,4,13,Champions
16881.0,66,1,432.0,3,2,2,7,At Risk
16882.0,66,3,705.12,3,3,3,9,Potential
16883.0,186,2,276.73,1,3,2,6,At Risk
16884.0,37,2,429.84000000000003,3,3,2,8,Potential
16885.0,14,3,471.51,4,3,2,9,Potential
16887.0,34,1,194.88,3,2,1,6,At Risk
16889.0,194,3,1578.67,1,3,4,8,Potential
16891.0,1,5,809.7,5,4,3,12,Champions
16892.0,0,7,554.24,5,5,3,13,Champions
16893.0,366,1,145.93,1,2,1,4,Lost
16895.0,64,1,219.14,3,2,1,6,At Risk
16897.0,298,3,366.53000000000003,1,3,2,6,At Risk
16898.0,25,4,573.16,4,4,3,11,Loyal
16899.0,7,6,1281.56,5,4,4,13,Champions
16900.0,11,5,1586.53,4,4,4,12,Champions
16902.0,115,1,1706.88,2,2,4,8,Potential
16903.0,28,1,373.24,4,2,2,8,Potential
16904.0,3,16,3754.27,5,5,5,15,Champions
16905.0,4,8,3119.38,5,5,5,15,Champions
16906.0,81,4,579.77,2,4,3,9,Potential
16907.0,28,5,981.65,4,4,4,12,Champions
16909.0,63,2,394.14,3,3,2,8,Potential
16910.0,3,8,1510.06,5,5,4,14,Champions
16912.0,22,14,2622.09,4,5,5,14,Champions
16913.0,289,1,113.44,1,2,1,4,Lost
16914.0,35,1,208.46,3,2,1,6,At Risk
16915.0,8,6,621.6800000000001,5,4,3,12,Champions
16916.0,23,2,576.26,4,3,3,10,Loyal
16917.0,276,1,391.52,1,2,2,5,Lost
16918.0,49,7,1094.3,3,5,4,12,Champions
16919.0,155,11,2596.45,2,5,5,12,Champions
16921.0,60,1,169.79,3,2,1,6,At Risk
16923.0,11,26,7828.39,4,5,5,14,Champions
16924.0,20,4,954.0,4,4,3,11,Loyal
16926.0,370,1,230.25,1,2,1,4,Lost
16927.0,115,3,543.05,2,3,3,8,Potential
16928.0,79,19,2913.7,2,5,5,12,Champions
16929.0,3,7,1295.39,5,5,4,14,Champions
16930.0,25,3,380.55,4,3,2,9,Potential
16931.0,4,21,4604.22,5,5,5,15,Champions
16932.0,52,1,161.94,3,2,1,6,At Risk
16933.0,0,5,596.38,5,4,3,12,Champions
16934.0,54,2,950.9300000000001,3,3,3,9,Potential
16936.0,25,1,262.68,4,2,2,8,Potential
16938.0,8,5,3569.6300000000006,5,4,5,14,Champions
16940.0,51,3,3049.88,3,3,5,11,Loyal
16942.0,12,10,1947.07,4,5,4,13,Champions
16943.0,211,3,816.73,1,3,3,7,At Risk
16945.0,21,19,4345.5,4,5,5,14,Champions
16947.0,235,1,406.48,1,2,2,5,Lost
16948.0,138,3,435.02,2,3,2,7,At Risk
16949.0,3,7,1411.27,5,5,4,14,Champions
16950.0,56,3,1178.56,3,3,4,10,Loyal
16951.0,122,4,1292.75,2,4,4,10,Loyal
16952.0,108,2,167.61,2,3,1,6,At Risk
16953.0,29,1,20.8,4,2,1,7,At Risk
16954.0,0,9,2085.08,5,5,4,14,Champions
16955.0,184,5,543.67,1,4,3,8,Potential
16956.0,8,2,325.14,5,3,2,10,Loyal
16957.0,238,2,416.64,1,3,2,6,At Risk
16959.0,86,1,117.35000000000001,2,2,1,5,Lost
16960.0,38,3,507.05,3,3,3,9,Potential
16961.0,115,1,234.17,2,2,1,5,Lost
16963.0,186,1,110.55000000000001,1,2,1,4,Lost
16965.0,226,1,201.19,1,2,1,4,Lost
16966.0,7,10,2161.47,5,5,5,15,Champions
16967.0,188,1,319.02,1,2,2,5,Lost
16968.0,3,2,439.43,5,3,2,10,Loyal
16969.0,38,3,650.41,3,3,3,9,Potential
16971.0,2,2,482.21,5,3,2,10,Loyal
16976.0,266,1,251.51999999999998,1,2,2,5,Lost
16978.0,77,1,344.33,2,2,2,6,At Risk
16979.0,3,8,1894.95,5,5,4,14,Champions
16980.0,254,2,1078.96,1,3,4,8,Potential
16982.0,60,1,384.06,3,2,2,7,At Risk
16983.0,12,8,1942.3,4,5,4,13,Champions
16984.0,77,5,4570.28,2,4,5,11,Loyal
16985.0,16,11,5466.62,4,5,5,14,Champions
16986.0,29,2,1873.2,4,3,4,11,Loyal
16987.0,2,7,1625.05,5,5,4,14,Champions
16988.0,4,1,126.12,5,2,1,8,Potential
16989.0,6,6,1133.25,5,4,4,13,Champions
16990.0,218,1,179.0,1,2,1,4,Lost
16992.0,10,6,1626.76,5,4,4,13,Champions
16995.0,371,1,1.25,1,2,1,4,Lost
16996.0,29,9,1486.46,4,5,4,13,Champions
16997.0,287,3,702.0,1,3,3,7,At Risk
16998.0,149,6,302.98,2,4,2,8,Potential
16999.0,22,2,484.82,4,3,2,9,Potential
17001.0,0,11,3989.57,5,5,5,15,Champions
17002.0,72,4,1499.68,2,4,4,10,Loyal
17004.0,45,2,1412.94,3,3,4,10,Loyal
17006.0,4,4,781.78,5,4,3,12,Champions
17007.0,50,7,902.4300000000001,3,5,3,11,Loyal
17010.0,16,2,205.26000000000002,4,3,1,8,Potential
17011.0,29,1,270.9,4,2,2,8,Potential
17014.0,7,4,607.08,5,4,3,12,Champions
17015.0,28,3,1842.56,4,3,4,11,Loyal
17017.0,2,27,8814.41,5,5,5,15,Champions
17018.0,40,2,920.1,3,3,3,9,Potential
17019.0,10,4,1272.61,5,4,4,13,Champions
17022.0,30,1,71.0,4,2,1,7,At Risk
17024.0,44,3,95.85,3,3,1,7,At Risk
17025.0,60,3,357.77,3,3,2,8,Potential
17026.0,184,2,154.82999999999998,1,3,1,5,Lost
17027.0,78,7,931.99,2,5,3,10,Loyal
17029.0,110,2,716.0,2,3,3,8,Potential
17030.0,63,1,146.87,3,2,1,6,At Risk
17031.0,11,2,380.35,4,3,2,9,Potential
17033.0,85,3,1030.14,2,3,4,9,Potential
17034.0,15,4,756.47,4,4,3,11,Loyal
17035.0,245,3,478.73,1,3,2,6,At Risk
17037.0,77,2,1281.42,2,3,4,9,Potential
17038.0,29,1,112.4,4,2,1,7,At Risk
17040.0,137,1,449.73,2,2,2,6,At Risk
17041.0,26,4,1097.3700000000001,4,4,4,12,Champions
17042.0,2,5,1044.3799999999999,5,4,4,13,Champions
17043.0,31,4,1735.18,3,4,4,11,Loyal
17044.0,8,3,999.53,5,3,4,12,Champions
17045.0,112,3,339.44,2,3,2,7,At Risk
17046.0,156,1,642.02,2,2,3,7,At Risk
17047.0,84,3,1100.9,2,3,4,9,Potential
17048.0,114,6,986.38,2,4,4,10,Loyal
17049.0,2,11,5725.18,5,5,5,15,Champions
17050.0,95,6,3228.84,2,4,5,11,Loyal
17051.0,193,1,247.14000000000001,1,2,1,4,Lost
17052.0,27,1,413.75,4,2,2,8,Potential
17053.0,128,2,500.58,2,3,3,8,Potential
17054.0,27,6,1358.83,4,4,4,12,Champions
17058.0,81,3,1179.89,2,3,4,9,Potential
17059.0,29,5,3095.04,4,4,5,13,Champions
17060.0,265,1,234.24,1,2,1,4,Lost
17061.0,73,12,5348.33,2,5,5,12,Champions
17062.0,313,5,542.27,1,4,3,8,Potential
17063.0,8,11,1500.69,5,5,4,14,Champions
17064.0,58,3,859.35,3,3,3,9,Potential
17065.0,142,1,112.35,2,2,1,5,Lost
17068.0,11,22,4572.9400000000005,4,5,5,14,Champions
17069.0,27,13,2764.18,4,5,5,14,Champions
17070.0,113,1,312.14,2,2,2,6,At Risk
17071.0,8,14,2472.58,5,5,5,15,Champions
17073.0,17,4,1446.09,4,4,4,12,Champions
17075.0,17,5,854.47,4,4,3,11,Loyal
17076.0,35,3,841.0799999999999,3,3,3,9,Potential
17078.0,35,2,378.2,3,3,2,8,Potential
17079.0,77,1,118.80000000000001,2,2,1,5,Lost
17080.0,21,3,289.74,4,3,2,9,Potential
17081.0,24,2,290.16,4,3,2,9,Potential
17082.0,32,2,2003.85,3,3,4,10,Loyal
17083.0,108,3,1405.78,2,3,4,9,Potential
17084.0,34,2,2949.75,3,3,5,11,Loyal
17085.0,122,6,1578.25,2,4,4,10,Loyal
17086.0,6,6,2050.08,5,4,4,13,Champions
17088.0,27,4,1991.01,4,4,4,12,Champions
17090.0,3,8,2046.05,5,5,4,14,Champions
17091.0,2,10,3852.71,5,5,5,15,Champions
17092.0,49,4,1777.78,3,4,4,11,Loyal
17094.0,317,2,333.8,1,3,2,6,At Risk
17095.0,21,6,1560.12,4,4,4,12,Champions
17096.0,8,7,1051.58,5,5,4,14,Champions
17097.0,1,9,970.92,5,5,4,14,Champions
17100.0,17,2,971.74,4,3,4,11,Loyal
17101.0,9,4,1621.73,5,4,4,13,Champions
17102.0,261,1,25.5,1,2,1,4,Lost
17105.0,158,2,665.78,2,3,3,8,Potential
17107.0,32,7,11250.43,3,5,5,13,Champions
17109.0,28,8,900.4,4,5,3,12,Champions
17110.0,164,1,163.29999999999998,2,2,1,5,Lost
17111.0,46,1,248.61,3,2,2,7,At Risk
17114.0,5,10,870.02,5,5,3,13,Champions
17115.0,7,5,868.1,5,4,3,12,Champions
17117.0,287,1,116.19999999999999,1,2,1,4,Lost
17118.0,317,1,157.02,1,2,1,4,Lost
17119.0,2,3,620.21,5,3,3,11,Loyal
17120.0,232,1,307.46,1,2,2,5,Lost
17122.0,118,1,138.32,2,2,1,5,Lost
17123.0,161,1,345.29999999999995,2,2,2,6,At Risk
17124.0,184,1,298.89,1,2,2,5,Lost
17125.0,49,1,259.35,3,2,2,7,At Risk
17126.0,151,7,1017.65,2,5,4,11,Loyal
17128.0,334,1,157.09,1,2,1,4,Lost
17131.0,4,5,2463.17,5,4,5,14,Champions
17133.0,15,7,4892.240000000001,4,5,5,14,Champions
17134.0,106,2,425.0,2,3,2,7,At Risk
17135.0,15,7,1139.73,4,5,4,13,Champions
17138.0,275,1,380.5,1,2,2,5,Lost
17139.0,15,15,10751.37,4,5,5,14,Champions
17140.0,246,1,465.32,1,2,2,5,Lost
17142.0,238,1,579.0,1,2,3,6,At Risk
17144.0,0,2,984.57,5,3,4,12,Champions
17146.0,105,3,749.78,2,3,3,8,Potential
17147.0,22,6,1749.54,4,4,4,12,Champions
17148.0,51,1,124.88,3,2,1,6,At Risk
17152.0,194,4,1875.5,1,4,4,9,Potential
17153.0,23,1,213.78,4,2,1,7,At Risk
17154.0,74,1,329.34,2,2,2,6,At Risk
17155.0,17,2,251.70000000000002,4,3,2,9,Potential
17157.0,7,3,331.45,5,3,2,10,Loyal
17158.0,31,3,1266.97,3,3,4,10,Loyal
17159.0,21,4,1543.03,4,4,4,12,Champions
17160.0,30,6,3518.03,4,4,5,13,Champions
17162.0,28,11,1723.71,4,5,4,13,Champions
17163.0,21,2,293.1,4,3,2,9,Potential
17164.0,32,8,2468.3,3,5,5,13,Champions
17165.0,283,1,158.68,1,2,1,4,Lost
17166.0,38,3,223.19,3,3,1,7,At Risk
17169.0,49,4,854.68,3,4,3,10,Loyal
17171.0,288,1,224.91,1,2,1,4,Lost
17172.0,74,2,322.26,2,3,2,7,At Risk
17173.0,4,9,3777.55,5,5,5,15,Champions
17174.0,217,1,59.9,1,2,1,4,Lost
17175.0,43,5,1456.44,3,4,4,11,Loyal
17176.0,201,1,306.13,1,2,2,5,Lost
17179.0,177,3,711.79,2,3,3,8,Potential
17180.0,55,6,811.68,3,4,3,10,Loyal
17181.0,56,2,239.92000000000002,3,3,1,7,At Risk
17183.0,7,8,3407.71,5,5,5,15,Champions
17186.0,46,2,144.0,3,3,1,7,At Risk
17187.0,226,1,203.95,1,2,1,4,Lost
17188.0,10,9,2672.88,5,5,5,15,Champions
17189.0,105,2,384.40000000000003,2,3,2,7,At Risk
17190.0,58,3,639.74,3,3,3,9,Potential
17191.0,27,7,2095.13,4,5,4,13,Champions
17193.0,35,9,1724.14,3,5,4,12,Champions
17194.0,273,2,262.62,1,3,2,6,At Risk
17197.0,29,1,1013.01,4,2,4,10,Loyal
17198.0,23,3,692.22,4,3,3,10,Loyal
17201.0,53,1,342.63,3,2,2,7,At Risk
17203.0,35,6,3563.85,3,4,5,12,Champions
17204.0,168,9,1776.21,2,5,4,11,Loyal
17205.0,53,1,384.08,3,2,2,7,At Risk
17206.0,52,1,204.24,3,2,1,6,At Risk
17211.0,26,9,2334.77,4,5,5,14,Champions
17212.0,252,1,226.85,1,2,1,4,Lost
17213.0,39,11,2821.38,3,5,5,13,Champions
17214.0,59,7,1154.1200000000001,3,5,4,12,Champions
17217.0,233,1,113.5,1,2,1,4,Lost
17218.0,3,10,1960.72,5,5,4,14,Champions
17219.0,31,1,114.23,3,2,1,6,At Risk
17220.0,23,14,3198.25,4,5,5,14,Champions
17221.0,6,2,335.13,5,3,2,10,Loyal
17222.0,64,1,354.15,3,2,2,7,At Risk
17223.0,309,2,426.79,1,3,2,6,At Risk
17226.0,308,1,393.49,1,2,2,5,Lost
17227.0,18,6,939.32,4,4,3,11,Loyal
17228.0,15,8,1906.09,4,5,4,13,Champions
17229.0,95,2,318.76,2,3,2,7,At Risk
17230.0,263,11,3810.15,1,5,5,11,Loyal
17231.0,11,14,3220.82,4,5,5,14,Champions
17232.0,2,2,421.52,5,3,2,10,Loyal
17233.0,34,1,190.88,3,2,1,6,At Risk
17234.0,182,1,149.89000000000001,1,2,1,4,Lost
17235.0,24,2,550.06,4,3,3,10,Loyal
17236.0,12,6,916.13,4,4,3,11,Loyal
17237.0,10,2,314.69,5,3,2,10,Loyal
17238.0,2,17,3744.65,5,5,5,15,Champions
17239.0,312,2,385.05,1,3,2,6,At Risk
17242.0,107,2,1135.04,2,3,4,9,Potential
17243.0,0,30,8725.15,5,5,5,15,Champions
17244.0,52,1,954.9,3,2,3,8,Potential
17245.0,204,1,171.45,1,2,1,4,Lost
17247.0,14,1,282.19,4,2,2,8,Potential
17248.0,119,1,318.65,2,2,2,6,At Risk
17250.0,3,2,384.52,5,3,2,10,Loyal
17251.0,362,1,283.28000000000003,1,2,2,5,Lost
17252.0,116,2,353.86,2,3,2,7,At Risk
17253.0,17,1,178.26,4,2,1,7,At Risk
17254.0,4,2,272.44,5,3,2,10,Loyal
17255.0,40,2,298.41,3,3,2,8,Potential
17256.0,106,2,240.0,2,3,1,6,At Risk
17259.0,147,2,603.37,2,3,3,8,Potential
17262.0,51,5,1253.3600000000001,3,4,4,11,Loyal
17263.0,207,1,63.440000000000005,1,2,1,4,Lost
17265.0,138,2,562.9,2,3,3,8,Potential
17266.0,1,3,310.64,5,3,2,10,Loyal
17267.0,126,2,317.62,2,3,2,7,At Risk
17268.0,107,4,763.64,2,4,3,9,Potential
17272.0,41,5,2152.73,3,4,5,12,Champions
17274.0,34,1,111.97999999999999,3,2,1,6,At Risk
17277.0,227,2,1065.3500000000001,1,3,4,8,Potential
17278.0,240,1,246.04,1,2,1,4,Lost
17279.0,57,1,187.82999999999998,3,2,1,6,At Risk
17282.0,129,3,1703.41,2,3,4,9,Potential
17284.0,59,7,1663.48,3,5,4,12,Champions
17286.0,21,1,153.92,4,2,1,7,At Risk
17287.0,25,7,1064.11,4,5,4,13,Champions
17288.0,8,7,1419.73,5,5,4,14,Champions
17289.0,31,4,952.66,3,4,3,10,Loyal
17290.0,3,2,525.24,5,3,3,11,Loyal
17291.0,307,1,550.8000000000001,1,2,3,6,At Risk
17293.0,7,9,1875.1100000000001,5,5,4,14,Champions
17295.0,28,3,556.95,4,3,3,10,Loyal
17297.0,16,1,131.78,4,2,1,7,At Risk
17298.0,100,2,498.42,2,3,3,8,Potential
17299.0,11,4,669.11,4,4,3,11,Loyal
17301.0,20,1,197.63,4,2,1,7,At Risk
17302.0,14,6,1151.33,4,4,4,12,Champions
17303.0,360,1,250.04,1,2,2,5,Lost
17306.0,10,21,8661.89,5,5,5,15,Champions
17307.0,364,1,152.64000000000001,1,2,1,4,Lost
17309.0,94,1,82.75,2,2,1,5,Lost
17311.0,77,2,1384.85,2,3,4,9,Potential
17312.0,138,3,644.3,2,3,3,8,Potential
17313.0,17,2,2369.55,4,3,5,12,Champions
17314.0,24,11,2541.08,4,5,5,14,Champions
17315.0,0,43,6380.06,5,5,5,15,Champions
17317.0,45,5,2676.66,3,4,5,12,Champions
17320.0,99,3,1200.6200000000001,2,3,4,9,Potential
17321.0,7,2,700.86,5,3,3,11,Loyal
17323.0,14,9,933.15,4,5,3,12,Champions
17324.0,17,4,990.23,4,4,4,12,Champions
17325.0,279,1,96.8,1,2,1,4,Lost
17329.0,13,2,523.11,4,3,3,10,Loyal
17330.0,22,2,363.9,4,3,2,9,Potential
17331.0,123,1,175.2,2,2,1,5,Lost
17333.0,85,1,494.25,2,2,2,6,At Risk
17334.0,300,3,307.44,1,3,2,6,At Risk
17337.0,150,7,2111.42,2,5,5,12,Champions
17338.0,16,10,6675.68,4,5,5,14,Champions
17339.0,93,2,243.36,2,3,1,6,At Risk
17340.0,8,16,12815.4,5,5,5,15,Champions
17341.0,156,3,781.36,2,3,3,8,Potential
17343.0,354,1,193.64,1,2,1,4,Lost
17344.0,45,1,160.57,3,2,1,6,At Risk
17345.0,14,4,537.74,4,4,3,11,Loyal
17346.0,3,16,2741.54,5,5,5,15,Champions
17347.0,85,1,228.96,2,2,1,5,Lost
17348.0,14,5,1159.52,4,4,4,12,Champions
17349.0,178,1,110.75,1,2,1,4,Lost
17350.0,7,5,1315.95,5,4,4,13,Champions
17351.0,35,3,587.15,3,3,3,9,Potential
17353.0,128,2,1740.0,2,3,4,9,Potential
17354.0,50,1,1393.06,3,2,4,9,Potential
17356.0,311,1,178.22,1,2,1,4,Lost
17357.0,23,2,388.14,4,3,2,9,Potential
17358.0,302,2,365.85,1,3,2,6,At Risk
17359.0,10,1,127.86,5,2,1,8,Potential
17360.0,16,3,585.79,4,3,3,10,Loyal
17361.0,48,3,488.2,3,3,2,8,Potential
17362.0,238,2,312.23,1,3,2,6,At Risk
17364.0,0,12,4506.63,5,5,5,15,Champions
17365.0,12,8,4801.56,4,5,5,14,Champions
17367.0,237,1,168.4,1,2,1,4,Lost
17368.0,22,9,2475.82,4,5,5,14,Champions
17370.0,72,4,446.18,2,4,2,8,Potential
17371.0,16,3,423.89,4,3,2,9,Potential
17372.0,40,8,1342.68,3,5,4,12,Champions
17373.0,39,4,646.92,3,4,3,10,Loyal
17374.0,218,2,495.77,1,3,2,6,At Risk
17375.0,189,4,427.7,1,4,2,7,At Risk
17376.0,70,2,203.2,2,3,1,6,At Risk
17377.0,23,21,4275.92,4,5,5,14,Champions
17379.0,10,1,404.66,5,2,2,9,Potential
17381.0,8,30,20278.79,5,5,5,15,Champions
17382.0,64,1,65.4,3,2,1,6,At Risk
17383.0,3,1,199.29,5,2,1,8,Potential
17384.0,18,2,336.4,4,3,2,9,Potential
17385.0,14,1,261.11,4,2,2,8,Potential
17386.0,7,6,2686.42,5,4,5,14,Champions
17387.0,19,2,784.11,4,3,3,10,Loyal
17388.0,77,4,1259.56,2,4,4,10,Loyal
17389.0,0,43,32367.28,5,5,5,15,Champions
17391.0,163,2,508.8,2,3,3,8,Potential
17392.0,306,2,457.91,1,3,2,6,At Risk
17394.0,218,1,203.86999999999998,1,2,1,4,Lost
17396.0,38,8,7330.8,3,5,5,13,Champions
17397.0,21,2,696.41,4,3,3,10,Loyal
17398.0,114,3,653.38,2,3,3,8,Potential
17400.0,125,5,2129.96,2,4,5,11,Loyal
17402.0,4,13,2633.85,5,5,5,15,Champions
17403.0,35,1,281.62,3,2,2,7,At Risk
17404.0,3,18,33512.82,5,5,5,15,Champions
17405.0,0,5,1095.6000000000001,5,4,4,13,Champions
17406.0,329,5,2472.12,1,4,5,10,Loyal
17408.0,162,1,32.65,2,2,1,5,Lost
17409.0,184,2,771.85,1,3,3,7,At Risk
17410.0,15,5,1214.72,4,4,4,12,Champions
17411.0,11,4,808.94,4,4,3,11,Loyal
17412.0,2,7,1258.06,5,5,4,14,Champions
17414.0,43,2,778.0,3,3,3,9,Potential
17415.0,79,1,507.84,2,2,3,7,At Risk
17416.0,29,9,6948.5,4,5,5,14,Champions
17418.0,41,2,463.46000000000004,3,3,2,8,Potential
17419.0,10,14,4252.17,5,5,5,15,Champions
17420.0,49,3,598.83,3,3,3,9,Potential
17422.0,15,10,2105.61,4,5,5,14,Champions
17423.0,44,4,733.19,3,4,3,10,Loyal
17425.0,18,2,759.17,4,3,3,10,Loyal
17426.0,3,7,5052.26,5,5,5,15,Champions
17427.0,71,1,100.8,2,2,1,5,Lost
17428.0,0,33,17435.25,5,5,5,15,Champions
17429.0,120,4,537.72,2,4,3,9,Potential
17430.0,32,2,265.76,3,3,2,8,Potential
17431.0,312,1,403.3,1,2,2,5,Lost
17432.0,17,2,365.76,4,3,2,9,Potential
17433.0,87,1,303.15999999999997,2,2,2,6,At Risk
17434.0,1,9,2414.2200000000003,5,5,5,15,Champions
17436.0,1,2,216.29999999999998,5,3,1,9,Potential
17438.0,246,2,398.6,1,3,2,6,At Risk
17440.0,147,5,195.74,2,4,1,7,At Risk
17442.0,28,10,2286.86,4,5,5,14,Champions
17443.0,219,1,534.24,1,2,3,6,At Risk
17444.0,147,3,2940.04,2,3,5,10,Loyal
17446.0,176,2,120.9,2,3,1,6,At Risk
17447.0,39,2,541.53,3,3,3,9,Potential
17448.0,144,1,4287.63,2,2,5,9,Potential
17449.0,1,8,2536.86,5,5,5,15,Champions
17450.0,7,55,201619.41,5,5,5,15,Champions
17451.0,0,10,1793.8500000000001,5,5,4,14,Champions
17453.0,17,2,486.71999999999997,4,3,2,9,Potential
17454.0,191,4,517.53,1,4,3,8,Potential
17455.0,203,1,131.7,1,2,1,4,Lost
17456.0,364,1,249.86,1,2,2,5,Lost
17457.0,126,5,1737.7,2,4,4,10,Loyal
17458.0,14,1,316.5,4,2,2,8,Potential
17459.0,42,2,657.3,3,3,3,9,Potential
17460.0,78,8,792.23,2,5,3,10,Loyal
17461.0,22,3,757.46,4,3,3,10,Loyal
17462.0,50,3,688.44,3,3,3,9,Potential
17463.0,15,6,1911.46,4,4,4,12,Champions
17464.0,157,1,289.96000000000004,2,2,2,6,At Risk
17466.0,9,2,763.28,5,3,3,11,Loyal
17468.0,9,2,137.0,5,3,1,9,Potential
17469.0,15,6,1898.88,4,4,4,12,Champions
17470.0,44,5,1125.07,3,4,4,11,Loyal
17472.0,190,3,710.29,1,3,3,7,At Risk
17475.0,78,1,194.37,2,2,1,5,Lost
17480.0,73,2,517.13,2,3,3,8,Potential
17481.0,3,5,1261.84,5,4,4,13,Champions
17483.0,64,3,414.04,3,3,2,8,Potential
17486.0,260,1,396.87,1,2,2,5,Lost
17489.0,58,2,376.64,3,3,2,8,Potential
17490.0,0,11,2257.7599999999998,5,5,5,15,Champions
17491.0,0,11,3575.82,5,5,5,15,Champions
17492.0,247,1,374.57,1,2,2,5,Lost
17495.0,7,2,497.56,5,3,3,11,Loyal
17496.0,358,1,271.05,1,2,2,5,Lost
17498.0,75,1,272.22,2,2,2,6,At Risk
17499.0,289,1,622.88,1,2,3,6,At Risk
17500.0,16,3,1138.0,4,3,4,11,Loyal
17501.0,220,2,288.6,1,3,2,6,At Risk
17502.0,8,4,689.1,5,4,3,12,Champions
17503.0,2,2,558.96,5,3,3,11,Loyal
17504.0,205,10,3248.7799999999997,1,5,5,11,Loyal
17505.0,161,2,1145.84,2,3,4,9,Potential
17506.0,69,2,310.11,3,3,2,8,Potential
17507.0,261,2,605.58,1,3,3,7,At Risk
17508.0,280,1,387.31,1,2,2,5,Lost
17509.0,57,11,6129.54,3,5,5,13,Champions
17510.0,24,1,308.48,4,2,2,8,Potential
17511.0,2,46,93999.38,5,5,5,15,Champions
17512.0,28,11,2929.94,4,5,5,14,Champions
17513.0,71,1,513.2,2,2,3,7,At Risk
17514.0,127,1,208.65,2,2,1,5,Lost
17515.0,30,4,639.02,4,4,3,11,Loyal
17516.0,14,5,768.08,4,4,3,11,Loyal
17517.0,308,1,153.94,1,2,1,4,Lost
17519.0,16,7,1848.97,4,5,4,13,Champions
17520.0,53,1,546.81,3,2,3,8,Potential
17521.0,23,4,724.4599999999999,4,4,3,11,Loyal
17522.0,1,5,1070.71,5,4,4,13,Champions
17523.0,10,4,652.74,5,4,3,12,Champions
17524.0,360,1,145.0,1,2,1,4,Lost
17525.0,359,1,422.70000000000005,1,2,2,5,Lost
17526.0,0,8,1685.1,5,5,4,14,Champions
17527.0,53,6,989.88,3,4,4,11,Loyal
17528.0,0,11,3716.9,5,5,5,15,Champions
17530.0,0,10,2385.0,5,5,5,15,Champions
17531.0,120,2,299.95,2,3,2,7,At Risk
17534.0,53,1,223.36,3,2,1,6,At Risk
17535.0,279,1,164.4,1,2,1,4,Lost
17536.0,176,1,76.5,2,2,1,5,Lost
17537.0,29,2,897.62,4,3,3,10,Loyal
17538.0,25,1,98.42,4,2,1,7,At Risk
17540.0,8,3,587.4,5,3,3,11,Loyal
17542.0,269,1,170.75,1,2,1,4,Lost
17545.0,42,3,645.96,3,3,3,9,Potential
17547.0,371,1,11.8,1,2,1,4,Lost
17548.0,217,3,348.08,1,3,2,6,At Risk
17549.0,23,2,148.86,4,3,1,8,Potential
17550.0,196,3,267.16,1,3,2,6,At Risk
17551.0,358,1,306.84,1,2,2,5,Lost
17552.0,42,6,950.86,3,4,3,10,Loyal
17553.0,129,1,1487.6,2,2,4,8,Potential
17554.0,0,5,1952.45,5,4,4,13,Champions
17555.0,19,2,483.26,4,3,2,9,Potential
17556.0,205,1,157.9,1,2,1,4,Lost
17557.0,13,3,541.46,4,3,3,10,Loyal
17560.0,94,5,865.35,2,4,3,9,Potential
17561.0,18,1,167.62,4,2,1,7,At Risk
17562.0,13,8,1137.38,4,5,4,13,Champions
17564.0,23,3,454.01,4,3,2,9,Potential
17566.0,7,2,901.21,5,3,3,11,Loyal
17567.0,6,10,4650.4,5,5,5,15,Champions
17569.0,331,1,344.14,1,2,2,5,Lost
17571.0,49,4,1498.51,3,4,4,11,Loyal
17572.0,70,4,226.75000000000003,2,4,1,7,At Risk
17573.0,28,4,398.3,4,4,2,10,Loyal
17574.0,242,1,185.65,1,2,1,4,Lost
17576.0,7,22,3787.58,5,5,5,15,Champions
17578.0,190,2,162.18,1,3,1,5,Lost
17579.0,4,4,457.6,5,4,2,11,Loyal
17580.0,252,3,215.72,1,3,1,5,Lost
17581.0,0,31,11353.97,5,5,5,15,Champions
17582.0,235,1,175.27,1,2,1,4,Lost
17584.0,6,3,1257.3,5,3,4,12,Champions
17585.0,108,4,1133.07,2,4,4,10,Loyal
17588.0,99,3,1240.2,2,3,4,9,Potential
17589.0,59,4,2404.17,3,4,5,12,Champions
17590.0,1,3,1479.22,5,3,4,12,Champions
17591.0,72,8,2236.92,2,5,5,12,Champions
17593.0,3,6,3943.12,5,4,5,14,Champions
17594.0,84,2,993.18,2,3,4,9,Potential
17595.0,11,2,388.79,4,3,2,9,Potential
17596.0,22,7,2827.93,4,5,5,14,Champions
17597.0,213,1,2044.3700000000001,1,2,4,7,At Risk
17600.0,17,1,161.67000000000002,4,2,1,7,At Risk
17601.0,238,1,116.00999999999999,1,2,1,4,Lost
17602.0,1,8,5155.17,5,5,5,15,Champions
17603.0,49,5,1954.74,3,4,4,11,Loyal
17604.0,216,2,309.36,1,3,2,6,At Risk
17608.0,32,2,193.42,3,3,1,7,At Risk
17609.0,40,6,1120.52,3,4,4,11,Loyal
17611.0,3,19,4020.57,5,5,5,15,Champions
17612.0,52,10,2104.14,3,5,5,13,Champions
17613.0,22,17,4608.93,4,5,5,14,Champions
17614.0,56,1,390.07,3,2,2,7,At Risk
17615.0,129,3,329.6,2,3,2,7,At Risk
17616.0,173,3,571.1999999999999,2,3,3,8,Potential
17618.0,5,3,971.58,5,3,4,12,Champions
17619.0,311,1,218.52,1,2,1,4,Lost
17620.0,59,1,81.44,3,2,1,6,At Risk
17621.0,20,4,1423.7,4,4,4,12,Champions
17623.0,32,1,527.0500000000001,3,2,3,8,Potential
17624.0,14,2,843.48,4,3,3,10,Loyal
17625.0,17,4,2047.0,4,4,4,12,Champions
17628.0,80,1,75.75,2,2,1,5,Lost
17629.0,5,9,1844.12,5,5,4,14,Champions
17630.0,169,2,503.59999999999997,2,3,3,8,Potential
17631.0,1,3,528.33,5,3,3,11,Loyal
17633.0,30,6,1407.34,4,4,4,12,Champions
17634.0,35,9,2361.9700000000003,3,5,5,13,Champions
17636.0,8,2,305.19,5,3,2,10,Loyal
17637.0,30,2,547.0600000000001,4,3,3,10,Loyal
17639.0,275,1,108.5,1,2,1,4,Lost
17640.0,86,1,621.66,2,2,3,7,At Risk
17642.0,119,2,712.29,2,3,3,8,Potential
17643.0,372,1,101.55,1,2,1,4,Lost
17644.0,0,17,3022.3,5,5,5,15,Champions
17646.0,218,4,1021.12,1,4,4,9,Potential
17647.0,64,1,133.06,3,2,1,6,At Risk
17648.0,60,5,1805.45,3,4,4,11,Loyal
17649.0,134,2,875.24,2,3,3,8,Potential
17650.0,20,1,166.08,4,2,1,7,At Risk
17651.0,11,14,4003.33,4,5,5,14,Champions
17652.0,24,18,4998.31,4,5,5,14,Champions
17653.0,28,5,1239.24,4,4,4,12,Champions
17654.0,276,1,117.55,1,2,1,4,Lost
17655.0,10,8,2706.14,5,5,5,15,Champions
17656.0,72,5,1674.69,2,4,4,10,Loyal
17658.0,10,3,704.96,5,3,3,11,Loyal
17659.0,3,14,3044.17,5,5,5,15,Champions
17660.0,140,1,196.0,2,2,1,5,Lost
17663.0,25,9,1817.55,4,5,4,13,Champions
17664.0,18,2,604.64,4,3,3,10,Loyal
17666.0,3,2,728.16,5,3,3,11,Loyal
17667.0,65,5,2075.31,3,4,4,11,Loyal
17668.0,0,2,347.75,5,3,2,10,Loyal
17669.0,42,7,3406.7200000000003,3,5,5,13,Champions
17670.0,227,1,205.7,1,2,1,4,Lost
17671.0,15,6,1861.34,4,4,4,12,Champions
17672.0,43,4,3249.7200000000003,3,4,5,12,Champions
17673.0,0,7,1636.02,5,5,4,14,Champions
17674.0,73,2,551.04,2,3,3,8,Potential
17675.0,0,41,20650.46,5,5,5,15,Champions
17676.0,3,7,1392.0900000000001,5,5,4,14,Champions
17677.0,1,43,16507.24,5,5,5,15,Champions
17678.0,263,1,298.11,1,2,2,5,Lost
17679.0,52,2,1992.1100000000001,3,3,4,10,Loyal
17680.0,23,1,184.4,4,2,1,7,At Risk
17682.0,9,7,2489.33,5,5,5,15,Champions
17684.0,43,1,239.41,3,2,1,6,At Risk
17685.0,16,7,3191.53,4,5,5,14,Champions
17686.0,6,7,5739.46,5,5,5,15,Champions
17690.0,29,16,4767.45,4,5,5,14,Champions
17691.0,357,2,290.40000000000003,1,3,2,6,At Risk
17692.0,126,5,748.4399999999999,2,4,3,9,Potential
17693.0,135,3,213.92,2,3,1,6,At Risk
17694.0,141,1,283.12,2,2,2,6,At Risk
17695.0,131,2,765.34,2,3,3,8,Potential
17696.0,37,14,2370.37,3,5,5,13,Champions
17697.0,235,1,338.95,1,2,2,5,Lost
17698.0,260,1,154.95,1,2,1,4,Lost
17700.0,16,6,2560.39,4,4,5,13,Champions
17701.0,252,1,417.95,1,2,2,5,Lost
17702.0,29,6,1929.02,4,4,4,12,Champions
17703.0,34,3,798.74,3,3,3,9,Potential
17704.0,168,2,885.19,2,3,3,8,Potential
17705.0,2,10,1865.92,5,5,4,14,Champions
17706.0,3,22,10911.61,5,5,5,15,Champions
17707.0,184,2,152.4,1,3,1,5,Lost
17708.0,187,2,267.08,1,3,2,6,At Risk
17709.0,169,1,137.45,2,2,1,5,Lost
17711.0,10,2,385.1,5,3,2,10,Loyal
17712.0,44,1,522.91,3,2,3,8,Potential
17714.0,320,1,153.0,1,2,1,4,Lost
17715.0,200,1,326.4,1,2,2,5,Lost
17716.0,22,12,5806.19,4,5,5,14,Champions
17718.0,231,1,139.35,1,2,1,4,Lost
17719.0,37,18,5424.28,3,5,5,13,Champions
17720.0,25,4,1195.94,4,4,4,12,Champions
17722.0,95,6,2467.44,2,4,5,11,Loyal
17723.0,126,6,3276.4000000000005,2,4,5,11,Loyal
17724.0,57,4,1070.3500000000001,3,4,4,11,Loyal
17725.0,15,14,3507.0299999999997,4,5,5,14,Champions
17727.0,8,2,1077.95,5,3,4,12,Champions
17728.0,3,5,3236.34,5,4,5,14,Champions
17730.0,2,15,5308.13,5,5,5,15,Champions
17731.0,78,5,1602.02,2,4,4,10,Loyal
17732.0,372,1,303.97,1,2,2,5,Lost
17733.0,38,2,692.19,3,3,3,9,Potential
17734.0,53,3,700.63,3,3,3,9,Potential
17735.0,1,19,13110.02,5,5,5,15,Champions
17736.0,8,4,417.39,5,4,2,11,Loyal
17737.0,8,2,168.24,5,3,1,9,Potential
17738.0,18,5,1894.75,4,4,4,12,Champions
17739.0,11,8,2796.65,4,5,5,14,Champions
17742.0,112,2,355.11,2,3,2,7,At Risk
17744.0,3,7,2353.72,5,5,5,15,Champions
17746.0,234,2,121.7,1,3,1,5,Lost
17747.0,99,2,78.15,2,3,1,6,At Risk
17749.0,177,2,674.52,2,3,3,8,Potential
17750.0,4,9,1797.57,5,5,4,14,Champions
17752.0,358,1,80.64,1,2,1,4,Lost
17754.0,0,6,1804.6,5,4,4,13,Champions
17757.0,0,31,5625.09,5,5,5,15,Champions
17758.0,18,8,3456.7000000000003,4,5,5,14,Champions
17759.0,16,3,834.99,4,3,3,10,Loyal
17760.0,21,2,287.59,4,3,2,9,Potential
17761.0,32,1,712.78,3,2,3,8,Potential
17763.0,262,1,15.0,1,2,1,4,Lost
17764.0,50,2,818.8199999999999,3,3,3,9,Potential
17765.0,158,3,371.88,2,3,2,7,At Risk
17767.0,14,1,271.2,4,2,2,8,Potential
17768.0,7,3,2273.1800000000003,5,3,5,13,Champions
17769.0,12,12,4035.33,4,5,5,14,Champions
17770.0,198,5,1143.27,1,4,4,9,Potential
17771.0,56,2,245.81,3,3,1,7,At Risk
17772.0,10,2,182.77,5,3,1,9,Potential
17774.0,96,5,1235.36,2,4,4,10,Loyal
17775.0,254,1,56.4,1,2,1,4,Lost
17777.0,24,3,665.86,4,3,3,10,Loyal
17779.0,20,5,674.97,4,4,3,11,Loyal
17781.0,158,2,188.02,2,3,1,6,At Risk
17783.0,71,2,283.47,2,3,2,7,At Risk
17785.0,52,1,131.94,3,2,1,6,At Risk
17786.0,84,2,278.74,2,3,2,7,At Risk
17787.0,152,4,1865.19,2,4,4,10,Loyal
17788.0,73,2,1117.9,2,3,4,9,Potential
17789.0,280,1,225.9,1,2,1,4,Lost
17790.0,26,14,1965.55,4,5,4,13,Champions
17791.0,29,1,106.1,4,2,1,7,At Risk
17793.0,24,1,323.04,4,2,2,8,Potential
17795.0,179,2,350.39,1,3,2,6,At Risk
17796.0,39,4,697.9,3,4,3,10,Loyal
17797.0,21,3,780.43,4,3,3,10,Loyal
17799.0,21,11,3085.7799999999997,4,5,5,14,Champions
17800.0,36,9,1199.01,3,5,4,12,Champions
17802.0,81,4,1318.24,2,4,4,10,Loyal
17805.0,73,1,512.31,2,2,3,7,At Risk
17806.0,10,1,546.04,5,2,3,10,Loyal
17809.0,15,15,6196.2,4,5,5,14,Champions
17811.0,3,51,7997.75,5,5,5,15,Champions
17812.0,12,4,732.16,4,4,3,11,Loyal
17813.0,13,7,1827.16,4,5,4,13,Champions
17816.0,36,4,36.56,3,4,1,8,Potential
17817.0,3,3,387.68,5,3,2,10,Loyal
17819.0,71,8,3748.6699999999996,2,5,5,12,Champions
17820.0,190,2,24.05,1,3,1,5,Lost
17824.0,50,1,298.4,3,2,2,7,At Risk
17827.0,4,5,1995.46,5,4,4,13,Champions
17828.0,8,9,2040.21,5,5,4,14,Champions
17829.0,298,1,889.24,1,2,3,6,At Risk
17830.0,1,3,398.7,5,3,2,10,Loyal
17831.0,32,1,35.400000000000006,3,2,1,6,At Risk
17832.0,49,1,155.37,3,2,1,6,At Risk
17835.0,2,3,350.64,5,3,2,10,Loyal
17836.0,46,1,110.21000000000001,3,2,1,6,At Risk
17837.0,41,10,1626.23,3,5,4,12,Champions
17838.0,26,6,3245.9,4,4,5,13,Champions
17839.0,41,1,338.8,3,2,2,7,At Risk
17841.0,1,169,41642.36,5,5,5,15,Champions
17843.0,302,1,205.48,1,2,1,4,Lost
17844.0,106,1,51.559999999999995,2,2,1,5,Lost
17846.0,84,1,2033.1,2,2,4,8,Potential
17848.0,80,9,901.1999999999999,2,5,3,10,Loyal
17849.0,217,4,605.8000000000001,1,4,3,8,Potential
17850.0,301,35,5493.79,1,5,5,11,Loyal
17852.0,11,2,114.34,4,3,1,8,Potential
17854.0,184,2,311.26,1,3,2,6,At Risk
17855.0,372,1,208.97,1,2,1,4,Lost
17856.0,1,6,1442.27,5,4,4,13,Champions
17857.0,2,25,26994.74,5,5,5,15,Champions
17858.0,5,12,5155.66,5,5,5,15,Champions
17859.0,304,1,148.21,1,2,1,4,Lost
17860.0,368,1,252.8,1,2,2,5,Lost
17861.0,2,9,2142.4,5,5,5,15,Champions
17862.0,323,1,330.9,1,2,2,5,Lost
17863.0,58,6,3160.0,3,4,5,12,Champions
17864.0,12,3,597.5,4,3,3,10,Loyal
17865.0,30,27,10894.1,4,5,5,14,Champions
17866.0,142,2,333.6,2,3,2,7,At Risk
17867.0,29,8,1771.45,4,5,4,13,Champions
17869.0,106,5,428.18,2,4,2,8,Potential
17870.0,1,13,1899.3,5,5,4,14,Champions
17871.0,204,1,155.9,1,2,1,4,Lost
17873.0,79,6,1953.96,2,4,4,10,Loyal
17874.0,184,7,708.66,1,5,3,9,Potential
17877.0,169,1,237.61,2,2,1,5,Lost
17878.0,43,1,379.45,3,2,2,7,At Risk
17879.0,173,1,178.51999999999998,2,2,1,5,Lost
17880.0,364,1,458.92,1,2,2,5,Lost
17881.0,303,1,133.35000000000002,1,2,1,4,Lost
17883.0,2,4,671.77,5,4,3,12,Champions
17884.0,3,4,717.45,5,4,3,12,Champions
17885.0,11,1,190.19,4,2,1,7,At Risk
17886.0,31,3,899.61,3,3,3,9,Potential
17887.0,128,1,111.35,2,2,1,5,Lost
17888.0,18,10,926.32,4,5,3,12,Champions
17889.0,211,2,203.87,1,3,1,5,Lost
17890.0,322,2,602.09,1,3,3,7,At Risk
17891.0,161,1,203.85999999999999,2,2,1,5,Lost
17892.0,55,3,244.1,3,3,1,7,At Risk
17893.0,224,1,112.25,1,2,1,4,Lost
17894.0,71,8,1119.81,2,5,4,11,Loyal
17895.0,43,1,98.0,3,2,1,6,At Risk
17896.0,22,1,256.32,4,2,2,8,Potential
17897.0,172,4,592.1,2,4,3,9,Potential
17898.0,84,2,152.06,2,3,1,6,At Risk
17899.0,158,1,155.8,2,2,1,5,Lost
17900.0,164,4,209.39999999999998,2,4,1,7,At Risk
17901.0,28,1,110.38,4,2,1,7,At Risk
17904.0,20,2,204.42,4,3,1,8,Potential
17905.0,70,4,800.24,2,4,3,9,Potential
17906.0,246,1,72.9,1,2,1,4,Lost
17908.0,373,1,243.28,1,2,1,4,Lost
17911.0,8,1,366.23,5,2,2,9,Potential
17912.0,309,6,326.41,1,4,2,7,At Risk
17913.0,58,2,411.6,3,3,2,8,Potential
17914.0,3,1,336.43,5,2,2,9,Potential
17917.0,44,3,341.28,3,3,2,8,Potential
17919.0,87,1,1304.04,2,2,4,8,Potential
17920.0,3,17,4204.1,5,5,5,15,Champions
17921.0,63,4,826.52,3,4,3,10,Loyal
17923.0,281,1,207.50000000000003,1,2,1,4,Lost
17924.0,0,13,3030.67,5,5,5,15,Champions
17925.0,372,1,244.08,1,2,1,4,Lost
17926.0,132,2,397.29,2,3,2,7,At Risk
17928.0,44,2,212.54,3,3,1,7,At Risk
17929.0,10,5,851.5,5,4,3,12,Champions
17930.0,35,5,1740.48,3,4,4,11,Loyal
17931.0,133,2,408.36,2,3,2,7,At Risk
17932.0,28,3,1331.57,4,3,4,11,Loyal
17934.0,51,2,704.25,3,3,3,9,Potential
17935.0,137,2,145.79,2,3,1,6,At Risk
17936.0,4,1,389.84,5,2,2,9,Potential
17937.0,8,7,4301.22,5,5,5,15,Champions
17939.0,159,1,99.14,2,2,1,5,Lost
17940.0,48,14,6229.3,3,5,5,13,Champions
17941.0,130,1,304.56,2,2,2,6,At Risk
17942.0,7,1,77.50000000000001,5,2,1,8,Potential
17946.0,232,2,149.57999999999998,1,3,1,5,Lost
17947.0,36,1,176.68,3,2,1,6,At Risk
17948.0,146,1,358.56000000000006,2,2,2,6,At Risk
17949.0,0,52,64270.12,5,5,5,15,Champions
17950.0,71,4,492.28000000000003,2,4,2,8,Potential
17951.0,39,4,1026.24,3,4,4,11,Loyal
17954.0,4,16,2370.07,5,5,5,15,Champions
17955.0,198,4,557.3,1,4,3,8,Potential
17956.0,248,1,12.75,1,2,1,4,Lost
17957.0,65,1,111.68,3,2,1,6,At Risk
17958.0,116,1,508.4599999999999,2,2,3,7,At Risk
17960.0,170,1,73.78,2,2,1,5,Lost
17961.0,20,39,1296.44,4,5,4,13,Champions
17962.0,141,1,102.83,2,2,1,5,Lost
17964.0,31,2,471.7,3,3,2,8,Potential
17965.0,37,14,2622.57,3,5,5,13,Champions
17966.0,37,5,1098.43,3,4,4,11,Loyal
17967.0,371,1,123.07,1,2,1,4,Lost
17968.0,373,1,277.35,1,2,2,5,Lost
17969.0,165,2,228.2,2,3,1,6,At Risk
17970.0,210,1,582.59,1,2,3,6,At Risk
17972.0,241,1,136.04,1,2,1,4,Lost
17973.0,51,1,337.04,3,2,2,7,At Risk
17974.0,24,3,740.79,4,3,3,10,Loyal
17975.0,14,14,4584.01,4,5,5,14,Champions
17976.0,371,1,353.19,1,2,2,5,Lost
17977.0,28,1,288.14,4,2,2,8,Potential
17978.0,364,1,300.91999999999996,1,2,2,5,Lost
17979.0,35,5,777.61,3,4,3,10,Loyal
17980.0,165,3,811.45,2,3,3,8,Potential
17984.0,144,1,152.68,2,2,1,5,Lost
17985.0,21,1,634.95,4,2,3,9,Potential
17986.0,55,1,20.8,3,2,1,6,At Risk
17987.0,184,1,198.57,1,2,1,4,Lost
17988.0,11,8,211.07,4,5,1,10,Loyal
17990.0,236,3,630.84,1,3,3,7,At Risk
17991.0,224,2,93.35,1,3,1,5,Lost
17994.0,121,6,727.29,2,4,3,9,Potential
17995.0,281,1,76.1,1,2,1,4,Lost
17997.0,73,12,2430.04,2,5,5,12,Champions
17999.0,36,2,382.06,3,3,2,8,Potential
18001.0,11,2,417.23,4,3,2,9,Potential
18004.0,361,1,169.47,1,2,1,4,Lost
18005.0,3,2,249.72,5,3,2,10,Loyal
18006.0,22,1,444.68,4,2,2,8,Potential
18008.0,69,9,2116.19,3,5,5,13,Champions
18009.0,234,2,262.44,1,3,2,6,At Risk
18010.0,256,1,174.8,1,2,1,4,Lost
18011.0,372,1,102.78999999999999,1,2,1,4,Lost
18013.0,154,2,187.29,2,3,1,6,At Risk
18014.0,27,1,166.42,4,2,1,7,At Risk
18015.0,3,1,120.03,5,2,1,8,Potential
18016.0,31,5,1483.56,3,4,4,11,Loyal
18017.0,80,3,523.0,2,3,3,8,Potential
18018.0,107,2,122.14,2,3,1,6,At Risk
18019.0,51,1,38.45,3,2,1,6,At Risk
18022.0,35,1,668.11,3,2,3,8,Potential
18024.0,152,3,542.78,2,3,3,8,Potential
18027.0,98,1,115.31,2,2,1,5,Lost
18030.0,3,3,240.6,5,3,1,9,Potential
18032.0,333,1,73.5,1,2,1,4,Lost
18033.0,64,1,97.97,3,2,1,6,At Risk
18034.0,21,2,422.88,4,3,2,9,Potential
18035.0,35,3,730.4,3,3,3,9,Potential
18036.0,31,3,405.62,3,3,2,8,Potential
18037.0,153,6,70.02,2,4,1,7,At Risk
18040.0,18,2,357.20000000000005,4,3,2,9,Potential
18041.0,11,22,4205.64,4,5,5,14,Champions
18042.0,53,1,165.04999999999998,3,2,1,6,At Risk
18043.0,24,3,559.51,4,3,3,10,Loyal
18044.0,3,11,2091.55,5,5,4,14,Champions
18045.0,44,1,189.4,3,2,1,6,At Risk
18048.0,202,2,172.29000000000002,1,3,1,5,Lost
18050.0,358,1,74.4,1,2,1,4,Lost
18053.0,65,2,302.96999999999997,3,3,2,8,Potential
18055.0,6,11,6816.24,5,5,5,15,Champions
18056.0,287,1,363.65,1,2,2,5,Lost
18058.0,9,1,170.16,5,2,1,8,Potential
18059.0,8,4,318.15999999999997,5,4,2,11,Loyal
18061.0,21,10,2119.41,4,5,5,14,Champions
18062.0,172,3,720.52,2,3,3,8,Potential
18064.0,132,2,814.0,2,3,3,8,Potential
18065.0,5,15,2405.58,5,5,5,15,Champions
18066.0,74,1,318.0,2,2,2,6,At Risk
18067.0,39,1,396.33,3,2,2,7,At Risk
18068.0,288,1,101.69999999999999,1,2,1,4,Lost
18069.0,25,7,2051.52,4,5,4,13,Champions
18071.0,257,2,453.0,1,3,2,6,At Risk
18072.0,154,2,494.88,2,3,2,7,At Risk
18073.0,113,13,3890.6000000000004,2,5,5,12,Champions
18074.0,373,1,489.6,1,2,2,5,Lost
18075.0,22,14,2684.78,4,5,5,14,Champions
18077.0,7,11,2633.0099999999998,5,5,5,15,Champions
18078.0,216,2,336.13,1,3,2,6,At Risk
18079.0,44,4,3651.97,3,4,5,12,Champions
18080.0,18,2,1231.5,4,3,4,11,Loyal
18081.0,35,3,343.45,3,3,2,8,Potential
18082.0,25,1,703.37,4,2,3,9,Potential
18084.0,15,2,93.42999999999999,4,3,1,8,Potential
18085.0,329,2,689.95,1,3,3,7,At Risk
18086.0,273,1,101.34,1,2,1,4,Lost
18087.0,97,4,4341.32,2,4,5,11,Loyal
18088.0,60,1,167.67000000000002,3,2,1,6,At Risk
18092.0,1,12,9070.76,5,5,5,15,Champions
18093.0,92,5,2129.62,2,4,5,11,Loyal
18094.0,81,7,3017.3,2,5,5,12,Champions
18095.0,312,2,580.0500000000001,1,3,3,7,At Risk
18096.0,11,3,911.15,4,3,3,10,Loyal
18097.0,7,7,2702.75,5,5,5,15,Champions
18099.0,126,1,168.31,2,2,1,5,Lost
18101.0,10,2,223.65,4,3,1,8,Potential
18102.0,0,62,262876.11,5,5,5,15,Champions
18104.0,36,1,754.64,3,2,3,8,Potential
18105.0,37,1,113.48000000000002,3,2,1,6,At Risk
18106.0,329,1,430.7,1,2,2,5,Lost
18108.0,248,2,277.35,1,3,2,6,At Risk
18109.0,1,31,8180.62,5,5,5,15,Champions
18110.0,18,2,266.55,4,3,2,9,Potential
18112.0,11,2,352.69,4,3,2,9,Potential
18113.0,368,1,76.32000000000001,1,2,1,4,Lost
18114.0,289,1,220.1,1,2,1,4,Lost
18116.0,67,8,1418.03,3,5,4,12,Champions
18117.0,25,1,320.72,4,2,2,8,Potential
18118.0,10,31,5711.87,4,5,5,14,Champions
18119.0,367,1,181.12,1,2,1,4,Lost
18120.0,213,1,111.15,1,2,1,4,Lost
18121.0,148,2,673.1,2,3,3,8,Potential
18122.0,7,6,1826.21,5,4,4,13,Champions
18123.0,23,2,589.4399999999999,4,3,3,10,Loyal
18125.0,29,5,1144.6399999999999,4,4,4,12,Champions
18126.0,60,1,206.82999999999998,3,2,1,6,At Risk
18127.0,18,3,348.73,4,3,2,9,Potential
18129.0,242,1,112.55000000000001,1,2,1,4,Lost
18130.0,8,4,1073.04,5,4,4,13,Champions
18133.0,210,2,1147.5,1,3,4,8,Potential
18135.0,28,5,681.9100000000001,4,4,3,11,Loyal
18136.0,62,4,806.83,3,4,3,10,Loyal
18138.0,294,1,152.65,1,2,1,4,Lost
18139.0,16,8,8483.46,4,5,5,14,Champions
18141.0,360,1,35.400000000000006,1,2,1,4,Lost
18142.0,150,4,1024.14,2,4,4,10,Loyal
18143.0,116,2,1000.16,2,3,4,9,Potential
18144.0,7,12,2888.75,5,5,5,15,Champions
18145.0,12,4,2861.55,4,4,5,13,Champions
18146.0,140,2,160.35000000000002,2,3,1,6,At Risk
18147.0,45,2,179.33999999999997,3,3,1,7,At Risk
18149.0,50,3,612.0799999999999,3,3,3,9,Potential
18150.0,31,3,566.58,3,3,3,9,Potential
18151.0,134,2,653.35,2,3,3,8,Potential
18154.0,2,2,399.19,5,3,2,10,Loyal
18155.0,74,4,395.42,2,4,2,8,Potential
18156.0,12,2,734.94,4,3,3,10,Loyal
18158.0,8,3,455.05,5,3,2,10,Loyal
18159.0,300,1,530.15,1,2,3,6,At Risk
18160.0,56,2,638.0600000000001,3,3,3,9,Potential
18161.0,9,6,1624.59,5,4,4,13,Champions
18164.0,30,2,404.6,4,3,2,9,Potential
18165.0,176,1,302.46000000000004,2,2,2,6,At Risk
18167.0,3,6,1414.21,5,4,4,13,Champions
18168.0,175,9,1206.24,2,5,4,11,Loyal
18169.0,60,1,202.65,3,2,1,6,At Risk
18170.0,32,3,980.31,3,3,4,10,Loyal
18171.0,58,7,1254.1100000000001,3,5,4,12,Champions
18172.0,14,25,7633.19,4,5,5,14,Champions
18173.0,86,4,2106.84,2,4,5,11,Loyal
18174.0,6,1,104.0,5,2,1,8,Potential
18176.0,353,2,504.05,1,3,3,7,At Risk
18177.0,30,7,1368.67,4,5,4,13,Champions
18178.0,113,6,1608.21,2,4,4,10,Loyal
18179.0,8,6,1793.17,5,4,4,13,Champions
18180.0,4,6,1843.75,5,4,4,13,Champions
18181.0,23,1,382.8,4,2,2,8,Potential
18183.0,217,6,663.62,1,4,3,8,Potential
18184.0,14,1,49.8,4,2,1,7,At Risk
18185.0,248,1,304.25,1,2,2,5,Lost
18188.0,14,4,2003.5900000000001,4,4,4,12,Champions
18189.0,77,3,1096.14,2,3,4,9,Potential
18190.0,191,3,294.41,1,3,2,6,At Risk
18191.0,261,1,207.79999999999998,1,2,1,4,Lost
18192.0,71,1,957.97,2,2,3,7,At Risk
18193.0,150,3,274.56,2,3,2,7,At Risk
18194.0,63,2,1051.68,3,3,4,10,Loyal
18196.0,94,2,689.13,2,3,3,8,Potential
18198.0,3,21,5768.06,5,5,5,15,Champions
18200.0,105,1,163.8,2,2,1,5,Lost
18202.0,199,3,1396.99,1,3,4,8,Potential
18203.0,156,1,160.42000000000002,2,2,1,5,Lost
18204.0,70,4,2008.1,2,4,4,10,Loyal
18205.0,35,2,517.36,3,3,3,9,Potential
18209.0,28,1,139.10000000000002,4,2,1,7,At Risk
18210.0,1,6,2621.38,5,4,5,14,Champions
18211.0,25,5,600.07,4,4,3,11,Loyal
18212.0,325,1,248.42,1,2,1,4,Lost
18213.0,236,1,232.48000000000002,1,2,1,4,Lost
18215.0,88,1,299.34000000000003,2,2,2,6,At Risk
18216.0,30,1,481.75,4,2,2,8,Potential
18217.0,28,2,621.75,4,3,3,10,Loyal
18218.0,205,4,697.78,1,4,3,8,Potential
18219.0,2,11,2119.77,5,5,5,15,Champions
18220.0,219,2,312.78000000000003,1,3,2,6,At Risk
18221.0,21,6,1049.91,4,4,4,12,Champions
18222.0,92,1,443.0,2,2,2,6,At Risk
18223.0,1,27,6653.85,5,5,5,15,Champions
18224.0,263,1,158.95000000000002,1,2,1,4,Lost
18225.0,2,17,5657.22,5,5,5,15,Champions
18226.0,38,14,5264.0,3,5,5,13,Champions
18227.0,217,1,93.75,1,2,1,4,Lost
18228.0,49,3,790.6,3,3,3,9,Potential
18229.0,11,20,7276.900000000001,4,5,5,14,Champions
18230.0,8,10,2903.8,5,5,5,15,Champions
18231.0,191,6,2100.37,1,4,5,10,Loyal
18232.0,81,5,603.47,2,4,3,9,Potential
18233.0,325,1,440.0,1,2,2,5,Lost
18235.0,71,3,1796.48,2,3,4,9,Potential
18236.0,29,6,882.24,4,4,3,11,Loyal
18237.0,2,5,987.1,5,4,4,13,Champions
18239.0,218,5,1561.6100000000001,1,4,4,9,Potential
18240.0,45,1,422.58,3,2,2,7,At Risk
18241.0,9,18,2088.09,5,5,4,14,Champions
18242.0,71,4,2232.4900000000002,2,4,5,11,Loyal
18245.0,6,8,2626.56,5,5,5,15,Champions
18246.0,23,2,596.1,4,3,3,10,Loyal
18248.0,113,4,825.02,2,4,3,9,Potential
18249.0,16,1,95.34,4,2,1,7,At Risk
18250.0,300,2,355.62,1,3,2,6,At Risk
18251.0,86,1,4314.72,2,2,5,9,Potential
18252.0,50,2,526.67,3,3,3,9,Potential
18255.0,88,1,103.3,2,2,1,5,Lost
18256.0,354,1,50.1,1,2,1,4,Lost
18257.0,38,12,2409.88,3,5,5,13,Champions
18259.0,24,3,2338.6000000000004,4,3,5,12,Champions
18260.0,172,8,2691.4,2,5,5,12,Champions
18261.0,42,2,324.24,3,3,2,8,Potential
18262.0,139,1,149.48,2,2,1,5,Lost
18263.0,22,4,1215.24,4,4,4,12,Champions
18265.0,71,2,801.51,2,3,3,8,Potential
18268.0,133,2,51.0,2,3,1,6,At Risk
18269.0,357,2,198.3,1,3,1,5,Lost
18270.0,37,3,327.35,3,3,2,8,Potential
18272.0,2,7,3092.38,5,5,5,15,Champions
18273.0,1,3,204.0,5,3,1,9,Potential
18274.0,17,2,351.84,4,3,2,9,Potential
18276.0,20,3,348.36,4,3,2,9,Potential
18277.0,57,2,123.13,3,3,1,7,At Risk
18278.0,73,1,173.9,2,2,1,5,Lost
18280.0,277,1,180.60000000000002,1,2,1,4,Lost
18281.0,180,1,80.82,1,2,1,4,Lost
18282.0,7,3,179.5,5,3,1,9,Potential
18283.0,3,16,2094.88,5,5,4,14,Champions
18287.0,42,3,1837.28,3,3,4,10,Loyal
